game,army,line,t,objective,primary,secondary,pressure,claim,eco,mass,energy,factories,intel,doctrine,focus,weights,ready,slots,reason,landloss,airloss,airdrop,alert,momentum,tiers,forward,exp,eng,engtier,cover,engpolicy,mex,defcover,mexloss,basespan,mexplace,engsurvival,scout,scoutorders,scouts,scoutfraction,dispatch,held,directed,assist,acuassist,mexgate,techgate,combatctl,combatdetail,combatconc,combatdefence,combatunkeyed,combatdeathrepeats,army_census,watch_t,watch_acu,watch_def,watch_mex,watch_eng,watch_units,watch_enemy,watch_store
27843831,3,1188,9,Pressure,Pressure/0,none/0,idle,0/0,Opening,0.1,2.0,1/2,0,Balanced,Army,"A=60,T2=30,T3=0,X=0,N=0",0.01,0,field-pressure,0/0,0/0,None,no/0.0/0.00/none/0/0,0/0/stable,"L1,A1,N1",0/idle/no-idle-engineer,Assault:url0402/0/0,1/12/0,0/0/0,0/0,0/45,0/118,0/0/0,0/0,1/7/111,0/0/0,0/0/0/0/0/0,36/35/0,0/0,0,0.176/0.180,"L0,A0,W0,M0,H0",0/0/0,0/0,0/0/0,0,expanding/0,"Lnone/none,Anone/none,Nnone/none","pool:0/0/0/0,directed:0/0/0/0,nativeLand:0/0/0/0,nativeAir:0/0/0/0,nativeNaval:0/0/0/0,unassigned:0/0/0/0",0/0,0/0/0,0/0/0/0/0,0,0,0/0/0,9,building/0/100,"pd0/0/0,aa0/0/0,tmd0,sh0,tml0,arty0",0/0/0,0/0,0/0/0/0,0/0/0/0,0.97/0.96
27843831,4,1193,9,JointAttack,JointAttack/0,none/0,idle,0/0,Opening,0.1,2.0,1/2,0,Balanced,Army,"A=60,T2=30,T3=0,X=0,N=0",0.01,0,field-pressure,0/0,0/0,None,no/0.0/0.00/none/0/0,0/0/stable,"L1,A1,N1",0/idle/no-idle-engineer,Assault:ual0401/0/0,1/12/0,0/0/0,0/0,0/45,0/118,0/0/0,0/0,1/7/111,0/0/0,0/0/0/0/0/0,36/35/0,0/0,0,0.176/0.180,"L0,A0,W0,M0,H0",0/0/0,0/0,0/0/0,0,expanding/0,"Lnone/none,Anone/none,Nnone/none","pool:0/0/0/0,directed:0/0/0/0,nativeLand:0/0/0/0,nativeAir:0/0/0/0,nativeNaval:0/0/0/0,unassigned:0/0/0/0",0/0,0/0/0,0/0/0/0/0,0,0,0/0/0,9,building/0/100,"pd0/0/0,aa0/0/0,tmd0,sh0,tml0,arty0",0/0/0,0/0,0/0/0/0,0/0/0/0,0.97/0.96
27843831,3,1208,69,Pressure,Pressure/0,none/0,idle,0/0,Opening,0.7,4.0,1/2,0,Balanced,Army,"A=60,T2=0,T3=0,X=0,N=0",0.01,0,field-pressure,0/0,0/0,None,no/0.0/0.00/none/0/0,0/0/stable,"L1,A1,N1",0/idle/no-idle-engineer,Assault:url0402/0/0,3/12/0,2/0/0,0/0,0/45,3/118,0/0/0,0/0,1/7/111,2/2/2,0/0/0/0/0/0,36/35/0,0/0,0,0.140/0.140,"L0,A0,W0,M0,H0",0/0/0,0/0,1/7/2,0,expanding/0,"Lfocus/focus,Afocus/focus,Ndomain/domain","pool:0/0/0/0,directed:0/0/0/0,nativeLand:0/0/0/0,nativeAir:0/0/0/0,nativeNaval:0/0/0/0,unassigned:0/0/0/0",0/0,0/0/0,0/0/0/0/0,0,0,0/0/0,69,building/0/100,"pd0/0/0,aa0/0/0,tmd0,sh0,tml0,arty0",3/0/0,1/3,0/0/0/0,0/0/0/0,0.31/0.22
27843831,4,1213,69,JointAttack,JointAttack/0,none/0,idle,0/0,Opening,0.7,4.0,1/2,0,Balanced,Army,"A=60,T2=0,T3=0,X=0,N=0",0.01,0,field-pressure,0/0,0/0,None,no/0.0/0.00/none/0/0,0/0/stable,"L1,A1,N1",0/idle/no-idle-engineer,Assault:ual0401/0/0,3/12/0,2/0/0,0/0,0/45,3/118,0/0/0,0/0,1/7/111,1/1/1,0/0/0/0/0/0,36/35/0,0/0,0,0.140/0.140,"L0,A0,W0,M0,H0",0/0/0,0/0,1/5/2,0,expanding/0,"Lfocus/focus,Afocus/focus,Ndomain/domain","pool:0/0/0/0,directed:0/0/0/0,nativeLand:0/0/0/0,nativeAir:0/0/0/0,nativeNaval:0/0/0/0,unassigned:0/0/0/0",0/0,0/0/0,0/0/0/0/0,0,0,0/0/0,69,building/0/100,"pd0/0/0,aa0/0/0,tmd0,sh0,tml0,arty0",3/0/0,1/3,0/0/0/0,0/0/0/0,0.31/0.22
27843831,3,1236,129,Pressure,Pressure/0,none/0,idle,0/0,Opening,1.3,16.0,1/2,0,Balanced,Army,"A=60,T2=0,T3=0,X=0,N=0",0.16,0,field-pressure,0/0,0/0,None,no/0.0/0.00/none/0/0,0/0/stable,"L1,A1,N1",0/idle/stall-risk,Assault:url0402/0/0,6/12/0,5/0/0,0/0,0/45,6/118,0/0/0,0/0,1/7/111,16/16/16,0/0/0/0/0/0,36/35/0,0/0,0,0.120/0.120,"L0,A0,W0,M0,H0",0/0/0,0/0,0/8/3,0,stall-risk/0,"Lfocus/focus,Afocus/focus,Ndomain/domain","pool:0/0/0/0,directed:0/0/0/0,nativeLand:0/0/0/0,nativeAir:0/0/0/0,nativeNaval:0/0/0/0,unassigned:0/0/0/0",0/0,0/0/0,0/0/0/0/0,0,0,0/0/0,129,moving/16/100,"pd0/0/0,aa0/0/0,tmd0,sh0,tml0,arty0",6/0/0,2/5,0/0/0/0,0/0/0/0,0.23/0.02
27843831,4,1241,129,JointAttack,JointAttack/0,none/0,idle,0/0,Opening,1.3,16.0,2/2,0,Balanced,Army,"A=60,T2=0,T3=0,X=0,N=0",0.02,0,field-pressure,0/0,0/0,None,no/0.0/0.00/none/0/0,0/0/stable,"L1,A1,N1",0/idle/low-energy-storage,Assault:ual0401/0/0,6/12/0,5/0/0,0/0,0/45,6/118,0/0/0,0/0,1/7/111,16/16/16,0/0/0/0/0/0,36/35/0,1/0,1,0.120/0.120,"L0,A0,W0,M0,H0",0/0/0,0/0,0/7/4,0,expanding/0,"Lfocus/focus,Afocus/focus,Ndomain/domain","pool:0/0/0/0,directed:0/0/0/0,nativeLand:0/0/0/0,nativeAir:0/0/0/0,nativeNaval:0/0/0/0,unassigned:0/0/0/0",0/0,0/0/0,0/0/0/0/0,0,0,0/0/0,129,building/16/100,"pd0/0/0,aa0/0/0,tmd0,sh0,tml0,arty0",6/0/0,2/6,0/0/0/0,0/0/0/0,0.23/0.09
27843831,3,1266,189,Pressure,Pressure/0,none/0,idle,0/0,Opening,1.3,22.0,3/2,0,Balanced,Army,"A=60,T2=0,T3=0,X=0,N=0",0.05,0,field-pressure,0/0,0/0,None,no/0.0/0.00/none/0/0,0/0/stable,"L1,A1,N1",0/idle/low-mass-storage,Assault:url0402/0/0,8/12/0,7/0/0,0/0,0/45,6/118,0/0/0,0/0,1/7/111,88/88/88,0/0/0/0/0/0,36/33/0,3/0,2,0.080/0.080,"L0,A0,W0,M0,H0",0/0/0,0/0,2/13/4,0,expanding/0,"Lfocus/focus,Afocus/focus,Ndomain/domain","pool:0/0/0/0,directed:0/0/0/0,nativeLand:0/0/0/0,nativeAir:0/0/0/0,nativeNaval:0/0/0/0,unassigned:0/0/0/0",0/0,0/0/0,0/0/0/0/0,0,0,0/0/0,189,building/8/100,"pd0/0/0,aa0/0/0,tmd0,sh0,tml0,arty0",6/0/0,4/9,0/0/0/0,0/0/0/0,0.00/0.08
27843831,4,1271,189,JointAttack,JointAttack/0,none/0,idle,0/0,Opening,1.3,30.0,2/2,0,Balanced,Army,"A=60,T2=0,T3=0,X=0,N=0",0.11,0,field-pressure,0/0,0/0,None,no/0.0/0.00/none/0/0,0/0/stable,"L1,A1,N1",0/idle/low-mass-income,Assault:ual0401/0/0,9/12/0,8/0/0,0/0,0/45,6/118,0/0/0,0/0,2/14/104,117/117/117,0/0/0/0/0/0,36/35/0,1/0,1,0.080/0.080,"L0,A0,W0,M0,H0",0/0/0,0/0,1/9/4,0,expanding/0,"Lfocus/focus,Afocus/focus,Ndomain/domain","pool:0/0/0/0,directed:0/0/0/0,nativeLand:0/0/0/0,nativeAir:0/0/0/0,nativeNaval:0/0/0/0,unassigned:0/0/0/0",0/0,0/0/0,0/0/0/0/0,0,0,1/0/0,189,building/16/100,"pd0/0/0,aa0/0/0,tmd0,sh0,tml0,arty0",6/0/0,3/9,0/0/0/0,0/0/0/0,0.15/0.31
27843831,3,1318,249,Raid,Raid/0,none/0,idle,0/0,Balanced,6.3,34.0,4/2,27,Balanced,Army,"A=60,T2=0,T3=0,X=0,N=0",0.39,0,field-pressure,0/0,0/0,TransportActive,no/0.0/0.00/none/0/0,0/0/stable,"L1,A1,N1",0/idle/negative-mass-trend,Assault:url0402/0/0,12/12/0,11/0/0,0/0,0/45,6/118,0/0/0,0/0,3/20/98,289/289/289,4/0/0/0/0/0,36/28/0,6/0,3,0.151/0.180,"L0,A0,W0,M0,H0",0/0/0,0/0,0/17/7,0,expanding/0,"Lfocus/focus,Afocus/focus,Ndomain/domain","pool:0/0/0/0,directed:0/0/0/0,nativeLand:0/0/0/0,nativeAir:0/0/0/0,nativeNaval:0/0/0/0,unassigned:1/56/1/0",0/0,56/56/1,0/0/0/0/0,0,0,1/1/1,249,building/8/100,"pd0/0/0,aa0/0/0,tmd0,sh0,tml0,arty0",6/0/0,9/12,0/0/0/0,0/0/0/0,0.16/1.00
27843831,4,1323,249,JointAttack,JointAttack/0,none/0,idle,0/0,Balanced,1.5,44.0,2/2,0,Balanced,Army,"A=60,T2=0,T3=0,X=0,N=0",0.19,0,field-pressure,0/0,0/0,None,no/0.0/0.00/none/0/0,8/0/stable,"L1,A1,N1",0/idle/negative-mass-trend,Assault:ual0401/0/0,12/12/0,11/0/0,0/0,0/45,7/118,0/0/0,0/0,3/20/98,156/156/156,0/0/0/0/0/0,36/33/0,4/0,2,0.050/0.050,"L0,A0,W0,M0,H0",0/0/0,0/0,0/9/5,0,expanding/0,"Lfocus/focus,Afocus/focus,Ndomain/domain","pool:2/86/1/0,directed:0/0/0/0,nativeLand:0/0/0/0,nativeAir:0/0/0/0,nativeNaval:0/0/0/0,unassigned:1/54/1/0",0/0,140/140/2,0/0/0/0/0,0,0,3/3/3,249,assisting/5/100,"pd0/0/0,aa0/0/0,tmd0,sh0,tml0,arty0",7/0/0,3/11,2/0/0/0,0/0/0/0,0.25/1.00
27843831,3,1385,309,Raid,Raid/0,none/0,idle,0/0,Balanced,1.3,40.0,4/8,34,Balanced,Army,"A=60,T2=0,T3=0,X=0,N=0",0.09,0,field-pressure,0/0,0/0,TransportActive,no/0.0/0.00/none/0/0,0/0/stable,"L1,A1,N1",0/idle/low-mass-storage,Assault:url0402/0/0,16/12/0,15/0/0,0/0,0/45,6/118,0/0/0,0/0,5/21/97,527/527/527,5/5/0/0/1/1,36/27/0,11/0,4,0.148/0.180,"L0,A0,W0,M0,H0",1/0/0,1/1,0/30/13,3,expanding/0,"Lfocus/focus,Afocus/focus,Ndomain/domain","pool:1/50/1/0,directed:3/127/0/0,nativeLand:2/112/0/0,nativeAir:0/0/0/0,nativeNaval:0/0/0/0,unassigned:2/71/2/0",1/1,233/360/3,0/0/0/0/0,0,0,7/3/2,309,repairing/8/100,"pd0/0/0,aa0/0/0,tmd0,sh0,tml0,arty0",6/0/0,7/15,6/0/0/0,0/0/0/0,0.00/1.00
27843831,4,1390,309,JointAttack,JointAttack/0,none/0,idle,0/0,Balanced,2.3,46.0,2/3,43,Balanced,Army,"A=60,T2=0,T3=0,X=0,N=0",0.34,0,field-pressure,0/0,0/0,TransportActive,no/0.0/0.00/none/0/0,100/0/stable,"L1,A1,N1",0/idle/stall-risk,Assault:ual0401/0/0,11/12/1,10/0/0,0/0,0/45,9/118,0/0/0,0/0,3/13/105,187/187/187,0/0/0/1/1/2,36/27/0,7/1,2,0.148/0.180,"L0,A0,W0,M0,H0",0/0/0,0/0,0/9/5,2,stall-risk/0,"Lfocus/focus,Afocus/focus,Ndomain/domain","pool:4/178/3/0,directed:0/0/0/0,nativeLand:2/108/0/0,nativeAir:0/0/0/0,nativeNaval:0/0/0/0,unassigned:0/0/0/0",0/0,232/286/4,0/0/0/0/0,0,0,7/3/3,309,idle/8/100,"pd0/0/0,aa0/0/0,tmd0,sh0,tml0,arty0",8/1/0,2/11,5/0/0/0,0/0/0/0,0.02/1.00
27843831,3,1441,369,Raid,Raid/0,none/0,idle,0/0,Balanced,1.5,40.0,4/9,44,Balanced,Army,"A=60,T2=0,T3=0,X=0,N=0",0.04,0,field-pressure,0/0,0/0,TransportActive,no/0.0/0.00/none/0/0,88/0/stable,"L1,A1,N1",0/idle/low-mass-storage,Assault:url0402/0/0,16/12/0,15/0/0,0/0,0/45,7/118,0/0/0,0/0,5/20/98,688/688/688,5/5/0/0/1/1,36/26/0,13/0,1,0.144/0.180,"L0,A0,W0,M0,H0",6/0/0,1/3,0/33/16,4,expanding/0,"Lfocus/focus,Afocus/focus,Ndomain/domain","pool:8/378/5/0,directed:3/127/0/0,nativeLand:4/182/0/0,nativeAir:0/0/0/0,nativeNaval:0/0/0/0,unassigned:0/0/0/0",1/1,454/687/6,0/0/0/0/0,0,0,13/8/2,369,repairing/8/100,"pd0/0/0,aa0/0/0,tmd0,sh0,tml0,arty0",7/0/0,4/15,12/0/0/0,0/0/0/0,0.03/1.00
27843831,4,1446,369,JointAttack,JointAttack/0,none/0,idle,0/0,Balanced,3.1,46.5,4/4,43,Balanced,Army,"A=60,T2=0,T3=0,X=0,N=0",0.23,0,field-pressure,0/0,0/0,TransportActive,no/0.0/0.00/none/0/0,92/0/stable,"L2,A1,N1",0/idle/negative-mass-trend,Assault:ual0401/0/0,12/12/1,11/0/0,0/0,0/45,13/118,0/0/0,0/0,4/21/97,190/190/190,0/0/0/1/1/2,36/26/0,8/1,2,0.144/0.180,"L0,A0,W0,M0,H0",0/0/0,0/0,0/10/6,3,expanding/0,"Lmass/focus,Afocus/focus,Ndomain/domain","pool:4/178/4/0,directed:0/0/0/0,nativeLand:2/108/0/0,nativeAir:0/0/0/0,nativeNaval:0/0/0/0,unassigned:0/0/0/0",0/0,178/286/4,0/0/0/0/0,0,0,8/4/4,369,building/10/100,"pd0/0/0,aa0/0/0,tmd0,sh0,tml0,arty0",12/1/0,3/12,6/0/0/0,0/0/0/0,0.13/1.00
27843831,3,1506,429,Raid,Raid/0,none/0,idle,0/0,Balanced,2.3,46.0,4/4,66,Balanced,Army,"A=60,T2=0,T3=0,X=0,N=0",0.12,0,field-pressure,0/0,0/0,TransportActive,no/0.0/0.00/none/0/0,88/0/stable,"L1,A1,N1",0/idle/low-mass-storage,Assault:url0402/0/0,16/12/0,15/0/0,0/0,0/45,9/118,0/0/0,0/0,5/26/92,719/719/719,5/5/0/0/1/1,36/25/1,16/0,3,0.140/0.140,"L0,A0,W0,M0,H0",6/0/2,3/5,0/33/16,6,expanding/1,"Lfocus/focus,Afocus/focus,Ndomain/domain","pool:8/412/5/0,directed:9/403/0/0,nativeLand:6/294/1/0,nativeAir:0/0/0/0,nativeNaval:0/0/0/0,unassigned:0/0/0/0",3/3,422/1109/9,0/0/0/0/0,0,0,23/8/0,429,repairing/7/100,"pd0/0/0,aa0/0/0,tmd0,sh0,tml0,arty0",8/1/0,3/16,22/0/0/0,0/0/0/0,0.00/1.00
27843831,4,1513,429,JointAttack,JointAttack/0,none/0,idle,0/0,Balanced,4.5,46.5,5/6,48,Balanced,Army,"A=60,T2=0,T3=0,X=0,N=0",0.26,0,field-pressure,0/0,0/0,TransportActive,no/0.0/0.00/none/0/0,8/0/stable,"L2,A1,N1",1/building/construction-active,Assault:ual0401/0/0,16/12/0,15/0/0,1/2,0/45,18/118,1/0/0,0/0,6/21/97,194/194/194,0/0/0/1/1/2,36/25/1,10/1,2,0.140/0.180,"L0,A0,W0,M0,H0",0/2/0,2/2,0/10/6,4,expanding/0,"Lenergy/focus,Afocus/focus,Ndomain/domain","pool:2/100/2/0,directed:6/258/0/0,nativeLand:2/108/0/0,nativeAir:0/0/0/0,nativeNaval:0/0/0/0,unassigned:1/180/1/0",2/2,424/646/8,0/0/0/0/0,0,0,12/5/3,429,repairing/12/100,"pd0/0/0,aa0/0/0,tmd0,sh0,tml0,arty0",16/2/0,3/16,10/0/0/0,0/0/0/0,0.27/1.00
27843831,3,1567,489,Raid,Raid/0,none/0,idle,0/0,Balanced,6.6,55.0,4/4,69,Balanced,Army,"A=60,T2=0,T3=0,X=0,N=0",0.57,0,field-pressure,0/0,6/300,TransportActive,no/0.0/0.00/none/0/0,300/0/losing,"L1,A1,N1",1/building/construction-active,Assault:url0402/0/0,17/12/0,16/0/0,1/2,0/45,13/118,0/0/0,0/0,6/29/89,726/726/726,5/5/0/0/1/0,36/22/0,18/0,4,0.129/0.160,"L0,A0,W0,M0,H0",2/2/0,3/8,0/33/16,7,expanding/1,"Lfocus/focus,Afocus/focus,Ndomain/domain","pool:3/136/1/300,directed:9/403/0/0,nativeLand:10/518/5/0,nativeAir:0/0/0/0,nativeNaval:0/0/0/0,unassigned:3/168/2/0",3/3,738/1225/9,0/0/0/0/0,0,0,25/6/2,489,assisting/21/100,"pd0/0/0,aa0/0/0,tmd0,sh0,tml0,arty0",11/2/0,2/17,23/0/0/0,0/0/0/0,0.37/1.00
27843831,4,1574,489,JointAttack,JointAttack/0,none/0,idle,0/0,Balanced,5.5,58.5,6/7,25,Balanced,Army,"A=60,T2=0,T3=0,X=0,N=0",0.53,0,field-pressure,0/0,0/0,TransportActive,no/0.0/0.00/none/0/0,48/0/stable,"L2,A2,N1",1/building/construction-active,Assault:ual0401/0/0,20/12/0,19/0/0,1/2,0/45,21/118,1/0/0,0/0,5/21/97,201/201/201,0/0/0/1/1/0,36/26/0,12/1,3,0.144/0.180,"L0,A0,W0,M0,H0",0/2/0,2/6,0/12/7,5,expanding/0,"Lenergy/focus,Aenergy/focus,Ndomain/domain","pool:7/740/6/0,directed:6/258/0/0,nativeLand:2/108/0/0,nativeAir:0/0/0/0,nativeNaval:0/0/0/0,unassigned:0/0/0/0",2/2,560/1106/8,0/0/0/0/0,0,0,15/7/5,489,building/12/100,"pd0/0/0,aa1/0/0,tmd0,sh0,tml0,arty0",18/3/0,2/19,11/2/0/0,0/0/0/0,0.26/1.00
27843831,3,1632,549,Raid,Raid/0,none/0,idle,0/0,Balanced,5.1,63.0,8/7,98,Balanced,Army,"A=60,T2=60,T3=0,X=0,N=0",0.17,0,field-pressure,0/0,8/400,TransportActive,no/0.0/0.00/none/0/0,612/0/losing,"L2,A1,N1",1/idle/cooldown,Assault:url0402/0/0,18/12/1,17/0/0,0/0,0/45,18/118,0/0/0,0/0,4/20/98,730/730/730,7/5/0/1/2/2,36/19/0,18/0,4,0.119/0.180,"L0,A0,W0,M0,H0",2/0/3,4/16,0/33/16,7,expanding/1,"Lmassstore/focus,Amassstore/focus,Ndomain/domain","pool:4/172/0/400,directed:12/551/0/0,nativeLand:14/742/1/0,nativeAir:0/0/0/0,nativeNaval:0/0/0/0,unassigned:3/142/2/0",4/4,580/1607/13,0/0/0/0/0,0,0,31/6/1,549,building/23/100,"pd0/0/0,aa0/0/0,tmd0,sh0,tml0,arty0",16/2/0,1/17,31/0/0/0,0/0/0/0,0.06/1.00
27843831,4,1640,549,JointAttack,JointAttack/0,none/0,idle,0/0,Balanced,6.3,83.4,8/8,45,Balanced,Army,"A=60,T2=0,T3=0,X=0,N=0",0.33,0,field-pressure,0/0,0/0,TransportActive,no/0.0/0.00/none/0/0,160/0/stable,"L2,A2,N1",1/building/construction-active,Assault:ual0401/0/0,23/12/0,22/0/0,1/2,0/45,23/118,2/0/0,0/0,5/21/97,205/205/205,0/0/0/1/1/0,36/23/0,12/1,2,0.133/0.180,"L0,A0,W0,M0,H0",0/2/0,3/12,0/12/7,5,expanding/0,"Lok/focus,Aok/focus,Ndomain/domain","pool:4/680/3/0,directed:9/798/0/0,nativeLand:2/108/0/0,nativeAir:4/200/4/0,nativeNaval:0/0/0/0,unassigned:0/0/0/0",3/3,720/1786/11,0/0/0/0/0,0,0,19/4/2,549,idle/15/100,"pd0/0/0,aa1/0/0,tmd0,sh0,tml0,arty0",19/4/0,5/23,13/4/0/0,0/0/0/0,0.87/1.00
27843831,3,1695,609,Raid,Raid/0,none/0,idle,0/0,Balanced,5.3,76.2,11/7,103,Balanced,Army,"A=60,T2=57,T3=0,X=0,N=0",0.07,0,field-pressure,0/0,4/200,TransportActive,no/0.0/0.00/none/0/0,412/52/losing,"L2,A1,N1",1/idle/negative-mass-trend,Assault:url0402/0/0,20/12/1,19/0/0,0/0,0/45,18/118,0/0/0,0/0,5/20/98,733/733/733,7/5/0/1/2/2,36/21/0,19/0,5,0.126/0.180,"L0,A0,W0,M0,H0",3/0/0,7/19,0/35/17,7,expanding/1,"Lok/focus,Aok/focus,Ndomain/domain","pool:4/200/1/500,directed:21/975/0/0,nativeLand:16/854/3/0,nativeAir:0/0/0/0,nativeNaval:0/0/0/0,unassigned:4/218/4/0",7/7,858/2247/19,0/0/0/0/0,0,0,42/8/5,609,repairing/23/100,"pd0/0/0,aa0/0/0,tmd0,sh0,tml0,arty0",14/4/0,2/19,40/0/0/0,0/0/0/0,0.07/0.93
27843831,4,1703,609,JointAttack,JointAttack/0,none/0,idle,0/0,Balanced,7.5,86.5,8/19,39,Balanced,Army,"A=60,T2=0,T3=0,X=0,N=0",0.20,0,field-pressure,0/0,0/0,TransportActive,no/0.0/0.00/none/0/0,120/0/stable,"L2,A2,N1",1/building/construction-active,Assault:ual0401/0/0,27/12/0,26/0/0,0/0,0/45,27/118,4/0/0,0/0,5/21/97,238/238/238,0/0/0/1/1/0,36/17/0,12/1,2,0.111/0.180,"L0,A0,W0,M0,H0",0/0/0,3/12,2/14/7,6,upgrading/0,"Lok/focus,Aok/focus,Ndomain/domain","pool:2/320/2/0,directed:9/798/0/0,nativeLand:6/828/0/0,nativeAir:5/470/4/0,nativeNaval:0/0/0/0,unassigned:1/180/1/0",3/3,1150/2596/12,0/0/0/0/0,0,0,23/3/3,609,building/12/100,"pd0/0/0,aa2/0/0,tmd0,sh0,tml0,arty0",22/5/0,2/27,13/8/0/0,0/0/0/0,0.10/1.00
27843831,3,1759,669,Raid,Raid/0,none/0,idle,0/0,Balanced,5.3,76.0,11/7,118,Balanced,Army,"A=60,T2=55,T3=0,X=0,N=0",0.15,0,field-pressure,0/0,6/300,TransportActive,no/0.0/0.00/none/0/0,388/52/losing,"L2,A2,N1",1/idle/stall-risk,Assault:url0402/0/0,21/12/0,19/1/0,0/0,0/45,18/118,2/0/0,0/0,5/20/98,763/763/763,7/5/0/1/2/2,36/19/0,24/0,7,0.119/0.180,"L0,A0,W0,M0,H0",4/0/0,9/21,0/38/19,9,stall-risk/1,"Lstall/focus,Astall/focus,Ndomain/domain","pool:5/400/4/700,directed:28/1367/0/0,nativeLand:16/854/2/0,nativeAir:0/0/0/0,nativeNaval:0/0/0/0,unassigned:0/0/0/0",9/9,684/2621/17,0/0/0/0/0,0,0,49/5/1,669,assisting/10/100,"pd0/0/0,aa0/0/0,tmd0,sh0,tml0,arty0",14/4/0,6/22,46/0/0/0,9/0/0/0,0.00/1.00
27843831,4,1767,669,JointAttack,JointAttack/0,none/0,idle,0/0,Balanced,9.1,102.5,9/12,24,Balanced,Army,"A=60,T2=0,T3=0,X=0,N=0",0.35,0,field-pressure,1/42,0/0,Expired,no/0.0/0.00/none/0/0,42/250/stable,"L2,A2,N1",1/building/construction-active,Assault:ual0401/0/0,34/12/0,33/0/0,1/2,0/45,33/118,5/0/0,0/0,4/17/101,250/250/250,0/0/0/1/1/0,36/21/0,13/1,3,0.126/0.180,"L0,A0,W0,M0,H0",0/2/0,3/12,1/15/7,7,expanding/0,"Lok/focus,Aok/focus,Ndomain/domain","pool:5/860/5/0,directed:8/756/0/42,nativeLand:8/1188/0/0,nativeAir:6/740/4/0,nativeNaval:0/0/0/0,unassigned:0/0/0/0",3/3,1780/3544/14,0/0/0/0/0,0,0,26/5/3,669,assisting/17/100,"pd2/0/0,aa2/0/0,tmd0,sh0,tml0,arty0",27/6/0,1/34,12/12/0/0,9/0/0/0,0.37/1.00
27843831,3,1845,729,Raid,Raid/0,none/0,idle,0/0,Balanced,6.3,84.0,13/8,143,Balanced,Army,"A=60,T2=57,T3=0,X=0,N=0",0.22,0,field-pressure,3/147,5/250,TransportActive,no/0.0/0.00/none/0/0,485/150/losing,"L2,A2,N1",2/building/construction-active,Assault:url0402/0/0,28/12/0,26/1/0,1/2,0/45,19/118,5/0/0,0/0,6/22/96,769/769/769,7/5/0/1/2/0,36/21/0,26/0,7,0.126/0.180,"L0,A0,W0,M0,H0",6/2/0,9/39,2/47/24,9,expanding/1,"Lok/focus,Aok/focus,Ndomain/domain","pool:9/900/4/750,directed:25/1220/0/147,nativeLand:16/854/8/0,nativeAir:0/0/0/0,nativeNaval:0/0/0/0,unassigned:2/100/2/0",9/9,712/3074/19,0/0/0/0/0,0,0,52/11/3,729,repairing/9/100,"pd2/0/0,aa1/0/0,tmd0,sh0,tml0,arty0",13/6/0,3/29,47/2/0/0,19/0/0/0,0.22/0.96
27843831,4,1851,729,JointAttack,JointAttack/0,none/0,idle,0/0,Balanced,12.6,120.0,10/15,3,GunshipCounter,Army,"A=80,T2=0,T3=0,X=0,N=0",0.40,0,combat-losses,6/654,0/0,Expired,no/0.0/0.00/none/0/0,654/500/stable,"L2,A2,N1",1/building/construction-active,Assault:ual0401/0/0,43/14/0,42/0/0,0/0,0/45,37/118,7/0/0,0/0,4/17/101,258/258/258,0/0/0/1/1/0,36/28/0,14/3,4,0.151/0.160,"L0,A0,W0,M0,H0",1/0/0,3/17,1/27/16,7,started/0,"Lok/focus,Aok/focus,Ndomain/domain","pool:4/680/2/0,directed:3/144/0/654,nativeLand:13/2088/1/0,nativeAir:7/1010/6/0,nativeNaval:0/0/0/0,unassigned:3/630/3/0",1/1,2320/4552/14,0/0/0/0/0,0,0,28/7/6,729,building/2/100,"pd2/0/0,aa5/0/0,tmd0,sh0,tml0,arty0",31/5/1,8/43,10/17/0/0,19/0/0/0,0.20/1.00
27843831,3,1908,789,Raid,Raid/0,none/0,idle,0/0,Balanced,7.3,147.0,16/9,94,Balanced,Army,"A=60,T2=0,T3=0,X=0,N=0",0.17,0,field-pressure,5/259,5/250,TransportActive,no/0.0/0.00/none/0/0,509/586/stable,"L2,A2,N1",2/building/construction-active,Assault:url0402/0/0,36/14/0,34/1/0,1/2,0/45,21/118,6/0/0,0/0,6/22/96,776/776/776,7/5/0/1/2/0,36/19/0,28/0,7,0.119/0.180,"L0,A0,W0,M0,H0",3/2/0,10/49,1/59/32,10,expanding/1,"Lok/focus,Aok/focus,Ndomain/domain","pool:5/920/4/950,directed:28/1820/0/147,nativeLand:14/742/8/112,nativeAir:4/200/4/0,nativeNaval:0/0/0/0,unassigned:2/100/2/0",10/10,1032/3782/18,0/0/0/0/0,0,0,52/7/2,789,repairing/9/100,"pd2/0/0,aa3/0/0,tmd0,sh0,tml0,arty0",15/6/0,4/38,45/4/0/0,23/0/0/0,0.00/1.00
27843831,4,1915,789,JointAttack,JointAttack/0,none/0,idle,0/0,ExpandProduction,12.6,129.0,10/16,3,GunshipCounter,Army,"A=80,T2=0,T3=0,X=0,N=0",0.85,0,combat-losses,5/612,0/0,Expired,no/0.0/0.00/none/0/0,612/250/losing,"L2,A2,N1",1/building/construction-active,Assault:ual0401/0/0,46/14/0,45/0/0,1/2,168/45,40/118,7/0/0,0/0,4/17/101,264/264/264,0/0/0/1/1/0,36/27/0,14/5,4,0.120/0.120,"L0,A0,W0,M0,H0",0/2/0,4/18,0/32/18,7,upgrading/0,"Lok/focus,Aok/focus,Ndomain/domain","pool:5/950/5/0,directed:6/684/0/654,nativeLand:16/2628/0/0,nativeAir:10/1820/9/0,nativeNaval:0/0/0/0,unassigned:0/0/0/0",2/2,3310/6082/12,0/0/0/0/0,0,0,35/10/8,789,idle/12/100,"pd2/0/0,aa5/0/0,tmd0,sh0,tml0,arty0",32/7/1,1/45,10/23/0/0,23/0/0/0,0.91/1.00
27843831,3,1967,849,Raid,Raid/0,none/0,idle,0/0,Balanced,7.4,152.0,17/11,87,GunshipCounter,Army,"A=80,T2=0,T3=0,X=0,N=0",0.21,0,combat-losses,13/608,5/250,Ready,no/0.0/0.00/none/0/0,874/524/losing,"L2,A2,N1",1/building/construction-active,Assault:url0402/0/0,43/15/0,40/2/0,1/2,0/45,24/118,6/0/0,0/0,6/22/96,789/789/789,7/5/0/1/2/0,36/20/0,30/0,5,0.122/0.180,"L0,A0,W0,M0,H0",4/2/2,10/49,0/63/35,11,expanding/1,"Lstall/focus,Astall/focus,Ndomain/domain","pool:8/1440/6/1000,directed:17/1324/0/643,nativeLand:14/742/8/112,nativeAir:6/300/6/0,nativeNaval:0/0/0/0,unassigned:1/50/1/0",6/6,1652/3856/19,0/0/0/0/0,0,0,45/9/2,849,repairing/9/100,"pd3/0/0,aa3/0/0,tmd0,sh0,tml0,arty0",18/6/0,1/43,36/6/0/0,25/0/0/0,0.00/1.00
27843831,4,1976,849,JointAttack,JointAttack/0,none/0,idle,0/0,ExpandProduction,16.9,156.5,10/22,1,GunshipCounter,Army,"A=60,T2=0,T3=0,X=0,N=0",0.85,0,field-pressure,0/0,0/0,Expired,no/0.0/0.00/none/0/0,0/0/stable,"L2,A2,N1",1/building/construction-active,Assault:ual0401/0/0,46/18/0,45/0/0,1/2,168/45,41/118,7/0/0,0/0,4/17/101,267/267/267,0/0/0/1/1/0,36/29/0,18/7,8,0.155/0.180,"L0,A0,W0,M0,H0",0/2/0,6/20,0/37/23,8,upgrading/0,"Lok/focus,Aok/focus,Ndomain/domain","pool:6/1130/6/0,directed:12/1764/0/654,nativeLand:15/2448/1/0,nativeAir:12/2360/8/0,nativeNaval:0/0/0/0,unassigned:1/180/1/0",4/4,3850/7882/14,0/0/0/0/0,0,0,43/7/5,849,building/12/100,"pd2/0/0,aa5/0/0,tmd0,sh0,tml0,arty0",33/6/2,2/45,10/31/0/0,25/0/0/0,0.87/1.00
27843831,3,2029,909,Raid,Raid/0,Defend/0,idle,3/60/unmet,Balanced,12.1,212.0,19/17,109,GunshipCounter,Army,"A=100,T2=0,T3=0,X=0,N=0",0.20,0,defense-pressure,22/1072,1/50,Abandoned,yes/40.9/40.95/surface/0/0,1162/88/losing,"L3,A2,N1",1/building/construction-active,Assault:url0402/0/0,45/17/0,42/2/0,0/0,252/45,27/118,10/0/136,0/0,6/22/96,908/908/908,123/5/0/1/2/0,36/20/0,46/0,12,0.122/0.160,"L0,A0,W0,M0,H0",4/0/0,10/52,0/64/36,11,upgrading/1,"Lalert/alert,Aalert/alert,Ndomain/domain","pool:6/1040/4/1000,directed:6/748/0/1219,nativeLand:19/1742/8/112,nativeAir:9/670/9/0,nativeNaval:0/0/0/0,unassigned:1/50/1/0",2/2,1552/4250/17,60/8/3/1/0,0,0,41/7/3,909,upgrading/9/100,"pd3/0/0,aa3/0/0,tmd0,sh0,tml0,arty0",19/8/0,4/44,28/10/0/0,25/1/0/0,0.07/1.00
27843831,4,2038,909,JointAttack,JointAttack/0,none/0,idle,0/0,ExpandProduction,15.6,163.0,12/20,0,GunshipCounter,Army,"A=60,T2=0,T3=0,X=0,N=0",0.85,0,field-pressure,3/144,0/0,Expired,no/0.0/0.00/none/0/0,144/0/stable,"L2,A2,N1",1/building/construction-active,Assault:ual0401/0/0,46/17/0,45/0/0,0/0,168/45,44/118,7/0/0,0/0,4/17/101,386/386/386,0/0/0/1/1/0,36/31/0,18/9,8,0.162/0.180,"L0,A0,W0,M0,H0",0/0/0,7/24,1/41/23,9,upgrading/0,"Lok/focus,Aok/focus,Ndomain/domain","pool:6/1130/4/0,directed:13/2340/0/798,nativeLand:18/2988/0/0,nativeAir:14/2900/10/0,nativeNaval:0/0/0/0,unassigned:2/450/2/0",4/4,4480/9808/16,0/0/0/0/0,0,0,50/7/7,909,repairing/12/100,"pd2/0/0,aa5/0/0,tmd0,sh0,tml0,arty0",35/7/2,15/45,7/42/0/0,25/1/0/0,1.00/1.00
27843831,3,2106,969,Raid,Raid/0,none/0,idle,0/0,Balanced,13.6,233.3,19/14,47,GunshipCounter,Army,"A=80,T2=0,T3=0,X=0,N=0",0.15,0,combat-losses,11/576,0/0,TransportActive,no/0.0/0.00/none/0/0,648/108/losing,"L3,A2,N1",2/building/construction-active,Assault:url0402/0/0,45/17/0,42/2/0,0/0,252/45,29/118,12/0/0,0/0,6/21/97,1086/1086/1086,249/5/0/1/4/2,36/19/0,52/0,11,0.119/0.180,"L0,A0,W0,M0,H0",8/0/0,11/56,0/64/36,11,upgrading/1,"Lmassstore/energy,Amassstore/focus,Ndomain/domain","pool:4/570/2/1000,directed:9/1348/0/1219,nativeLand:18/1542/8/112,nativeAir:13/1090/10/0,nativeNaval:0/0/0/0,unassigned:4/570/2/0",3/3,2102/5120/16,0/0/0/1/0,0,0,47/8/0,969,upgrading/9/100,"pd5/0/0,aa5/0/0,tmd0,sh0,tml0,arty0",20/8/1,7/44,32/14/0/0,25/1/0/0,0.04/1.00
27843831,4,2118,969,JointAttack,JointAttack/0,none/0,idle,0/0,ExpandProduction,17.2,182.9,13/22,0,GunshipCounter,Army,"A=60,T2=0,T3=0,X=0,N=0",0.85,0,field-pressure,3/144,0/0,Expired,no/0.0/0.00/none/0/0,204/0/stable,"L2,A2,N1",1/building/construction-active,Assault:ual0401/0/0,45/18/1,44/0/0,1/2,168/45,45/118,7/0/0,0/0,4/17/101,556/556/556,0/8/0/2/1/1,36/30/1,24/11,12,0.158/0.180,"L0,A0,W0,M0,H0",0/2/0,10/33,1/48/28,10,upgrading/0,"Lok/focus,Aok/focus,Ndomain/domain","pool:7/1310/7/0,directed:22/3960/0/798,nativeLand:17/2808/1/0,nativeAir:12/2360/5/0,nativeNaval:0/0/0/0,unassigned:7/1800/7/0",7/7,4660/12238/25,0/0/0/0/0,0,0,61/9/7,969,moving/9/100,"pd2/0/0,aa5/0/0,tmd0,sh0,tml0,arty0",36/6/3,20/44,7/52/0/0,25/1/0/0,0.94/1.00
27843831,3,2163,1029,Raid,Raid/0,none/0,idle,0/0,Balanced,12.2,224.7,20/15,43,GunshipCounter,Army,"A=60,T2=0,T3=0,X=0,N=0",0.19,0,field-pressure,0/0,0/0,TransportActive,no/0.0/0.00/none/0/0,112/108/stable,"L3,A2,N1",2/building/construction-active,Assault:url0402/0/0,45/17/0,42/2/0,1/2,252/45,29/118,14/0/0,0/0,6/21/97,1354/1354/1354,324/81/0/1/4/2,36/22/0,60/0,9,0.129/0.180,"L0,A0,W0,M0,H0",10/2/0,11/57,0/65/36,11,upgrading/2,"Lmassstore/energy,Amassstore/focus,Ndomain/domain","pool:15/2697/5/1000,directed:9/1348/0/1219,nativeLand:18/1542/8/112,nativeAir:14/1360/14/0,nativeNaval:0/0/0/0,unassigned:0/0/0/0",3/3,3129/6947/17,0/0/0/1/0,0,0,55/15/3,1029,idle/9/100,"pd5/0/0,aa8/0/0,tmd0,sh0,tml0,arty0",18/10/1,9/44,35/17/0/0,27/2/0/0,0.07/1.00
27843831,4,2176,1029,JointAttack,JointAttack/0,none/0,idle,0/0,ExpandProduction,18.1,193.0,13/23,2,Balanced,Army,"A=60,T2=0,T3=0,X=0,N=0",0.85,0,field-pressure,0/0,0/0,Expired,no/0.0/0.00/none/0/0,152/500/stable,"L2,A2,N1",1/building/construction-active,Assault:ual0401/0/0,45/18/2,44/0/0,1/2,168/45,45/118,7/0/0,0/0,4/17/101,762/762/762,0/208/0/3/3/4,36/29/1,24/13,11,0.155/0.160,"L0,A0,W0,M0,H0",1/2/0,11/35,1/55/33,10,upgrading/0,"Lok/focus,Aok/focus,Ndomain/domain","pool:7/1400/5/0,directed:26/4680/0/798,nativeLand:23/3888/0/0,nativeAir:20/4520/10/0,nativeNaval:0/0/0/0,unassigned:2/360/2/0",8/8,4660/14848/29,0/0/0/0/0,0,0,74/8/5,1029,building/29/100,"pd2/0/0,aa5/0/0,tmd0,sh0,tml0,arty0",34/8/3,19/44,7/66/0/0,27/2/0/0,0.97/1.00
27843831,3,2230,1089,Raid,Raid/0,Defend/0,idle,0/104/unmet,Balanced,17.6,238.4,21/24,82,Balanced,Army,"A=100,T2=0,T3=0,X=0,N=0",0.34,0,defense-pressure,0/0,2/470,Abandoned,yes/47.7/47.69/surface/0/3,622/52/losing,"L3,A2,N1",2/building/construction-active,Assault:url0402/0/0,45/18/0,42/2/0,0/0,252/45,28/118,15/0/135,0/0,6/21/97,1507/1507/1507,398/135/0/1/5/3,36/20/7,71/0,10,0.122/0.180,"L0,A0,W0,M0,H0",16/0/0,12/58,2/67/36,11,upgrading/2,"Lalert/alert,Aalert/alert,Ndomain/domain","pool:17/2230/13/1520,directed:12/2018/0/1219,nativeLand:21/2316/8/112,nativeAir:15/1630/13/0,nativeNaval:0/0/0/0,unassigned:0/0/0/0",4/4,2699/8194/26,104/0/0/1/0,0,0,62/18/2,1089,idle/9/100,"pd6/0/0,aa8/0/0,tmd0,sh0,tml0,arty0",17/9/2,7/44,36/23/0/0,31/3/0/0,0.46/0.99
27843831,4,2247,1089,JointAttack,JointAttack/0,none/0,idle,0/0,Balanced,19.6,203.0,14/24,3,Balanced,Army,"A=60,T2=0,T3=0,X=0,N=0",0.38,0,field-pressure,0/0,6/1620,Expired,no/0.0/0.00/none/0/0,1720/650/losing,"L2,A2,N1",1/building/construction-active,Assault:ual0401/0/0,45/18/1,44/0/0,1/2,168/45,46/118,9/0/0,0/0,4/17/101,980/980/980,0/409/0/3/5/6,36/28/1,34/15,16,0.151/0.180,"L0,A0,W0,M0,H0",1/2/0,15/41,1/68/41,11,upgrading/0,"Lok/focus,Aok/focus,Ndomain/domain","pool:7/1490/7/0,directed:38/6840/0/798,nativeLand:23/3888/3/0,nativeAir:12/2360/5/1620,nativeNaval:0/0/0/0,unassigned:6/1530/6/0",12/12,5200/16108/32,0/0/0/0/0,0,0,82/16/13,1089,assisting/27/100,"pd2/0/0,aa5/0/0,tmd0,sh0,tml0,arty0",35/7/4,20/44,7/73/0/0,31/3/0/0,1.00/1.00
27843831,3,2313,1149,Raid,Raid/0,none/0,idle,0/0,ExpandProduction,23.3,222.0,20/20,87,Balanced,Army,"A=60,T2=0,T3=0,X=0,N=0",0.85,0,field-pressure,0/0,11/1360,TransportActive,no/0.0/0.00/none/0/0,1464/338/losing,"L3,A2,N1",3/building/construction-active,Assault:url0402/0/0,45/18/0,42/2/0,0/0,0/45,28/118,15/0/0,0/0,6/21/97,1557/1557/1557,446/135/0/1/5/1,36/18/3,80/0,12,0.115/0.160,"L0,A0,W0,M0,H0",9/0/4,15/61,1/73/36,11,upgrading/2,"Lok/energy,Aok/focus,Ndomain/domain","pool:12/1850/8/1820,directed:21/4032/0/1219,nativeLand:18/1542/9/112,nativeAir:21/2370/13/540,nativeNaval:0/0/0/0,unassigned:0/0/0/0",7/7,3172/9794/26,0/0/0/7/0,0,0,67/14/1,1149,idle/9/100,"pd6/0/0,aa9/0/0,tmd0,sh0,tml0,arty0",17/7/4,33/47,35/29/0/0,34/4/0/0,0.90/1.00
27843831,4,2330,1149,JointAttack,JointAttack/0,none/0,idle,0/0,ExpandProduction,21.3,207.0,14/24,44,Balanced,Army,"A=80,T2=0,T3=0,X=0,N=0",0.85,0,combat-losses,3/540,9/2430,Ready,no/0.0/0.00/none/0/0,3074/430/losing,"L2,A2,N1",1/building/construction-active,Assault:ual0401/0/0,45/18/0,44/0/0,1/2,168/45,46/118,10/0/0,0/0,4/17/101,1199/1199/1199,8/605/0/3/5/5,36/23/0,40/16,12,0.133/0.180,"L0,A0,W0,M0,H0",0/2/0,18/44,2/74/45,12,upgrading/0,"Lok/focus,Aok/focus,Ndomain/domain","pool:10/2030/8/0,directed:45/8100/0/1338,nativeLand:20/3348/2/0,nativeAir:18/3980/11/2430,nativeNaval:0/0/0/0,unassigned:0/0/0/0",12/14,4840/17458/38,0/0/0/0/0,0,0,89/10/8,1149,idle/13/100,"pd2/0/0,aa7/0/0,tmd0,sh0,tml0,arty0",34/7/5,19/44,7/81/0/0,34/4/0/0,1.00/1.00
27843831,3,2436,1209,Raid,Raid/0,none/0,idle,0/0,Balanced,16.8,242.4,20/21,101,Balanced,Army,"A=60,T2=0,T3=0,X=0,N=0",0.56,0,field-pressure,0/0,15/2220,Ready,no/0.0/0.00/none/0/0,2236/1679/losing,"L3,A2,N1",3/building/construction-active,Assault:url0402/0/0,49/18/0,46/2/0,1/2,252/45,28/118,15/0/0,0/0,6/21/97,1872/1872/1872,731/135/0/1/5/1,36/17/3,88/0,12,0.111/0.140,"L0,A0,W0,M0,H0",14/2/0,16/76,0/76/36,11,upgrading/2,"Lok/energy,Aok/focus,Ndomain/domain","pool:17/2640/10/2340,directed:24/4532/0/1219,nativeLand:18/1542/9/112,nativeAir:20/2100/17/1350,nativeNaval:0/0/0/0,unassigned:0/0/0/0",8/8,4412/10814/29,0/0/0/5/0,0,0,76/17/1,1209,idle/9/100,"pd6/0/0,aa9/0/0,tmd0,sh0,tml0,arty0",17/6/5,28/48,39/32/0/0,21/5/0/0,1.00/0.71
27843831,4,2453,1209,JointAttack,JointAttack/0,none/0,idle,0/0,ExpandProduction,24.2,217.0,14/24,123,Balanced,Army,"A=80,T2=0,T3=0,X=0,N=0",0.85,0,combat-losses,10/1800,6/1620,Ready,no/0.0/0.00/none/0/0,3656/1449/losing,"L2,A2,N1",1/building/construction-active,Assault:ual0401/0/0,44/18/1,43/0/0,0/0,0/45,47/118,10/0/0,0/0,4/17/101,1275/1275/1275,39/607/0/4/8/6,36/23/0,53/17,15,0.133/0.180,"L0,A0,W0,M0,H0",0/0/0,21/76,5/86/50,14,none/0,"Lok/focus,Aok/focus,Ndomain/domain","pool:9/1760/9/0,directed:47/8460/0/2598,nativeLand:24/4068/4/0,nativeAir:20/4520/12/3240,nativeNaval:0/0/0/0,unassigned:0/0/0/0",12/16,4930/18808/39,0/0/0/0/0,0,0,94/15/15,1209,idle/33/100,"pd3/0/0,aa7/0/0,tmd0,sh0,tml0,arty0",34/7/6,18/45,7/85/0/0,21/5/0/0,1.00/1.00
27843831,3,2561,1269,Raid,Raid/0,none/0,idle,0/0,Balanced,16.8,245.3,21/21,65,Balanced,Army,"A=80,T2=0,T3=0,X=0,N=0",0.53,0,combat-losses,6/748,18/2590,Ready,no/0.0/0.00/none/0/0,3370/3284/stable,"L3,A2,N1",2/building/construction-active,Assault:url0402/0/0,47/18/0,44/2/0,1/2,252/45,28/118,15/0/0,0/0,6/21/97,2085/2085/2085,906/135/0/1/7/2,36/23/3,110/0,22,0.133/0.180,"L0,A0,W0,M0,H0",8/2/0,17/93,0/81/36,11,upgrading/2,"Lok/ok,Aok/focus,Ndomain/domain","pool:17/3680/8/2790,directed:21/4844/0/1967,nativeLand:18/1542/8/112,nativeAir:19/1830/17/2160,nativeNaval:0/0/0/0,unassigned:0/0/0/0",7/7,3292/11896/27,0/0/0/5/0,0,0,74/15/5,1269,idle/9/100,"pd6/0/0,aa9/0/0,tmd0,sh0,tml0,arty0",17/6/5,28/46,34/33/3/0,20/6/0/0,1.00/0.79
27843831,4,2578,1269,JointAttack,JointAttack/0,none/0,idle,0/0,ExpandProduction,24.5,221.0,18/24,158,Balanced,Army,"A=80,T2=0,T3=0,X=0,N=0",0.85,0,combat-losses,11/1980,7/1890,Ready,no/0.0/0.00/none/0/0,4178/2903/losing,"L2,A2,N1",1/building/construction-active,Assault:ual0401/0/0,46/18/3,45/0/0,0/0,168/45,47/118,10/0/0,0/0,4/17/101,1464/1464/1464,185/649/0/6/9/7,36/21/0,64/19,14,0.126/0.160,"L0,A0,W0,M0,H0",1/0/0,25/109,3/100/56,15,none/0,"Lok/focus,Aok/focus,Ndomain/domain","pool:12/2570/12/0,directed:57/10260/0/3318,nativeLand:23/3888/0/0,nativeAir:19/4250/11/4320,nativeNaval:0/0/0/0,unassigned:0/0/0/0",12/18,4840/20968/41,0/0/0/0/0,0,0,105/12/11,1269,idle/13/100,"pd3/0/0,aa7/0/0,tmd0,sh0,tml0,arty0",34/7/6,19/45,7/96/0/0,20/6/0/0,1.00/1.00
27843831,3,2657,1329,Raid,Raid/0,none/0,idle,0/0,Balanced,18.0,226.2,23/23,61,Balanced,Army,"A=80,T2=0,T3=0,X=0,N=0",0.54,0,combat-losses,9/1348,21/2370,TransportActive,no/0.0/0.00/none/0/0,3886/2193/losing,"L3,A2,N1",2/building/construction-active,Assault:url0402/0/0,47/18/0,44/2/0,1/2,252/45,28/118,15/0/0,0/0,6/21/97,2295/2295/2295,1114/135/0/1/7/2,36/19/3,121/0,17,0.119/0.180,"L0,A0,W0,M0,H0",4/2/0,17/100,1/83/36,11,none/2,"Lok/energy,Aok/focus,Ndomain/domain","pool:12/2770/9/3360,directed:18/4244/0/2567,nativeLand:20/2502/8/112,nativeAir:23/2910/13/2700,nativeNaval:0/0/0/0,unassigned:0/0/0/0",6/6,3022/12426/26,0/0/0/5/0,0,0,70/12/6,1329,idle/9/100,"pd6/0/0,aa9/0/0,tmd0,sh0,tml0,arty0",17/5/6,25/46,32/30/5/0,20/11/0/0,1.00/1.00
27843831,4,2674,1329,JointAttack,JointAttack/0,none/0,idle,0/0,ExpandProduction,25.6,225.0,21/24,150,Balanced,Army,"A=80,T2=0,T3=0,X=0,N=0",0.85,0,combat-losses,16/2880,7/1890,TransportActive,no/0.0/0.00/none/0/0,4954/1786/losing,"L2,A2,N1",2/building/construction-active,Assault:ual0401/0/0,46/18/2,45/0/0,1/2,210/45,47/118,10/0/0,0/0,5/23/95,1699/1699/1699,417/651/0/6/9/7,36/20/0,73/19,12,0.122/0.180,"L0,A0,W0,M0,H0",0/2/0,29/131,0/105/57,15,none/0,"Lok/focus,Aok/focus,Ndomain/domain","pool:14/3110/14/0,directed:57/10260/0/5478,nativeLand:24/4068/0/0,nativeAir:20/4520/10/5130,nativeNaval:0/0/0/0,unassigned:0/0/0/0",12/18,5290/21958/43,0/0/0/0/0,0,0,109/13/11,1329,idle/16/100,"pd3/0/0,aa7/0/0,tmd0,sh0,tml0,arty0",32/9/6,18/45,7/99/0/0,20/11/0/0,1.00/1.00
27843831,3,2752,1389,Raid,Raid/0,none/0,idle,0/0,ExpandProduction,18.0,222.0,23/23,100,Balanced,Army,"A=80,T2=0,T3=0,X=0,N=0",0.85,0,combat-losses,7/1684,19/2930,TransportActive,no/0.0/0.00/none/0/0,4782/458/losing,"L3,A2,N1",2/building/construction-active,Assault:url0402/0/0,47/18/0,44/2/0,1/2,252/45,28/118,15/0/0,0/0,6/21/97,2378/2378/2378,1192/135/0/1/7/2,36/20/3,129/0,13,0.122/0.180,"L0,A0,W0,M0,H0",8/2/0,18/107,2/88/36,11,none/2,"Lok/energy,Aok/focus,Ndomain/domain","pool:11/2290/5/3610,directed:17/4600/0/3651,nativeLand:20/2502/14/112,nativeAir:21/2370/17/4320,nativeNaval:0/0/0/0,unassigned:1/50/1/0",7/7,4324/11812/21,0/0/0/5/0,0,0,68/11/1,1389,idle/9/100,"pd6/0/0,aa9/0/0,tmd0,sh0,tml0,arty0",17/5/6,27/46,34/24/7/0,20/20/0/0,1.00/1.00
27843831,4,2769,1389,JointAttack,JointAttack/0,none/0,idle,0/0,ExpandProduction,27.1,231.0,23/24,101,Balanced,Army,"A=80,T2=0,T3=0,X=0,N=0",0.85,0,combat-losses,25/4500,10/2700,TransportActive,no/0.0/0.00/none/0/0,7256/636/losing,"L2,A2,N1",2/building/construction-active,Assault:ual0401/0/0,46/18/0,45/0/0,1/2,210/45,47/118,12/0/0,0/0,5/23/95,1734/1734/1734,441/651/0/6/9/3,36/26/0,95/19,20,0.144/0.180,"L0,A0,W0,M0,H0",0/2/0,33/152,0/118/62,15,none/0,"Lok/focus,Aok/focus,Ndomain/domain","pool:10/2120/9/0,directed:57/10260/0/7998,nativeLand:23/3888/2/0,nativeAir:15/3170/6/7020,nativeNaval:0/0/0/0,unassigned:9/2250/9/0",12/18,5470/21688/38,0/0/0/0/0,0,0,111/14/12,1389,assisting/20/100,"pd3/0/0,aa7/0/0,tmd0,sh0,tml0,arty0",32/8/7,14/45,7/100/0/0,20/20/0/0,1.00/1.00
27843831,3,2843,1449,Raid,Raid/0,none/0,idle,0/0,Balanced,18.2,238.6,23/23,185,AirDefense,Army,"A=80,T2=0,T3=0,X=0,N=0",0.52,0,combat-losses,4/1084,21/3470,TransportActive,no/0.0/0.00/none/0/0,4654/516/losing,"L3,A2,N1",1/building/construction-active,Assault:url0402/0/0,46/18/1,43/2/0,0/0,252/45,28/118,15/0/0,0/0,6/21/97,2657/2657/2657,1278/164/0/2/7/1,36/19/2,134/0,11,0.119/0.180,"L0,A0,W0,M0,H0",14/0/0,18/114,0/92/36,11,none/2,"Lok/energy,Aok/focus,Ndomain/domain","pool:14/2230/9/3810,directed:17/4600/0/3651,nativeLand:23/3942/14/112,nativeAir:21/2590/13/5720,nativeNaval:0/0/0/0,unassigned:0/0/0/0",7/7,4092/13362/24,0/0/0/4/0,0,0,69/16/2,1449,idle/9/100,"pd6/0/0,aa9/0/0,tmd0,sh0,tml0,arty0",17/5/6,29/45,32/25/9/0,20/20/0/0,1.00/1.00
27843831,4,2860,1449,JointAttack,JointAttack/0,none/0,idle,0/0,ExpandProduction,27.1,241.0,25/24,52,Balanced,Army,"A=80,T2=0,T3=0,X=0,N=0",0.85,0,combat-losses,25/4500,13/3510,Ready,no/0.0/0.00/none/0/0,8150/1484/losing,"L2,A2,N1",2/building/construction-active,Assault:ual0401/0/0,46/18/0,45/0/0,1/2,210/45,46/118,14/0/0,1/0,5/23/95,1762/1762/1762,454/652/0/6/10/1,36/27/0,113/19,16,0.148/0.180,"L0,A0,W0,M0,H0",0/2/0,37/172,3/123/64,15,none/0,"Lok/focus,Aok/focus,Ndomain/domain","pool:2/320/1/0,directed:58/10440/0/9978,nativeLand:25/4248/3/0,nativeAir:23/5330/12/8640,nativeNaval:0/0/0/0,unassigned:12/2520/10/0",12/18,5200/22858/41,0/0/0/0/0,0,0,112/13/11,1449,building/12/100,"pd4/0/0,aa8/0/0,tmd0,sh0,tml0,arty0",31/8/7,17/45,7/103/0/0,20/20/0/0,1.00/1.00
27843831,3,2920,1509,Raid,Raid/0,none/0,idle,0/0,ExpandProduction,18.4,222.0,23/24,210,Balanced,Army,"A=60,T2=0,T3=0,X=0,N=0",0.85,0,field-pressure,0/0,20/2980,Ready,no/0.0/0.00/none/0/0,3100/360/losing,"L3,A2,N1",1/building/construction-active,Assault:url0402/0/0,45/18/2,42/2/0,1/2,252/45,28/118,15/0/0,0/0,6/21/97,3025/3025/3025,1436/311/0/3/7/2,36/17/2,138/0,11,0.111/0.180,"L0,A0,W0,M0,H0",9/2/0,20/116,2/99/36,11,none/2,"Lok/energy,Aok/focus,Ndomain/domain","pool:15/3810/8/4330,directed:23/7480/0/3651,nativeLand:20/2502/9/112,nativeAir:17/1510/12/6530,nativeNaval:0/0/0/0,unassigned:0/0/0/0",9/9,4052/15302/26,0/0/0/4/0,0,0,74/15/4,1509,idle/9/100,"pd6/0/0,aa9/0/0,tmd0,sh0,tml0,arty0",17/5/6,31/44,31/27/14/0,20/20/0/0,1.00/1.00
27843831,4,2937,1509,JointAttack,JointAttack/0,none/0,idle,0/0,ExpandProduction,27.6,259.0,25/24,49,GunshipCounter,Army,"A=80,T2=0,T3=70,X=0,N=0",0.85,0,combat-losses,17/3060,9/2430,TransportActive,no/0.0/0.00/none/0/0,5622/900/losing,"L2,A3,N1",2/building/construction-active,Assault:ual0401/0/0,46/18/0,45/0/0,1/2,210/45,46/118,14/0/0,1/0,5/23/95,1890/1890/1890,503/652/0/6/10/1,36/27/0,141/19,25,0.148/0.180,"L0,A0,W0,M0,H0",0/2/0,42/178,9/142/70,16,none/0,"Lok/ok,Aok/ok,Ndomain/domain","pool:1/50/1/0,directed:68/12240/0/10878,nativeLand:28/4788/1/0,nativeAir:14/2900/6/9450,nativeNaval:0/0/0/0,unassigned:21/5005/20/0",12/22,5705/24983/48,0/0/0/0/0,0,0,125/21/19,1509,repairing/13/100,"pd5/0/0,aa9/0/0,tmd0,sh0,tml0,arty0",30/9/7,17/45,7/116/0/0,20/20/0/0,1.00/1.00
27843831,3,3060,1569,Raid,Raid/0,none/0,idle,0/0,Balanced,18.6,231.5,24/24,212,Balanced,Army,"A=80,T2=0,T3=0,X=0,N=0",0.51,0,combat-losses,3/1060,12/1920,Ready,no/0.0/0.00/none/0/0,3040/1020/losing,"L3,A2,N1",1/building/construction-active,Assault:url0402/0/0,45/18/1,42/2/0,0/0,252/45,28/118,15/0/0,0/0,6/21/97,3411/3411/3411,1622/511/0/3/7/2,36/17/2,142/0,10,0.111/0.180,"L0,A0,W0,M0,H0",4/0/0,22/136,0/102/36,11,none/2,"Lok/energy,Aok/focus,Ndomain/domain","pool:11/2730/9/4380,directed:26/9300/0/4711,nativeLand:20/2502/9/112,nativeAir:24/3400/14/7070,nativeNaval:0/0/0/0,unassigned:0/0/0/0",10/10,5812/17932/25,0/0/0/4/0,0,0,79/11/7,1569,idle/9/100,"pd6/0/0,aa9/0/0,tmd0,sh0,tml0,arty0",17/5/6,30/44,31/27/17/0,20/20/0/0,1.00/1.00
27843831,4,3077,1569,JointAttack,JointAttack/0,none/0,idle,0/0,ExpandProduction,29.4,261.0,27/24,33,Balanced,Army,"A=80,T2=0,T3=60,X=0,N=0",0.85,0,combat-losses,14/2520,6/1620,TransportActive,no/0.0/0.00/none/0/0,4348/0/losing,"L2,A3,N1",2/building/construction-active,Assault:ual0401/0/0,46/18/0,45/0/0,0/0,210/45,46/118,14/0/0,1/0,5/23/95,2011/2011/2011,513/652/0/6/10/1,36/25/0,163/20,19,0.140/0.180,"L0,A0,W0,M0,H0",0/0/0,47/226,4/154/78,17,none/0,"Lok/ok,Aok/ok,Ndomain/domain","pool:3/555/2/0,directed:74/13320/0/12498,nativeLand:31/5328/0/0,nativeAir:25/5870/14/10260,nativeNaval:0/0/0/0,unassigned:12/2700/12/0",12/24,5885/27773/47,0/0/0/0/0,0,0,137/16/16,1569,assisting/18/100,"pd5/0/0,aa9/0/0,tmd0,sh0,tml0,arty0",30/8/8,17/45,7/128/0/0,20/20/0/0,1.00/1.00
27843831,3,3134,1629,Raid,Raid/0,none/0,idle,0/0,ExpandProduction,18.9,222.0,24/24,121,Balanced,Army,"A=80,T2=0,T3=0,X=0,N=0",0.85,0,combat-losses,3/1060,5/1130,Ready,no/0.0/0.00/none/0/0,2198/1020/losing,"L3,A2,N1",1/building/construction-active,Assault:url0402/0/0,45/18/0,42/2/0,1/2,252/45,28/118,15/0/0,0/0,6/21/97,3853/3853/3853,1865/711/0/3/8/2,36/20/2,146/0,10,0.122/0.180,"L0,A0,W0,M0,H0",8/2/0,23/137,3/121/36,11,none/2,"Lok/energy,Aok/focus,Ndomain/domain","pool:11/2940/10/4380,directed:29/10740/0/4711,nativeLand:20/2502/13/112,nativeAir:28/4480/17/7610,nativeNaval:0/0/0/0,unassigned:1/270/1/0",11/11,5282/20932/29,0/0/0/4/0,0,0,85/13/3,1629,idle/9/100,"pd6/0/0,aa9/0/0,tmd0,sh0,tml0,arty0",17/5/6,30/44,31/31/21/0,20/20/0/0,1.00/1.00
27843831,4,3151,1629,JointAttack,JointAttack/0,none/0,idle,0/0,ExpandProduction,29.7,261.0,31/24,36,AirDefense,Army,"A=80,T2=0,T3=55,X=0,N=0",0.85,0,combat-losses,16/2880,11/2970,TransportActive,no/0.0/0.00/none/0/0,6174/0/losing,"L2,A3,N1",1/building/construction-active,Assault:ual0401/0/0,45/18/1,44/0/0,0/0,0/47,46/118,14/0/0,1/0,5/23/95,2129/2129/2129,513/652/0/7/11/2,36/22/0,182/21,18,0.129/0.180,"L0,A0,W0,M0,H0",0/0/0,52/231,3/164/83,17,none/0,"Lok/ok,Aok/ok,Ndomain/domain","pool:6/1240/6/0,directed:83/14940/0/13758,nativeLand:30/5148/1/0,nativeAir:23/5330/14/12420,nativeNaval:0/0/0/0,unassigned:8/1530/7/0",12/27,4985/28188/50,0/0/0/0/0,0,0,143/19/19,1629,assisting/23/100,"pd5/0/0,aa9/0/0,tmd0,sh0,tml0,arty0",30/8/8,18/44,7/134/0/0,20/20/0/0,1.00/1.00
27843831,3,3206,1689,Raid,Raid/0,none/0,idle,0/0,Balanced,19.1,232.6,24/24,117,Balanced,Army,"A=60,T2=0,T3=0,X=0,N=0",0.46,0,field-pressure,0/0,8/1940,TransportActive,no/0.0/0.00/none/0/0,2084/250/losing,"L3,A2,N1",1/building/construction-active,Assault:url0402/0/0,43/18/2,40/2/0,1/2,0/45,28/118,15/0/0,0/0,6/21/97,4233/4233/4233,2000/854/0/5/8/3,36/21/2,163/0,22,0.126/0.140,"L0,A0,W0,M0,H0",6/2/0,24/138,5/130/36,11,none/2,"Lok/energy,Aok/focus,Ndomain/domain","pool:13/3490/11/4430,directed:32/12180/0/4711,nativeLand:22/3462/9/112,nativeAir:27/4210/13/8960,nativeNaval:0/0/0/0,unassigned:0/0/0/0",12/12,5340/23342/30,0/0/0/4/0,0,0,92/12/4,1689,idle/9/100,"pd6/0/0,aa9/0/0,tmd0,sh0,tml0,arty0",17/5/6,32/47,30/33/26/0,20/20/3/0,1.00/1.00
27843831,4,3223,1689,JointAttack,JointAttack/0,none/0,idle,0/0,ExpandProduction,29.7,263.0,32/24,98,GunshipCounter,Tech3,"A=80,T2=0,T3=95,X=0,N=0",0.85,0,enemy-tech,23/4140,8/2160,TransportActive,no/0.0/0.00/none/0/0,6608/940/losing,"L2,A3,N1",1/building/construction-active,Assault:ual0401/0/0,46/18/1,45/0/0,0/0,0/48,46/118,14/0/0,1/0,5/23/95,2263/2263/2263,513/652/0/7/11/2,36/21/0,217/21,25,0.126/0.180,"L0,A0,W0,M0,H0",0/0/0,58/238,1/176/85,17,none/0,"Lok/ok,Aok/ok,Ndomain/domain","pool:5/1210/4/0,directed:87/15660/0/16638,nativeLand:31/5328/0/0,nativeAir:23/5040/15/12420,nativeNaval:0/0/0/0,unassigned:16/3495/15/0",12/28,6555/30733/48,0/0/0/0/0,0,0,155/21/21,1689,repairing/21/100,"pd5/0/0,aa9/0/0,tmd0,sh0,tml0,arty0",30/8/8,18/45,7/144/0/0,20/20/3/0,1.00/1.00
27843831,3,3279,1749,Raid,Raid/0,none/0,idle,0/0,Balanced,19.7,266.4,24/24,138,Balanced,Army,"A=80,T2=0,T3=65,X=0,N=0",0.43,0,combat-losses,7/3360,21/4350,TransportActive,no/0.0/0.00/none/0/0,7982/1930/losing,"L3,A2,N1",1/building/construction-active,Assault:url0402/0/0,49/18/2,43/4/1,0/0,252/45,28/118,15/0/0,0/0,6/21/97,4410/4410/4410,2063/867/0/5/8/3,36/20/2,168/0,18,0.122/0.180,"L0,A0,W0,M0,H0",11/0/0,24/138,0/145/37,11,none/2,"Lok/ok,Aok/ok,Ndomain/domain","pool:12/2780/7/4800,directed:25/8820/0/8071,nativeLand:27/5862/14/112,nativeAir:22/3520/12/11540,nativeNaval:0/0/0/0,unassigned:0/0/0/0",11/11,4292/20982/29,0/0/0/3/0,0,0,83/12/1,1749,repairing/9/100,"pd6/0/0,aa9/0/0,tmd0,sh0,tml0,arty0",17/5/6,27/48,29/30/23/0,20/16/5/0,1.00/0.57
27843831,4,3296,1749,JointAttack,JointAttack/0,none/0,idle,0/0,ExpandProduction,29.9,263.0,34/24,108,Balanced,Tech3,"A=80,T2=0,T3=80,X=0,N=0",0.85,0,enemy-tech,24/4320,8/2160,TransportActive,no/0.0/0.00/none/0/0,6656/1840/losing,"L3,A3,N1",1/building/construction-active,Assault:ual0401/0/0,49/18/0,45/3/0,0/0,0/51,47/118,15/0/0,1/0,5/23/95,2410/2410/2410,513/652/0/7/11/2,36/21/0,243/21,22,0.126/0.180,"L0,A0,W0,M0,H0",0/0/0,65/245,2/190/91,17,none/0,"Lok/ok,Aok/ok,Ndomain/domain","pool:14/2995/10/0,directed:101/18180/0/18078,nativeLand:26/4428/4/0,nativeAir:20/4230/14/14580,nativeNaval:0/0/0/0,unassigned:3/720/3/0",12/33,7005/30553/47,0/0/0/0/0,0,0,161/23/23,1749,assisting/11/100,"pd5/0/0,aa9/0/0,tmd0,sh0,tml0,arty0",31/8/8,21/50,7/153/0/0,20/16/5/0,1.00/1.00
27843831,3,3346,1809,Raid,Raid/0,none/0,idle,0/0,Balanced,29.5,277.0,24/24,143,Balanced,Army,"A=80,T2=0,T3=71,X=0,N=0",0.61,0,combat-losses,18/8000,31/6170,TransportActive,no/0.0/0.00/none/0/0,14366/5610/losing,"L3,A2,N1",1/building/construction-active,Assault:url0402/0/0,48/18/1,42/4/1,0/0,252/45,28/118,15/0/0,0/0,6/21/97,4521/4521/4521,2063/867/0/6/8/3,36/22/2,172/0,16,0.129/0.180,"L0,A0,W0,M0,H0",11/0/0,26/140,1/154/37,11,none/2,"Lok/ok,Aok/ok,Ndomain/domain","pool:11/3160/9/5320,directed:20/7060/2/12711,nativeLand:28/5702/8/112,nativeAir:17/2170/12/14240,nativeNaval:0/0/0/0,unassigned:0/0/0/0",9/9,5742/18092/23,0/0/0/3/0,0,0,73/11/0,1809,idle/9/100,"pd6/0/0,aa9/0/0,tmd0,sh0,tml0,arty0",17/5/6,25/47,28/23/19/0,20/16/6/0,0.96/0.34
27843831,4,3364,1809,JointAttack,JointAttack/0,none/0,idle,0/0,Recover,23.5,263.0,34/24,106,Balanced,Army,"A=80,T2=0,T3=0,X=0,N=0",0.00,0,combat-losses,21/3780,8/2160,TransportActive,no/0.0/0.00/none/0/0,5996/1180/losing,"L3,A3,N1",1/building/construction-active,Assault:ual0401/0/0,53/18/0,45/5/2,0/0,210/51,47/118,16/0/0,1/0,5/23/95,2718/2718/2718,513/652/0/7/11/0,36/21/0,267/21,21,0.126/0.180,"L0,A0,W0,M0,H0",0/0/0,68/248,0/211/107,17,stall-risk/0,"Lstall/stall,Astall/stall,Ndomain/domain","pool:11/3745/10/0,directed:97/17440/0/20418,nativeLand:31/5668/0/0,nativeAir:14/2610/9/14580,nativeNaval:0/0/0/0,unassigned:7/1890/7/0",12/31,5745/31353/44,0/0/0/0/0,0,0,162/13/13,1809,repairing/16/100,"pd6/0/0,aa9/0/0,tmd0,sh0,tml0,arty0",31/8/8,35/52,7/152/0/0,20/16/6/0,1.00/0.00
27843831,3,3451,1869,Pressure,Pressure/0,Defend/2,yielded,3/73/unmet,Balanced,19.7,272.0,24/24,141,Balanced,Army,"A=100,T2=0,T3=66,X=0,N=0",0.46,0,defense-pressure,18/7380,22/4840,Abandoned,yes/42.7/26.35/surface/2/5,12348/3930/losing,"L3,A2,N1",1/building/construction-active,Assault:url0402/0/0,47/18/2,41/4/1,0/0,252/45,28/118,16/1/21,0/0,6/21/97,4601/4601/4601,2063/867/0/7/8/2,36/25/2,176/0,15,0.140/0.160,"L0,A2,W0,M0,H0",9/0/0,29/152,1/163/37,11,none/2,"Lalert/alert,Aalert/alert,Ndomain/domain","pool:15/4010/12/5320,directed:24/8960/0/14971,nativeLand:23/3942/9/592,nativeAir:23/3790/13/15860,nativeNaval:0/0/0/0,unassigned:1/480/1/0",10/10,6772/21182/27,73/21/3/10/2,0,0,79/14/5,1869,idle/9/100,"pd6/0/0,aa9/0/0,tmd0,sh0,tml0,arty0",17/5/6,19/46,28/26/22/0,20/16/7/0,1.00/0.24
27843831,4,3468,1869,JointAttack,JointAttack/0,Defend/0,idle,27/70/unmet,Recover,21.0,321.0,33/24,118,AirDefense,Army,"A=100,T2=0,T3=0,X=0,N=0",0.00,0,defense-pressure,38/6840,0/0,Abandoned,yes/43.2/43.22/surface/0/16,7008/1005/losing,"L3,A3,N1",1/building/construction-active,Assault:ual0401/0/0,51/18/2,43/5/2,0/0,210/50,47/118,16/0/332,1/0,5/23/95,3139/3139/3139,609/675/0/9/12/3,36/22/0,286/22,18,0.129/0.180,"L0,A0,W0,M0,H0",11/0/0,70/279,0/254/107,17,stall-risk/0,"Lalert/alert,Aalert/alert,Ndomain/domain","pool:13/4965/7/0,directed:78/14360/0/24918,nativeLand:25/4248/7/0,nativeAir:24/6100/18/14580,nativeNaval:0/0/0/0,unassigned:3/900/2/0",12/26,5220/30573/43,70/44/27/24/0,0,0,138/15/4,1869,repairing/16/100,"pd6/0/0,aa10/0/0,tmd0,sh0,tml1,arty0",30/9/8,23/50,7/127/1/0,20/16/7/0,1.00/0.00
27843831,3,3514,1929,Pressure,Pressure/0,none/0,idle,0/0,Balanced,20.2,322.0,24/24,67,GunshipCounter,Army,"A=80,T2=0,T3=68,X=0,N=0",0.51,0,combat-losses,8/3220,12/3020,TransportActive,no/0.0/0.00/none/0/0,6420/312/losing,"L3,A2,N1",1/building/construction-active,Assault:url0402/0/0,45/18/3,39/4/1,1/2,252/45,28/118,17/0/0,0/0,6/21/97,4813/4813/4813,2063/968/0/9/8/4,36/24/2,180/1,13,0.137/0.180,"L0,A0,W0,M0,H0",6/2/0,31/154,2/170/37,11,none/2,"Lok/ok,Aok/ok,Ndomain/domain","pool:24/5110/18/5370,directed:29/11360/0/15451,nativeLand:26/4742/8/592,nativeAir:25/4330/19/17210,nativeNaval:0/0/0/0,unassigned:0/0/0/0",11/11,6712/25542/33,0/0/0/18/3,0,0,96/24/16,1929,idle/9/100,"pd8/0/0,aa9/0/0,tmd0,sh0,tml0,arty0",17/5/6,21/44,33/31/28/0,20/17/9/0,1.00/0.56
27843831,4,3531,1929,JointAttack,JointAttack/0,none/3,yielded,25/200/unmet,Balanced,30.3,371.0,33/24,174,AirDefense,Army,"A=80,T2=0,T3=67,X=0,N=0",0.49,0,combat-losses,41/7380,5/1245,TransportActive,no/0.0/0.00/none/0/0,8813/960/losing,"L3,A3,N1",1/building/construction-active,Assault:ual0401/0/0,50/18/3,42/5/2,0/0,210/50,47/118,16/0/0,1/0,5/23/95,3466/3466/3466,735/769/0/10/13/5,36/20/0,302/22,17,0.122/0.180,"L0,A3,W0,M0,H0",2/0/0,72/281,0/274/127,17,none/0,"Lalert/alert,Aalert/alert,Ndomain/domain","pool:1/270/0/975,directed:68/13640/0/27798,nativeLand:27/4968/4/0,nativeAir:21/7150/13/14850,nativeNaval:0/0/0/0,unassigned:7/2820/5/0",12/23,5220/28848/35,200/40/25/26/0,0,0,127/8/6,1929,repairing/16/100,"pd6/0/0,aa10/0/0,tmd0,sh0,tml1,arty0",30/9/8,34/49,7/114/3/0,20/17/9/0,1.00/0.78
27843831,3,3670,1989,Pressure,Pressure/0,none/0,idle,0/0,ExpandProduction,20.4,322.0,24/24,69,Balanced,Army,"A=80,T2=0,T3=80,X=0,N=0",0.85,0,combat-losses,1/480,21/4350,TransportActive,no/0.0/0.00/none/0/0,5054/412/losing,"L3,A2,N1",1/building/construction-active,Assault:url0402/0/0,47/18/4,38/6/2,0/0,252/45,28/118,17/0/0,0/0,6/21/97,5053/5053/5053,2243/968/0/11/9/6,36/24/2,192/2,21,0.137/0.140,"L0,A0,W0,M0,H0",13/0/0,34/181,5/198/37,11,none/2,"Lok/ok,Aok/ok,Ndomain/domain","pool:16/4490/12/5620,directed:39/15520/0/15451,nativeLand:23/3942/10/592,nativeAir:29/4310/19/19910,nativeNaval:0/0/0/0,unassigned:0/0/0/0",12/14,8892/28262/32,0/0/0/12/3,0,0,101/15/2,1989,idle/9/100,"pd8/0/0,aa9/0/0,tmd0,sh0,tml0,arty0",17/5/6,27/48,34/29/35/0,20/17/11/0,1.00/0.80
27843831,4,3687,1989,JointAttack,JointAttack/0,Defend/0,idle,12/69/unmet,Recover,32.0,422.0,34/24,93,AirDefense,Army,"A=100,T2=0,T3=0,X=0,N=0",0.00,0,defense-pressure,34/6120,9/4185,Abandoned,yes/54.3/54.28/surface/0/0,10441/235/losing,"L3,A3,N1",1/building/construction-active,Assault:ual0401/0/0,55/18/2,43/9/2,0/0,210/51,48/118,16/0/332,1/0,5/23/95,3842/3842/3842,939/819/0/11/14/7,36/21/0,315/22,14,0.126/0.180,"L0,A0,W0,M0,H0",4/0/0,72/318,0/327/149,17,stall-risk/0,"Lalert/alert,Aalert/alert,Ndomain/domain","pool:7/3360/7/1245,directed:50/10400/0/31038,nativeLand:27/4968/7/0,nativeAir:25/7300/19/17520,nativeNaval:0/0/0/0,unassigned:0/0/0/0",12/18,5025/26028/34,69/35/12/27/0,0,0,105/7/3,1989,repairing/16/100,"pd6/0/0,aa10/0/0,tmd0,sh0,tml1,arty0",31/6/11,25/54,7/93/2/0,20/17/11/0,1.00/0.00
27843831,3,3736,2049,Pressure,Pressure/0,none/0,idle,0/0,Balanced,20.5,322.0,24/24,72,Balanced,Army,"A=80,T2=0,T3=67,X=0,N=0",0.47,0,combat-losses,12/5760,28/5580,TransportActive,no/0.0/0.00/none/0/0,11654/100/losing,"L3,A2,N1",2/building/none,Assault:url0402/0/0,48/18/3,38/7/2,1/2,252/45,28/118,17/0/0,0/0,7/27/91,5348/5348/5348,2404/968/0/12/9/6,36/21/1,200/2,19,0.126/0.180,"L0,A0,W0,M0,H0",2/2/0,37/184,4/220/40,11,none/2,"Lok/ok,Aok/ok,Ndomain/domain","pool:7/1870/4/5820,directed:35/13600/0/21691,nativeLand:23/3942/14/592,nativeAir:30/4580/17/22340,nativeNaval:0/0/0/0,unassigned:9/3270/9/0",12/13,7242/27262/28,0/0/0/12/0,0,0,99/11/7,2049,repairing/16/100,"pd8/0/0,aa9/0/0,tmd0,sh0,tml0,arty0",17/5/6,21/47,32/31/33/0,20/19/14/0,1.00/0.30
27843831,4,3751,2049,JointAttack,JointAttack/0,none/0,idle,0/0,Balanced,34.9,472.0,33/24,91,GunshipCounter,Army,"A=80,T2=0,T3=69,X=0,N=0",0.54,0,combat-losses,44/7920,6/5340,Expired,no/0.0/0.00/none/0/0,13360/0/losing,"L3,A3,N1",1/building/construction-active,Assault:ual0401/0/0,55/18/1,43/9/2,0/0,210/50,49/118,16/0/0,1/0,5/23/95,3909/3909/3909,939/826/0/11/14/4,36/25/0,344/22,31,0.140/0.180,"L0,A0,W0,M0,H0",8/0/0,73/319,4/383/170,17,none/0,"Lenergystore/energystore,Aenergystore/energystore,Ndomain/domain","pool:8/3720/6/1245,directed:27/6800/0/35718,nativeLand:30/6048/5/0,nativeAir:24/7030/20/19920,nativeNaval:0/0/0/0,unassigned:2/450/2/0",10/10,6120/24048/24,0/0/0/35/0,0,0,87/15/7,2049,repairing/18/100,"pd6/0/0,aa10/0/0,tmd0,sh0,tml1,arty0",32/6/11,12/54,7/75/3/0,20/19/14/0,1.00/0.09
27843831,3,3811,2109,Pressure,Pressure/0,none/0,idle,0/0,Balanced,28.4,572.0,25/24,81,Balanced,Army,"A=80,T2=0,T3=63,X=0,N=0",0.38,0,combat-losses,22/9920,25/5430,TransportActive,no/0.0/0.00/none/0/0,15652/200/losing,"L3,A2,N1",2/idle/cooldown,Assault:url0402/0/0,47/18/2,37/7/2,0/0,294/45,28/118,21/0/0,0/0,7/27/91,5670/5670/5670,2618/970/0/13/9/5,36/20/0,206/2,14,0.122/0.180,"L0,A0,W0,M0,H0",4/0/0,40/187,4/233/46,11,none/2,"Lok/ok,Aok/ok,Ndomain/domain","pool:5/1130/4/5920,directed:36/14720/0/25371,nativeLand:23/3942/9/592,nativeAir:30/4580/21/25040,nativeNaval:0/0/0/0,unassigned:7/2090/7/0",12/13,6022/26462/27,0/0/0/10/0,0,0,93/13/9,2109,repairing/16/100,"pd8/0/0,aa9/0/0,tmd0,sh0,tml0,arty0",17/5/6,21/46,30/28/32/0,20/19/18/0,1.00/1.00
27843831,4,3828,2109,JointAttack,JointAttack/0,none/0,idle,0/0,ExpandProduction,35.0,522.0,34/24,33,Balanced,Army,"A=80,T2=0,T3=0,X=0,N=0",0.85,0,combat-losses,31/5560,4/4800,TransportActive,no/0.0/0.00/none/0/0,10568/0/losing,"L3,A3,N1",1/building/construction-active,Assault:ual0401/0/0,55/18/0,43/9/2,1/2,210/51,49/118,16/0/0,1/0,5/23/95,4133/4133/4133,954/826/0/11/14/2,36/24/0,381/22,27,0.137/0.180,"L0,A0,W0,M0,H0",0/2/0,76/322,2/410/181,17,none/0,"Lok/ok,Aok/ok,Ndomain/domain","pool:2/1200/1/1245,directed:31/8980/0/36598,nativeLand:27/4968/6/0,nativeAir:26/8500/19/22320,nativeNaval:0/0/0/0,unassigned:2/2040/2/0",12/12,5025/25688/25,0/0/0/32/0,0,0,92/4/2,2109,repairing/18/100,"pd6/0/0,aa10/0/0,tmd0,sh0,tml1,arty0",32/6/11,24/54,7/75/4/0,20/19/18/0,1.00/1.00
27843831,3,3910,2169,Raid,Raid/0,none/0,idle,0/0,Balanced,20.8,822.0,23/24,55,Balanced,Army,"A=80,T2=0,T3=65,X=78,N=0",0.43,1,combat-losses,20/8960,23/5550,TransportActive,no/0.0/0.00/none/0/0,14924/200/losing,"L3,A3,N1",3/building/none,Assault:url0402/0/1,45/18/3,35/7/2,1/2,252/45,28/118,24/0/0,0/0,7/29/89,5885/5885/5885,2618/970/0/15/9/4,36/23/0,211/2,14,0.133/0.180,"L0,A0,W0,M0,H0",7/2/0,43/204,0/253/50,11,none/2,"Lok/ok,Aok/ok,Ndomain/domain","pool:13/5140/12/5970,directed:36/14080/0/30171,nativeLand:23/3942/10/592,nativeAir:26/3500/20/27740,nativeNaval:0/0/0/0,unassigned:0/0/0/0",12/13,6922/26662/29,0/0/0/9/0,0,0,97/14/5,2169,idle/16/100,"pd10/1/0,aa10/0/0,tmd0,sh0,tml1,arty0",17/5/6,17/44,31/29/31/0,20/21/20/0,1.00/1.00
27843831,4,3928,2169,JointAttack,JointAttack/0,none/0,idle,0/0,ExpandProduction,35.0,573.0,34/24,26,Balanced,Army,"A=80,T2=0,T3=0,X=0,N=0",0.85,0,combat-losses,9/1780,4/4800,TransportActive,no/0.0/0.00/none/0/0,6856/200/losing,"L3,A3,N1",1/building/construction-active,Assault:ual0401/0/0,54/18/1,42/9/2,0/0,210/51,49/118,23/0/0,1/0,5/23/95,4367/4367/4367,954/826/0/12/14/1,36/22/0,415/23,26,0.129/0.180,"L0,A0,W0,M0,H0",1/0/0,78/333,5/458/189,17,none/0,"Lok/ok,Aok/ok,Ndomain/domain","pool:3/2310/3/1245,directed:33/10160/0/37498,nativeLand:30/6248/5/0,nativeAir:25/8230/23/24720,nativeNaval:0/0/0/0,unassigned:0/0/0/0",12/13,5105/26948/26,0/0/0/31/0,0,0,95/8/7,2169,idle/18/100,"pd7/1/0,aa10/1/0,tmd1,sh0,tml1,arty0",32/6/11,25/53,7/77/5/0,20/21/20/0,1.00/1.00
27843831,3,4019,2229,Pressure,Pressure/0,Defend/0,idle,0/160/unmet,Balanced,39.2,816.0,24/24,88,Balanced,Army,"A=100,T2=0,T3=62,X=63,N=0",0.34,1,defense-pressure,18/7620,17/4370,Abandoned,yes/136.3/136.31/surface/0/0,12428/52/losing,"L3,A3,N1",3/building/construction-active,Assault:url0402/0/1,45/18/2,35/7/2,0/0,294/45,27/118,27/0/335,1/0,7/29/89,5950/5950/5950,2618/970/0/15/9/3,36/20/0,218/2,15,0.122/0.180,"L0,A0,W0,M0,H0",6/0/9,44/219,3/279/56,11,none/2,"Lalert/alert,Aalert/alert,Ndomain/domain","pool:17/6460/11/6240,directed:32/13180/1/32991,nativeLand:26/6182/8/592,nativeAir:26/3500/22/29090,nativeNaval:0/0/0/0,unassigned:1/50/1/0",11/11,8202/29372/32,160/49/0/18/0,0,0,94/18/3,2229,assisting/17/100,"pd10/1/0,aa12/1/0,tmd1,sh0,tml1,arty0",15/6/6,18/44,31/24/35/0,20/21/23/0,1.00/1.00
27843831,4,4032,2229,JointAttack,JointAttack/0,Defend/0,idle,32/158/unmet,ExpandProduction,35.0,573.0,33/24,38,Balanced,Army,"A=100,T2=0,T3=0,X=0,N=0",0.85,0,defense-pressure,18/4480,4/4800,Abandoned,yes/138.1/138.11/surface/0/0,9504/200/losing,"L3,A3,N1",2/building/construction-active,Assault:ual0401/0/0,53/18/2,41/9/2,0/0,252/50,49/118,26/0/270,1/0,6/29/89,4680/4680/4680,954/826/0/13/14/2,36/23/0,442/23,19,0.133/0.180,"L0,A0,W0,M0,H0",2/0/0,79/347,0/502/189,17,none/0,"Lalert/alert,Aalert/alert,Ndomain/domain","pool:6/2550/6/1245,directed:22/7860/0/41078,nativeLand:29/6648/5/0,nativeAir:21/7150/16/27120,nativeNaval:0/0/0/0,unassigned:0/0/0/0",8/8,5580/24208/24,158/64/32/30/0,0,0,83/4/2,2229,idle/18/100,"pd7/2/0,aa11/2/0,tmd2,sh0,tml1,arty0",32/6/11,36/52,7/63/7/0,20/21/23/0,1.00/1.00
27843831,3,4081,2289,Pressure,Pressure/16,none/0,held,0/0,Balanced,29.3,810.0,24/24,123,Balanced,Experimental,"A=80,T2=0,T3=62,X=82,N=0",0.35,1,reachable-fortification,17/7140,14/3710,TransportActive,no/0.0/0.00/none/0/0,11054/52/losing,"L3,A3,N1",3/building/construction-active,Assault:url0402/0/1,45/18/0,35/7/2,1/2,294/45,27/118,28/0/0,1/0,7/29/89,5958/5958/5958,2618/970/0/15/9/2,36/21/0,229/2,20,0.126/0.180,"L16,A0,W0,M0,H0",7/2/4,49/224,1/289/66,11,none/2,"Lok/ok,Aok/ok,Ndomain/domain","pool:14/5100/8/7520,directed:39/17180/0/37311,nativeLand:23/3942/13/592,nativeAir:26/3500/20/29900,nativeNaval:0/0/0/0,unassigned:1/270/1/0",12/13,10522/29992/33,0/0/0/15/0,0,0,101/14/1,2289,repairing/21/100,"pd10/2/0,aa12/1/0,tmd1,sh1,tml1,arty0",15/3/9,16/44,33/27/36/0,20/23/27/0,1.00/1.00
27843831,4,4092,2289,JointAttack,JointAttack/0,none/0,idle,0/0,ExpandProduction,35.4,573.0,34/24,42,Balanced,Army,"A=80,T2=0,T3=0,X=0,N=0",0.85,0,combat-losses,18/5020,5/6000,TransportActive,no/0.0/0.00/none/0/0,11192/200/losing,"L3,A3,N1",2/building/construction-active,Assault:ual0401/0/0,53/18/1,41/9/2,1/2,252/51,49/118,27/0/0,1/0,6/29/89,4779/4779/4779,954/826/0/13/14/2,36/23/0,461/23,17,0.133/0.180,"L0,A0,W0,M0,H0",0/2/0,79/347,1/524/189,17,none/0,"Lok/ok,Aok/ok,Ndomain/domain","pool:1/840/0/1245,directed:18/6420/0/42518,nativeLand:29/6648/7/0,nativeAir:23/5830/19/30720,nativeNaval:0/0/0/0,unassigned:4/3510/4/0",6/6,4440/23248/23,0/0/0/26/0,0,0,79/5/3,2289,repairing/6/100,"pd7/2/0,aa11/2/0,tmd3,sh1,tml1,arty0",31/7/11,15/52,7/59/7/0,20/23/27/0,1.00/1.00
27843831,3,4155,2349,Raid,Raid/0,none/0,idle,0/0,ExpandProduction,41.2,1095.2,26/24,151,GunshipCounter,Experimental,"A=80,T2=0,T3=80,X=100,N=0",0.85,2,reachable-fortification,14/6720,17/3860,TransportActive,no/0.0/0.00/none/0/0,10716/0/losing,"L3,A3,N1",2/building/construction-active,Assault:url0402/0/2,45/18/0,35/7/2,1/2,294/45,27/118,33/0/0,1/0,7/29/89,5991/5991/5991,2651/970/0/15/9/0,36/21/0,240/2,21,0.126/0.180,"L0,A0,W0,M0,H0",12/2/6,51/239,0/295/71,11,none/2,"Lok/ok,Aok/ok,Ndomain/domain","pool:11/3970/5/7940,directed:40/18460/0/39711,nativeLand:26/5382/10/592,nativeAir:23/2690/19/31250,nativeNaval:0/0/0/0,unassigned:11/40750/8/0",12/14,43412/71252/37,0/0/0/14/0,0,0,105/21/1,2349,assisting/34/100,"pd10/2/0,aa12/2/0,tmd2,sh2,tml1,arty0",15/3/9,19/45,35/24/41/0,20/23/29/0,1.00/0.82
27843831,4,4166,2349,JointAttack,JointAttack/0,none/0,idle,0/0,ExpandProduction,37.8,573.0,35/24,85,Balanced,Army,"A=80,T2=0,T3=0,X=0,N=0",0.85,0,combat-losses,5/1800,5/6000,TransportActive,no/0.0/0.00/none/0/0,7936/200/losing,"L3,A3,N1",2/building/construction-active,Assault:ual0401/0/0,53/18/0,41/9/2,1/2,252/53,49/118,28/0/0,1/0,6/29/89,4937/4937/4937,1003/826/0/13/14/1,36/24/0,467/23,13,0.137/0.180,"L0,A0,W0,M0,H0",0/2/0,79/353,4/550/190,17,none/0,"Lok/ok,Aok/ok,Ndomain/domain","pool:11/6180/10/1245,directed:17/6060/0/42878,nativeLand:29/6648/9/0,nativeAir:19/5680/14/33120,nativeNaval:0/0/0/0,unassigned:0/0/0/0",6/6,4980/24568/22,0/0/0/24/0,0,0,79/11/9,2349,idle/28/100,"pd7/2/0,aa11/2/0,tmd3,sh2,tml1,arty0",31/5/13,21/52,7/58/8/0,20/23/29/0,1.00/1.00
27843831,3,4232,2409,Raid,Raid/0,none/0,idle,0/0,Balanced,29.8,1077.3,27/24,107,Balanced,Experimental,"A=80,T2=0,T3=62,X=83,N=0",0.35,1,reachable-fortification,11/5280,17/3570,TransportActive,no/0.0/0.00/none/0/0,9026/200/losing,"L3,A3,N1",1/building/construction-active,Assault:url0402/0/1,45/18/0,35/7/2,1/2,252/45,27/118,34/0/0,1/0,6/23/95,6027/6027/6027,2687/970/0/15/9/0,36/19/0,248/2,18,0.119/0.180,"L0,A0,W0,M0,H0",11/2/0,55/256,4/311/80,11,none/2,"Lok/ok,Aok/ok,Ndomain/domain","pool:2/470/1/8930,directed:46/22140/0/42591,nativeLand:26/6182/9/592,nativeAir:20/1880/19/32060,nativeNaval:0/0/0/0,unassigned:26/45800/19/0",12/16,42242/76472/38,0/0/0/13/0,0,0,113/27/15,2409,repairing/53/100,"pd11/2/0,aa12/2/0,tmd3,sh3,tml1,arty0",14/2/11,21/45,36/25/46/0,20/25/33/0,1.00/1.00
27843831,4,4243,2409,JointAttack,JointAttack/0,none/0,idle,0/0,ExpandProduction,37.8,573.0,35/24,80,GunshipCounter,Army,"A=80,T2=0,T3=0,X=0,N=0",0.85,0,combat-losses,6/2360,3/3600,TransportActive,no/0.0/0.00/none/0/0,6088/3536/losing,"L3,A3,N1",2/building/construction-active,Assault:ual0401/0/0,53/18/0,41/9/2,1/2,252/53,49/118,28/0/0,1/0,6/29/89,5126/5126/5126,1078/826/0/13/14/0,36/23/0,493/23,38,0.133/0.180,"L0,A0,W0,M0,H0",0/2/0,80/359,18/607/208,17,none/0,"Lok/ok,Aok/ok,Ndomain/domain","pool:4/2790/4/1245,directed:15/6580/0/44878,nativeLand:32/7928/7/0,nativeAir:26/9430/18/34320,nativeNaval:0/0/0/0,unassigned:0/0/0/0",6/6,5260/26728/22,0/0/0/22/0,0,0,81/4/2,2409,assisting/28/100,"pd7/2/0,aa11/2/0,tmd3,sh3,tml1,arty0",31/5/13,18/52,7/56/12/0,20/25/33/0,1.00/1.00
27843831,3,4300,2469,Raid,Raid/0,none/0,idle,0/0,ExpandProduction,44.7,1340.9,29/24,69,Balanced,Experimental,"A=80,T2=0,T3=0,X=100,N=86",0.85,2,reachable-fortification,9/3680,19/3530,TransportActive,no/0.0/0.00/none/0/0,7502/200/losing,"L3,A3,N1",1/building/construction-active,Assault:url0402/0/2,45/18/1,34/7/3,1/2,252/45,27/118,38/0/0,1/0,6/23/95,6056/6056/6056,2716/970/0/16/9/1,36/20/0,258/2,16,0.122/0.180,"L0,A0,W0,M0,H0",18/2/0,58/262,2/324/93,11,none/2,"Lok/ok,Aok/ok,Ndomain/domain","pool:0/0/0/9400,directed:52/26460/0/43391,nativeLand:32/7462/9/592,nativeAir:26/3500/19/32330,nativeNaval:0/0/0/0,unassigned:22/45890/11/990",12/18,42292/83312/50,0/0/0/13/0,0,0,129/24/4,2469,repairing/53/100,"pd11/2/0,aa13/2/0,tmd3,sh4,tml1,arty0",14/2/11,17/45,39/31/54/0,20/27/35/0,1.00/1.00
27843831,4,4307,2469,JointAttack,JointAttack/0,Defend/0,idle,48/183/unmet,ExpandProduction,37.8,673.0,35/24,110,Balanced,Army,"A=100,T2=0,T3=0,X=0,N=0",0.85,0,defense-pressure,17/6060,4/4800,Abandoned,yes/150.2/150.17/surface/0/0,11100/4160/losing,"L3,A3,N1",2/building/construction-active,Assault:ual0401/0/0,53/18/0,41/9/2,0/0,252/53,49/118,29/0/270,1/0,6/29/89,5207/5207/5207,1150/826/0/13/14/0,36/26/0,544/23,40,0.144/0.180,"L0,A0,W0,M0,H0",5/0/0,81/361,2/616/208,17,none/0,"Lalert/alert,Aalert/alert,Ndomain/domain","pool:6/3590/6/1245,directed:6/3800/0/48938,nativeLand:35/10448/9/0,nativeAir:25/8230/22/37920,nativeNaval:0/0/0/0,unassigned:0/0/0/0",2/2,6025/26068/22,183/89/48/23/0,0,0,73/11/6,2469,idle/28/100,"pd7/2/0,aa11/2/0,tmd3,sh3,tml1,arty0",31/5/13,22/52,7/47/13/0,20/27/35/0,1.00/1.00
27843831,3,4394,2529,Raid,Raid/0,Defend/0,idle,0/268/unmet,ExpandProduction,34.6,1370.0,29/24,76,Balanced,Army,"A=100,T2=0,T3=0,X=60,N=55",0.85,2,defense-pressure,16/6720,22/4270,Abandoned,yes/244.6/7.66/air/3/32,11290/0/losing,"L3,A3,N1",1/building/construction-active,Assault:url0402/0/2,45/18/1,34/7/3,0/0,252/45,27/118,40/1/2,1/0,6/23/95,6115/6115/6115,2775/970/0/16/9/1,36/23/0,280/3,25,0.133/0.180,"L0,A0,W0,M0,H0",14/0/0,63/287,5/339/101,11,none/2,"Lalert/alert,Aalert/alert,Ndomain/domain","pool:0/0/0/9400,directed:57/29180/0/49311,nativeLand:23/3942/8/592,nativeAir:25/4460/14/33410,nativeNaval:0/0/0/0,unassigned:15/264370/6/2450",12/19,261072/301952/41,268/32/0/11/0,0,0,118/15/1,2529,repairing/53/100,"pd12/3/0,aa14/3/0,tmd3,sh4,tml2,arty0",12/3/12,26/45,32/27/53/0,20/29/43/1,1.00/1.00
27843831,4,4403,2529,JointAttack,JointAttack/0,Defend/0,idle,32/269/unmet,ExpandProduction,37.8,673.0,35/24,110,Balanced,Army,"A=100,T2=0,T3=0,X=0,N=0",0.85,0,defense-pressure,18/7860,6/7200,Abandoned,yes/239.0/238.99/air/0/0,15364/624/losing,"L3,A3,N1",2/building/construction-active,Assault:ual0401/0/0,53/18/0,41/9/2,0/0,294/53,49/118,30/0/319,1/0,7/32/86,5261/5261/5261,1204/826/0/13/14/0,36/23/0,589/23,34,0.133/0.180,"L0,A0,W0,M0,H0",1/0/0,84/367,1/621/208,17,none/0,"Lalert/alert,Aalert/alert,Ndomain/domain","pool:0/0/0/1245,directed:9/5080/0/52738,nativeLand:32/7928/6/0,nativeAir:25/7300/14/41520,nativeNaval:0/0/0/0,unassigned:6/4160/5/0",3/3,5100/24468/23,269/96/32/24/0,0,0,74/6/5,2529,assisting/19/100,"pd7/2/0,aa11/2/0,tmd3,sh4,tml1,arty0",31/5/13,16/52,7/49/12/0,20/29/43/1,1.00/1.00
27843831,3,4469,2589,Raid,Raid/0,none/0,idle,0/0,ExpandProduction,37.5,1641.4,29/24,65,Balanced,Army,"A=95,T2=0,T3=0,X=100,N=95",0.85,2,combat-losses,19/8800,25/6310,TransportActive,no/0.0/0.00/none/0/0,15414/800/losing,"L3,A3,N1",1/building/construction-active,Assault:url0402/0/2,46/18/0,34/7/4,0/0,252/45,27/118,45/0/0,1/0,6/23/95,6239/6239/6239,2851/970/0/16/9/1,36/25/4,295/3,20,0.140/0.180,"L0,A0,W0,M0,H0",6/0/0,66/309,3/355/119,11,none/2,"Lok/ok,Aok/ok,Ndomain/domain","pool:0/0/0/9400,directed:60/31420/0/52191,nativeLand:26/6182/12/592,nativeAir:17/3400/14/35970,nativeNaval:0/0/0/0,unassigned:8/262200/6/3660",12/20,262512/303202/38,0/0/0/6/0,0,0,109/8/2,2589,repairing/53/100,"pd12/4/0,aa14/3/0,tmd4,sh4,tml2,arty0",12/3/12,26/46,25/21/57/0,20/31/48/1,1.00/1.00
27843831,4,4479,2589,JointAttack,JointAttack/0,Defend/2,yielded,53/282/unmet,Balanced,37.8,723.5,33/24,129,Balanced,Army,"A=100,T2=0,T3=0,X=0,N=0",0.53,0,defense-pressure,6/3800,9/6940,Abandoned,yes/218.0/218.02/air/0/0,10916/0/losing,"L3,A3,N1",2/building/construction-active,Assault:ual0401/0/0,53/18/0,41/9/2,0/0,294/50,49/118,31/0/319,1/0,7/32/86,5290/5290/5290,1237/826/0/13/14/0,36/18/0,626/23,28,0.115/0.180,"L0,A2,W0,M0,H0",6/0/0,86/373,0/624/208,17,none/0,"Lalert/alert,Aalert/alert,Ndomain/domain","pool:7/6030/6/1245,directed:15/7640/0/52738,nativeLand:29/6648/8/0,nativeAir:19/4890/17/44860,nativeNaval:0/0/0/0,unassigned:0/0/0/0",5/5,4960/25208/19,282/94/53/23/0,0,0,72/12/6,2589,idle/19/100,"pd8/2/0,aa12/2/0,tmd3,sh4,tml1,arty0",31/5/13,14/52,7/47/12/0,20/31/48/1,1.00/1.00
27843831,3,4554,2649,Raid,Raid/0,none/0,idle,0/0,Balanced,51.8,1651.0,31/24,53,Balanced,Army,"A=95,T2=0,T3=0,X=100,N=92",0.35,2,combat-losses,18/10240,17/7040,TransportActive,no/0.0/0.00/none/0/0,17608/1622/losing,"L3,A3,N1",1/building/construction-active,Assault:url0402/0/2,53/18/0,34/14/4,0/0,252/47,27/118,50/0/0,1/0,6/23/95,6330/6330/6330,2851/970/0/16/9/0,36/22/0,305/3,15,0.129/0.180,"L0,A0,W0,M0,H0",6/0/0,69/332,5/390/145,11,none/2,"Lok/ok,Aok/ok,Ndomain/domain","pool:0/0/0/9400,directed:57/29180/0/59551,nativeLand:26/6182/8/592,nativeAir:15/1630/14/39240,nativeNaval:0/0/0/0,unassigned:9/262680/6/3660",12/19,262512/299672/34,0/0/0/5/0,0,0,106/9/3,2649,repairing/53/100,"pd12/4/0,aa14/4/0,tmd5,sh4,tml2,arty0",12/2/13,19/53,25/20/55/0,20/32/55/1,0.99/1.00
27843831,4,4565,2649,JointAttack,JointAttack/0,none/0,idle,0/0,Balanced,37.8,749.7,35/24,84,Balanced,Army,"A=75,T2=0,T3=0,X=0,N=0",0.50,0,field-pressure,0/0,9/6940,Expired,no/0.0/0.00/none/0/0,7028/0/losing,"L3,A3,N1",2/idle/negative-energy-trend,Assault:ual0401/0/0,53/18/0,41/9/2,0/0,252/53,49/118,31/0/0,1/0,6/29/89,5477/5477/5477,1324/826/0/13/14/0,36/22/0,659/24,27,0.129/0.180,"L0,A0,W0,M0,H0",1/0/0,87/379,7/648/208,17,none/0,"Lok/ok,Aok/ok,Ndomain/domain","pool:11/7110/9/1245,directed:18/10160/0/52738,nativeLand:29/6648/12/0,nativeAir:16/5010/10/48460,nativeNaval:0/0/0/0,unassigned:0/0/0/0",6/6,5100/28928/23,0/0/0/21/0,0,0,76/6/5,2649,idle/19/100,"pd8/2/0,aa12/2/0,tmd3,sh4,tml1,arty0",31/5/13,20/52,7/47/16/0,20/32/55/1,1.00/1.00
27843831,3,4620,2709,Raid,Raid/0,none/0,idle,0/0,ExpandProduction,58.7,1656.6,31/24,51,Balanced,Experimental,"A=80,T2=0,T3=0,X=100,N=96",0.85,2,reachable-fortification,15/9600,4/3540,Ready,no/0.0/0.00/none/0/0,13428/822/losing,"L3,A3,N1",1/building/construction-active,Assault:url0402/0/2,54/18/0,34/14/5,0/0,252/47,27/118,48/0/0,1/0,6/23/95,6439/6439/6439,2851/970/0/16/9/0,36/22/0,310/3,14,0.129/0.180,"L0,A0,W0,M0,H0",5/0/0,74/337,8/416/165,11,none/2,"Lok/ok,Aok/ok,Ndomain/domain","pool:0/0/0/9400,directed:69/35740/0/61791,nativeLand:23/3942/15/592,nativeAir:15/2860/14/39510,nativeNaval:0/0/0/0,unassigned:9/262680/6/3660",12/23,261072/305222/37,0/0/0/5/0,0,0,113/9/4,2709,repairing/53/100,"pd12/5/0,aa14/4/0,tmd7,sh4,tml2,arty0",10/4/13,26/54,25/19/64/0,20/33/61/1,0.95/1.00
27843831,4,4630,2709,JointAttack,JointAttack/0,none/0,idle,0/0,ExpandProduction,41.2,773.0,35/24,85,Balanced,Army,"A=95,T2=0,T3=0,X=0,N=0",0.85,0,combat-losses,6/3800,7/8400,Expired,no/0.0/0.00/none/0/0,12312/1732/losing,"L3,A3,N1",3/idle/cooldown,Assault:ual0401/0/0,53/18/0,41/9/2,0/0,252/53,49/118,31/0/0,1/0,6/29/89,5821/5821/5821,1464/826/0/13/14/0,36/25/0,681/24,18,0.140/0.180,"L0,A0,W0,M0,H0",0/0/0,88/380,8/691/208,17,none/0,"Lok/ok,Aok/ok,Ndomain/domain","pool:7/6030/6/1245,directed:15/8880/0/56538,nativeLand:29/6648/8/0,nativeAir:19/4890/13/53260,nativeNaval:0/0/0/0,unassigned:0/0/0/0",5/5,7060/26448/20,0/0/0/17/0,0,0,72/7/7,2709,idle/29/100,"pd8/2/0,aa12/2/0,tmd3,sh4,tml1,arty0",31/3/15,23/52,7/45/14/0,20/33/61/1,1.00/1.00
27843831,3,4678,2769,Raid,Raid/0,none/0,idle,0/0,Balanced,41.5,1671.9,32/24,61,AirDefense,Experimental,"A=80,T2=0,T3=0,X=68,N=68",0.34,2,reachable-fortification,12/8160,3/3270,Expired,no/0.0/0.00/none/0/0,11808/0/losing,"L3,A3,N1",1/building/construction-active,Assault:url0402/0/2,53/18/1,34/13/5,0/0,210/48,27/118,51/0/0,1/0,5/22/96,6561/6561/6561,2851/970/0/17/9/1,36/26/0,337/3,30,0.144/0.180,"L0,A0,W0,M0,H0",7/0/0,78/341,5/452/197,11,none/2,"Lok/ok,Aok/ok,Ndomain/domain","pool:0/0/0/9400,directed:72/36380/0/67711,nativeLand:23/3942/10/592,nativeAir:14/1360/14/42510,nativeNaval:0/0/0/0,unassigned:10/263160/7/3660",12/25,262032/304842/37,0/0/0/5/0,0,0,116/9/2,2769,repairing/53/100,"pd12/6/0,aa14/6/0,tmd8,sh4,tml2,arty0",10/4/13,31/53,25/19/66/0,20/35/67/2,1.00/1.00
27843831,4,4688,2769,JointAttack,JointAttack/0,none/0,idle,0/0,ExpandProduction,41.2,773.0,35/24,63,Balanced,Army,"A=80,T2=0,T3=0,X=0,N=0",0.85,0,combat-losses,9/5080,7/8400,Expired,no/0.0/0.00/none/0/0,13600/1732/losing,"L3,A3,N1",3/idle/cooldown,Assault:ual0401/0/0,53/18/0,41/9/2,0/0,252/53,49/118,31/0/0,1/0,6/29/89,5975/5975/5975,1584/826/0/13/14/0,36/26/0,694/24,16,0.144/0.180,"L0,A0,W0,M0,H0",0/0/0,89/381,1/697/209,17,none/0,"Lok/ok,Aok/ok,Ndomain/domain","pool:2/1060/1/1245,directed:15/10120/0/57818,nativeLand:32/8548/12/0,nativeAir:16/5010/8/56860,nativeNaval:0/0/0/0,unassigned:8/4590/8/0",5/5,9500/29328/20,0/0/0/17/0,0,0,75/11/11,2769,repairing/29/100,"pd8/2/0,aa12/2/0,tmd3,sh4,tml1,arty0",31/3/15,17/52,7/45/17/0,20/35/67/2,1.00/1.00
27843831,3,4777,2829,Raid,Raid/0,Defend/0,idle,15/140/unmet,ExpandProduction,39.5,1687.5,31/24,50,AirDefense,Army,"A=100,T2=0,T3=0,X=56,N=56",0.85,2,defense-pressure,30/16800,3/4500,Abandoned,yes/124.4/124.41/surface/0/0,21814/0/losing,"L3,A3,N1",1/building/construction-active,Assault:url0402/0/2,54/18/1,34/13/6,0/0,210/47,27/118,51/0/335,1/0,5/22/96,6671/6671/6671,2851/970/0/17/9/1,36/25/0,345/3,21,0.140/0.180,"L0,A0,W0,M0,H0",13/0/0,82/369,14/484/213,11,none/2,"Lalert/alert,Aalert/alert,Ndomain/domain","pool:0/0/0/9400,directed:64/32540/0/78591,nativeLand:26/5862/8/592,nativeAir:14/1360/14/44010,nativeNaval:0/0/0/0,unassigned:14/262040/12/3660",12/23,261552/301802/34,140/53/15/13/0,0,0,109/17/4,2829,repairing/53/100,"pd12/6/0,aa14/6/0,tmd9,sh4,tml2,arty0",10/2/15,27/53,25/15/64/0,20/37/72/2,1.00/1.00
27843831,4,4788,2829,JointAttack,JointAttack/0,Defend/0,idle,0/0,ExpandProduction,41.2,929.6,35/24,76,Balanced,Army,"A=100,T2=0,T3=0,X=73,N=0",0.85,1,defense-pressure,3/1280,7/8400,Abandoned,yes/139.6/139.63/surface/0/0,9804/0/losing,"L3,A3,N1",3/building/construction-active,Assault:ual0401/0/1,57/18/1,41/11/4,1/2,294/53,49/118,33/0/270,1/0,7/29/89,6106/6106/6106,1702/826/0/14/14/1,36/27/0,708/24,16,0.148/0.180,"L0,A0,W0,M0,H0",0/2/0,90/387,1/718/214,17,none/0,"Lalert/alert,Aalert/alert,Ndomain/domain","pool:3/3240/2/1245,directed:18/12020/0/57818,nativeLand:32/8548/9/0,nativeAir:18/3690/14/61660,nativeNaval:0/0/0/0,unassigned:3/1330/2/0",6/6,7734/28828/21,0/0/0/17/0,0,0,77/6/4,2829,repairing/29/100,"pd8/2/0,aa12/2/0,tmd3,sh4,tml1,arty0",31/3/15,14/56,7/46/18/0,20/37/72/2,1.00/0.84
27843831,3,4834,2889,Raid,Raid/0,none/0,idle,0/0,Balanced,37.7,1988.4,31/24,51,AirDefense,Army,"A=80,T2=0,T3=0,X=64,N=64",0.34,2,combat-losses,37/20160,2/3000,Expired,no/0.0/0.00/none/0/0,23560/0/losing,"L3,A3,N1",1/building/construction-active,Assault:url0402/0/2,54/18/0,34/13/6,1/3,210/47,27/118,51/0/0,1/0,5/22/96,6793/6793/6793,2851/970/0/17/9/1,36/24/0,349/3,19,0.137/0.160,"L0,A0,W0,M0,H0",3/3/0,87/374,9/531/259,11,none/2,"Lok/ok,Aok/ok,Ndomain/domain","pool:0/0/0/9400,directed:66/30140/0/88351,nativeLand:26/5382/14/592,nativeAir:14/1360/14/45510,nativeNaval:0/0/0/0,unassigned:11/264440/7/3660",12/22,261232/301322/35,0/0/0/19/0,0,0,115/11/6,2889,repairing/53/100,"pd12/6/0,aa14/6/0,tmd9,sh4,tml2,arty0",10/2/15,24/53,25/22/62/0,20/37/74/3,0.74/0.96
27843831,4,4846,2889,JointAttack,JointAttack/0,Defend/3,yielded,47/523/unmet,Recover,31.7,873.0,34/24,94,Balanced,Army,"A=100,T2=0,T3=0,X=0,N=0",0.00,3,defense-pressure,6/2560,6/7200,Abandoned,yes/293.1/293.15/surface/0/0,9972/0/losing,"L3,A3,N1",3/building/construction-active,Assault:ual0401/0/3,57/18/1,41/11/4,0/0,294/51,49/118,34/0/270,1/0,7/29/89,6178/6178/6178,1773/826/0/14/14/1,36/31/0,716/25,11,0.162/0.180,"L0,A3,W0,M0,H0",6/0/0,92/389,1/728/214,17,none/0,"Lalert/alert,Aalert/alert,Ndomain/domain","pool:4/72650/2/1245,directed:18/13260/0/60378,nativeLand:32/8548/7/0,nativeAir:20/6090/11/64060,nativeNaval:0/0/0/0,unassigned:3/1950/3/0",6/6,48250/102498/21,523/93/47/23/0,0,0,77/15/9,2889,repairing/35/100,"pd9/2/0,aa13/2/0,tmd3,sh5,tml1,arty0",30/4/15,19/56,7/43/21/0,20/37/74/3,1.00/0.00
27843831,3,4920,2949,Raid,Raid/0,Defend/0,idle,32/223/unmet,ExpandProduction,48.8,2234.4,30/24,84,Balanced,Army,"A=100,T2=0,T3=0,X=88,N=0",0.85,2,defense-pressure,33/18080,2/3000,Abandoned,yes/139.7/4.38/air/3/32,24266/100/losing,"L3,A3,N1",1/building/construction-active,Assault:url0402/0/2,52/18/2,34/11/6,0/0,210/45,27/118,51/2/2,1/0,5/22/96,6940/6940/6940,2851/970/0/19/11/4,36/23/0,353/3,20,0.133/0.180,"L0,A0,W0,M0,H0",9/0/0,91/399,8/557/286,11,none/2,"Lalert/alert,Aalert/alert,Ndomain/domain","pool:0/0/0/9400,directed:63/29660/0/96671,nativeLand:27/5862/10/592,nativeAir:14/1360/11/47010,nativeNaval:0/0/0/0,unassigned:12/264120/7/3660",12/21,261982/301002/35,223/56/32/23/0,0,0,112/12/3,2949,repairing/53/100,"pd12/5/0,aa14/6/1,tmd7,sh4,tml2,arty0",7/5/15,27/52,25/19/63/0,20/38/80/4,0.76/1.00
27843831,4,4931,2949,JointAttack,JointAttack/0,Defend/0,idle,32/249/unmet,ExpandProduction,41.6,1274.7,33/24,111,Balanced,Army,"A=100,T2=0,T3=0,X=74,N=61",0.85,3,defense-pressure,10/5920,5/6000,Abandoned,yes/221.3/221.33/air/0/0,12120/312/losing,"L3,A3,N1",2/building/construction-active,Assault:ual0401/0/3,57/18/0,41/11/4,0/0,294/50,49/118,35/0/319,1/0,7/29/89,6340/6340/6340,1877/826/0/14/14/1,36/28/1,771/25,52,0.151/0.180,"L0,A0,W0,M0,H0",3/0/0,93/396,0/732/217,17,none/0,"Lalert/alert,Aalert/alert,Ndomain/domain","pool:6/73970/2/1245,directed:17/11800/0/63738,nativeLand:32/8548/7/0,nativeAir:20/6090/11/67660,nativeNaval:0/0/0/0,unassigned:2/1110/2/0",6/6,47890/101518/22,249/346/32/20/0,0,0,77/7/4,2949,repairing/35/100,"pd9/2/0,aa13/2/0,tmd3,sh5,tml1,arty0",30/4/15,27/56,7/44/21/0,20/38/80/4,1.00/0.81
27843831,3,4969,3009,Raid,Raid/0,Defend/0,idle,15/71/unmet,ExpandProduction,54.0,2250.0,29/24,83,Balanced,Army,"A=100,T2=0,T3=0,X=98,N=0",0.85,2,defense-pressure,23/11680,2/3000,Abandoned,yes/50.7/50.67/air/0/0,24260/100/losing,"L3,A3,N1",1/building/construction-active,Assault:url0402/0/2,51/18/3,33/11/6,0/0,210/45,26/118,45/0/185,2/0,5/22/96,6954/6954/6954,2852/975/0/20/12/6,36/26/0,372/3,34,0.144/0.180,"L0,A0,W0,M0,H0",8/0/0,95/403,8/587/315,11,none/2,"Lalert/alert,Aalert/alert,Ndomain/domain","pool:0/0/0/9400,directed:70/33020/0/99551,nativeLand:29/7622/9/592,nativeAir:15/2860/14/48510,nativeNaval:0/0/0/0,unassigned:11/263640/8/3660",12/23,262132/307142/38,71/53/15/31/0,0,0,121/11/3,3009,repairing/53/100,"pd10/5/0,aa11/5/1,tmd7,sh4,tml2,arty0",7/5/14,20/51,25/19/71/0,20/40/88/4,0.84/1.00
27843831,4,4981,3009,JointAttack,JointAttack/0,Defend/3,yielded,47/345/unmet,ExpandProduction,45.8,1269.1,33/24,116,Balanced,Army,"A=100,T2=0,T3=0,X=82,N=71",0.85,3,defense-pressure,6/5040,6/7200,Abandoned,yes/58.7/58.67/air/0/0,12592/562/losing,"L3,A3,N1",1/building/construction-active,Assault:ual0401/0/3,57/18/0,41/11/4,0/0,294/50,49/118,35/0/319,1/0,7/29/89,6506/6506/6506,2044/826/0/14/15/1,36/23/0,818/25,43,0.133/0.180,"L0,A3,W0,M0,H0",6/0/0,95/398,0/734/218,17,none/0,"Lalert/alert,Aalert/alert,Ndomain/domain","pool:9/76850/6/1245,directed:21/14540/0/65418,nativeLand:29/6648/7/0,nativeAir:20/6090/14/71260,nativeNaval:0/0/0/0,unassigned:2/490/2/0",7/7,51350/104618/24,345/370/47/24/0,0,0,80/16/10,3009,assisting/34/100,"pd10/2/0,aa13/2/0,tmd3,sh5,tml1,arty0",30/1/18,28/56,7/44/23/0,20/40/88/4,1.00/0.98
27843831,3,5030,3069,Raid,Raid/0,none/0,idle,0/0,ExpandProduction,36.6,2267.6,29/24,82,Balanced,Experimental,"A=80,T2=0,T3=0,X=100,N=79",0.85,1,reachable-fortification,14/6720,2/3000,Expired,no/0.0/0.00/none/0/0,16450/208/losing,"L3,A3,N1",2/building/none,Assault:url0402/1/2,52/18/1,33/11/7,1/2,210/45,26/118,45/0/0,2/0,6/28/90,7038/7038/7038,2883/1020/0/20/14/8,36/22/0,383/3,30,0.129/0.180,"L0,A0,W0,M0,H0",6/2/0,101/409,6/610/334,11,none/2,"Lok/ok,Aok/ok,Ndomain/domain","pool:6/223420/4/9400,directed:82/37980/0/103871,nativeLand:32/46082/12/592,nativeAir:15/2860/15/50010,nativeNaval:0/0/0/0,unassigned:5/2400/5/3660",12/27,265652/312742/41,0/0/0/41/0,0,0,137/9/1,3069,assisting/44/100,"pd10/5/0,aa11/5/2,tmd7,sh4,tml2,arty0",7/4/15,31/52,25/24/81/1,20/42/95/4,1.00/1.00
27843831,4,5044,3069,JointAttack,JointAttack/0,none/0,idle,0/0,Balanced,46.0,1263.0,33/24,74,Balanced,Experimental,"A=80,T2=0,T3=0,X=100,N=76",0.46,3,reachable-fortification,2/1680,7/8400,TransportActive,no/0.0/0.00/none/0/0,10408/250/losing,"L3,A3,N1",1/building/construction-active,Assault:ual0401/0/3,57/18/0,41/11/4,1/2,294/50,50/118,35/0/0,1/0,7/29/89,6720/6720/6720,2246/826/0/14/15/1,36/16/2,855/25,38,0.108/0.180,"L0,A0,W0,M0,H0",1/2/0,97/400,0/735/218,17,none/0,"Lok/ok,Aok/ok,Ndomain/domain","pool:2/70250/0/1245,directed:27/18960/0/65418,nativeLand:32/9168/10/0,nativeAir:16/5010/9/76060,nativeNaval:0/0/0/0,unassigned:10/6270/10/0",9/9,52590/109658/24,0/0/0/25/0,0,0,86/7/4,3069,repairing/31/100,"pd10/2/0,aa13/2/0,tmd3,sh5,tml1,arty0",31/1/18,23/56,7/45/28/0,20/42/95/4,1.00/0.99
27843831,3,5147,3129,Raid,Raid/0,none/0,idle,0/0,ExpandProduction,39.7,2298.9,29/24,59,AirDefense,Experimental,"A=80,T2=0,T3=0,X=82,N=82",0.85,2,reachable-fortification,30/15200,2/3000,Expired,no/0.0/0.00/none/0/0,18664/260/losing,"L3,A3,N1",2/idle/cooldown,Assault:url0402/1/2,52/18/0,33/11/7,0/0,210/45,26/118,44/0/0,2/0,5/22/96,7213/7213/7213,2953/1108/0/20/14/4,36/24/0,386/3,20,0.137/0.180,"L0,A0,W0,M0,H0",2/0/0,106/458,7/638/361,11,none/2,"Lok/ok,Aok/ok,Ndomain/domain","pool:1/220000/0/9400,directed:76/35100/0/114751,nativeLand:34/46242/8/592,nativeAir:15/2860/14/51510,nativeNaval:0/0/0/0,unassigned:10/42840/10/3660",12/25,264052/347042/40,0/0/0/35/0,0,0,132/12/10,3129,repairing/53/100,"pd10/5/0,aa11/5/2,tmd7,sh4,tml2,arty0",7/4/15,24/52,25/24/75/1,20/44/102/5,1.00/1.00
27843831,4,5163,3129,JointAttack,JointAttack/0,none/0,idle,0/0,Balanced,45.8,1345.0,35/24,44,Balanced,Experimental,"A=60,T2=0,T3=0,X=79,N=74",0.42,3,reachable-fortification,0/0,6/7200,TransportActive,no/0.0/0.00/none/0/0,7328/0/losing,"L3,A3,N1",1/building/construction-active,Assault:ual0401/0/3,57/18/0,41/11/4,1/2,294/53,49/118,35/0/0,1/0,7/29/89,6841/6841/6841,2278/826/0/14/15/1,36/19/2,891/25,31,0.119/0.180,"L0,A0,W0,M0,H0",0/2/0,99/417,0/762/232,17,none/0,"Lok/ok,Aok/ok,Ndomain/domain","pool:7/75170/5/1245,directed:33/24000/0/65418,nativeLand:29/6648/7/0,nativeAir:20/6090/14/78460,nativeNaval:0/0/0/0,unassigned:1/270/1/0",11/11,50190/112178/27,0/0/0/23/0,0,0,89/8/6,3129,repairing/35/100,"pd10/2/0,aa13/2/0,tmd3,sh5,tml1,arty0",30/1/18,15/56,7/45/31/0,20/44/102/5,1.00/0.99
27843831,3,5206,3189,Raid,Raid/0,none/0,idle,0/0,ExpandProduction,48.2,2332.1,29/24,23,AirDefense,Experimental,"A=80,T2=0,T3=0,X=89,N=89",0.85,2,reachable-fortification,30/14080,2/3000,Expired,no/0.0/0.00/none/0/0,17440/52/losing,"L3,A3,N1",3/building/none,Assault:url0402/1/3,53/18/0,33/11/8,1/3,210/45,26/118,46/0/0,2/0,6/23/95,7251/7251/7251,2991/1108/0/20/14/2,36/27/0,406/3,36,0.148/0.180,"L0,A0,W0,M0,H0",7/3/0,113/463,4/661/382,11,none/2,"Lok/ok,Aok/ok,Ndomain/domain","pool:1/220000/0/9400,directed:93/42780/0/117471,nativeLand:28/43362/11/592,nativeAir:15/2860/14/53010,nativeNaval:0/0/0/0,unassigned:13/44280/10/3660",12/31,264372/353282/44,0/0/0/31/0,0,0,147/14/4,3189,repairing/53/100,"pd10/5/0,aa11/5/2,tmd8,sh4,tml2,arty0",7/4/15,24/52,25/23/89/1,20/45/108/5,1.00/1.00
27843831,4,5224,3189,JointAttack,JointAttack/0,none/0,idle,0/0,Balanced,45.8,1333.4,35/24,17,GunshipCounter,Experimental,"A=80,T2=0,T3=0,X=75,N=0",0.44,3,breakthrough,1/840,6/7200,TransportActive,no/0.0/0.00/none/0/0,8128/200/losing,"L3,A3,N1",1/building/construction-active,Assault:ual0401/0/3,57/18/0,41/11/4,1/2,294/53,49/118,35/0/0,1/0,7/29/89,7001/7001/7001,2281/826/0/14/15/0,36/24/2,925/25,27,0.137/0.180,"L0,A0,W0,M0,H0",0/2/0,100/418,1/774/232,17,none/0,"Lok/ok,Aok/ok,Ndomain/domain","pool:6/74330/4/1245,directed:36/26520/0/65418,nativeLand:31/8328/7/840,nativeAir:16/5010/9/83260,nativeNaval:0/0/0/0,unassigned:6/2190/6/0",12/12,50910/116378/28,0/0/0/23/0,0,0,95/13/11,3189,repairing/35/100,"pd10/2/0,aa13/2/0,tmd3,sh5,tml1,arty0",30/1/18,17/56,7/45/36/0,20/45/108/5,1.00/1.00
27843831,3,5297,3249,Raid,Raid/0,Defend/0,idle,15/222/unmet,Balanced,50.6,2556.5,29/24,49,Balanced,Army,"A=100,T2=0,T3=0,X=91,N=70",0.37,2,defense-pressure,27/11520,2/3000,Abandoned,yes/134.3/33.58/air/1/4,15200/280/losing,"L3,A3,N1",3/idle/cooldown,Assault:url0402/1/2,51/18/2,31/11/8,0/0,210/45,26/118,46/0/185,2/0,5/22/96,7283/7283/7283,3020/1108/0/22/16/4,36/21/0,421/3,31,0.126/0.180,"L0,A0,W0,M0,H0",7/0/0,118/478,11/697/407,11,none/2,"Lalert/alert,Aalert/alert,Ndomain/domain","pool:1/220000/0/9400,directed:90/41660/0/126271,nativeLand:34/46242/9/592,nativeAir:14/1360/3/56010,nativeNaval:0/0/0/0,unassigned:10/42840/9/3660",12/30,263852/352102/44,222/53/15/37/0,0,0,147/11/4,3249,repairing/53/100,"pd10/5/0,aa11/5/2,tmd8,sh4,tml2,arty0",7/4/15,25/50,25/22/91/1,20/46/113/5,0.99/0.96
27843831,4,5312,3249,JointAttack,JointAttack/0,none/0,idle,0/0,ExpandProduction,40.7,1223.0,34/24,88,Balanced,Experimental,"A=80,T2=0,T3=0,X=100,N=0",0.85,3,reachable-fortification,15/11360,7/8400,TransportActive,no/0.0/0.00/none/0/0,34182/3978/losing,"L3,A3,N1",1/building/construction-active,Assault:ual0401/0/3,53/18/4,38/10/4,1/2,294/51,47/118,31/0/0,4/0,7/29/89,7163/7163/7163,2382/831/0/18/26/15,36/23/2,958/25,26,0.133/0.180,"L0,A0,W0,M0,H0",0/2/0,101/423,0/777/234,17,none/0,"Lok/ok,Aok/ok,Ndomain/domain","pool:3/71090/0/1245,directed:28/21040/0/73418,nativeLand:29/6648/8/2520,nativeAir:20/6090/14/85660,nativeNaval:0/0/0/0,unassigned:5/3990/5/2040",10/10,45990/108858/31,0/0/0/23/2,0,0,87/8/6,3249,moving/41/100,"pd8/2/0,aa11/2/0,tmd3,sh5,tml1,arty0",30/1/16,22/52,7/43/30/0,20/46/113/5,1.00/1.00
27843831,3,5449,3309,Raid,Raid/0,Defend/0,idle,0/232/unmet,ExpandProduction,44.3,2433.2,29/24,78,Balanced,Army,"A=100,T2=0,T3=0,X=79,N=0",0.85,2,defense-pressure,49/21480,5/4600,Abandoned,yes/188.3/28.86/air/1/7,26900/1666/losing,"L3,A3,N1",3/idle/defense-alert,Assault:url0402/1/2,50/18/3,30/11/8,0/0,210/45,26/118,46/0/185,2/0,5/22/96,7351/7351/7351,3087/1108/0/23/16/5,36/22/0,428/3,22,0.129/0.180,"L0,A0,W0,M0,H0",10/0/0,124/543,10/748/456,11,none/2,"Lalert/alert,Aalert/alert,Ndomain/domain","pool:1/220000/0/9400,directed:79/38100/0/138471,nativeLand:38/46882/9/1072,nativeAir:21/3690/6/57610,nativeNaval:0/0/0/0,unassigned:13/43750/8/3660",12/28,265402/352422/47,232/15/0/48/0,0,0,148/12/2,3309,repairing/53/100,"pd10/5/0,aa11/5/2,tmd8,sh4,tml2,arty0",4/7/15,33/49,23/29/89/1,20/48/113/6,0.73/1.00
27843831,4,5466,3309,JointAttack,JointAttack/0,none/0,idle,0/0,ExpandProduction,35.5,1263.0,30/24,86,Balanced,Experimental,"A=80,T2=0,T3=80,X=100,N=0",0.85,3,reachable-fortification,27/18960,5/5070,TransportActive,no/0.0/0.00/none/0/0,59880/11090/losing,"L3,A3,N1",1/building/construction-active,Assault:ual0401/0/3,50/18/7,36/10/3,0/0,294/45,45/118,28/0/0,6/0,7/29/89,7241/7241/7241,2507/831/0/21/26/18,36/23/2,986/25,21,0.133/0.180,"L0,A0,W0,M0,H0",0/0/0,105/450,0/789/234,17,none/0,"Lok/ok,Aok/ok,Ndomain/domain","pool:11/73680/9/3155,directed:34/21120/0/78898,nativeLand:30/6248/10/3360,nativeAir:21/6360/16/85660,nativeNaval:0/0/0/0,unassigned:0/0/0/3720",12/12,43590/107408/26,0/0/0/21/0,0,0,91/16/16,3309,idle/33/100,"pd6/2/0,aa10/2/0,tmd3,sh5,tml1,arty0",30/1/14,13/49,7/53/25/0,20/48/113/6,1.00/1.00
27843831,3,5543,3369,Raid,Raid/0,Defend/4,yielded,58/100/unmet,Balanced,45.8,2441.5,29/24,92,Balanced,Army,"A=100,T2=0,T3=0,X=79,N=0",0.35,2,defense-pressure,56/27240,5/4600,Abandoned,yes/123.0/123.03/surface/0/0,32172/3106/losing,"L3,A3,N1",2/idle/defense-alert,Assault:url0402/1/2,50/18/1,30/11/8,0/0,210/45,26/118,45/0/335,2/0,5/22/96,7357/7357/7357,3093/1108/0/24/16/6,36/22/0,436/3,22,0.129/0.180,"L4,A0,W0,M0,H0",5/0/2,131/562,9/770/479,11,none/2,"Lalert/alert,Aalert/alert,Ndomain/domain","pool:1/220000/0/9400,directed:85/35700/0/153031,nativeLand:34/46242/8/1072,nativeAir:21/3690/8/59110,nativeNaval:0/0/0/0,unassigned:11/43110/9/3660",12/26,266532/348742/44,100/102/58/62/0,0,0,149/15/8,3369,repairing/53/100,"pd10/5/0,aa11/5/2,tmd8,sh4,tml2,arty0",4/5/17,24/49,23/33/84/1,20/49/116/7,0.53/1.00
27843831,4,5558,3369,JointAttack,JointAttack/0,Defend/8,yielded,75/162/unmet,ExpandProduction,35.5,1263.0,30/24,102,GunshipCounter,Army,"A=100,T2=0,T3=0,X=62,N=0",0.85,3,defense-pressure,22/14760,4/3870,Abandoned,yes/145.4/145.40/surface/0/0,40098/8452/losing,"L3,A3,N1",1/building/construction-active,Assault:ual0401/0/3,50/18/3,36/10/3,0/0,294/45,45/118,29/0/200,6/0,7/29/89,7337/7337/7337,2607/831/0/21/26/18,36/21/1,1009/25,20,0.126/0.180,"L0,A8,W0,M0,H0",1/0/0,106/456,0/797/234,17,none/0,"Lok/ok,Aok/ok,Ndomain/domain","pool:18/76360/11/3155,directed:27/15240/0/86058,nativeLand:30/7488/8/3360,nativeAir:27/5945/19/88060,nativeNaval:0/0/0/0,unassigned:0/0/0/3720",9/9,43590/105033/27,162/386/75/27/0,0,0,97/18/17,3369,idle/33/100,"pd6/2/0,aa10/2/0,tmd3,sh5,tml1,arty0",30/1/14,22/49,7/65/19/0,20/49/116/7,1.00/1.00
27843831,3,5596,3429,Raid,Raid/0,Defend/0,idle,15/651/unmet,Balanced,52.6,2457.1,29/24,107,Balanced,Army,"A=100,T2=0,T3=0,X=95,N=0",0.43,2,defense-pressure,42/20960,2/3000,Abandoned,yes/345.7/345.66/surface/0/0,24188/9380/losing,"L3,A3,N1",1/idle/defense-alert,Assault:url0402/1/2,49/18/1,29/11/8,0/0,210/45,26/118,45/0/335,2/0,5/22/96,7366/7366/7366,3100/1109/0/24/16/2,36/23/12,452/3,22,0.133/0.180,"L0,A0,W0,M0,H0",6/0/9,136/568,3/785/495,11,none/2,"Lalert/alert,Aalert/alert,Ndomain/domain","pool:1/220000/0/9400,directed:85/36980/1/159911,nativeLand:34/46242/14/1072,nativeAir:23/6690/7/60610,nativeNaval:0/0/0/0,unassigned:18/46210/15/3660",12/26,266092/356122/46,651/53/15/69/0,0,0,154/19/4,3429,repairing/53/100,"pd10/5/0,aa11/5/2,tmd8,sh4,tml3,arty0",3/6/17,7/48,23/29/92/1,20/47/115/8,0.68/1.00
27843831,4,5608,3429,JointAttack,JointAttack/0,Defend/1,yielded,629/490,Balanced,35.9,1265.0,29/24,118,Balanced,Army,"A=100,T2=0,T3=0,X=56,N=0",0.42,3,defense-pressure,18/13880,8/3845,Abandoned,yes/346.6/346.57/surface/0/0,18085/2700/losing,"L3,A3,N1",1/building/construction-active,Assault:ual0401/0/3,49/18/1,36/10/2,0/0,294/45,45/118,31/0/199,6/0,7/29/89,7422/7422/7422,2631/868/0/22/26/4,36/21/1,1025/25,15,0.126/0.180,"L0,A1,W0,M0,H0",7/0/0,107/457,8/810/234,17,none/0,"Lalert/alert,Aalert/alert,Ndomain/domain","pool:13/76115/8/3425,directed:22/11040/0/92778,nativeLand:30/7488/7/3360,nativeAir:27/5945/18/89235,nativeNaval:0/0/0/0,unassigned:0/0/0/3720",7/7,42750/100588/30,490/936/629/28/0,0,0,98/13/6,3429,idle/33/100,"pd7/2/0,aa10/2/0,tmd3,sh5,tml1,arty0",29/2/14,9/48,7/71/14/0,20/47/115/8,1.00/1.00
27843831,3,5712,3489,Raid,Raid/0,Defend/0,idle,38/871/unmet,ExpandProduction,47.1,2472.8,29/24,199,GunshipCounter,Army,"A=100,T2=0,T3=0,X=84,N=0",0.85,2,defense-pressure,27/48700,7/3120,Abandoned,yes/712.5/73.08/surface/10/0,52396/35002/losing,"L3,A3,N1",1/idle/defense-alert,Assault:url0402/0/2,49/18/1,29/11/8,0/0,210/45,25/118,45/0/335,3/0,5/22/96,7371/7371/7371,3103/1109/0/24/16/1,36/17/2,463/3,24,0.111/0.180,"L0,A0,W0,M0,H0",3/0/5,144/605,1/788/500,11,none/2,"Lalert/alert,Aalert/alert,Ndomain/domain","pool:1/220000/0/9400,directed:104/44820/0/164231,nativeLand:29/6822/10/38572,nativeAir:19/6840/17/61960,nativeNaval:0/0/0/0,unassigned:13/46320/12/3930",12/31,268112/324802/47,871/77/38/70/0,0,0,160/13/5,3489,repairing/53/100,"pd10/5/0,aa11/5/2,tmd8,sh4,tml3,arty0",2/6/17,31/48,23/27/103/0,0/9/10/8,1.00/1.00
27843831,4,5724,3489,JointAttack,JointAttack/0,Defend/0,idle,32/640/unmet,Balanced,35.9,1344.8,30/24,108,Balanced,Army,"A=100,T2=0,T3=0,X=55,N=39",0.35,3,defense-pressure,11/9240,14/4430,Abandoned,yes/520.5/53.39/surface/10/0,14070/1560/losing,"L3,A3,N1",1/building/construction-active,Assault:ual0401/0/3,49/18/1,36/10/2,0/0,294/45,45/118,33/0/196,6/0,7/29/89,7693/7693/7693,2638/1065/0/22/26/1,36/26/0,1057/26,40,0.144/0.180,"L0,A0,W0,M0,H0",4/0/0,108/466,11/845/243,17,none/0,"Lalert/alert,Aalert/alert,Ndomain/domain","pool:6/73400/1/5600,directed:23/11880/0/94458,nativeLand:29/6648/8/3360,nativeAir:20/4055/14/90045,nativeNaval:0/0/0/0,unassigned:7/2820/7/3720",7/7,43590/98803/25,640/319/32/24/0,0,0,88/8/4,3489,repairing/24/100,"pd9/2/0,aa10/2/0,tmd3,sh5,tml1,arty0",29/2/14,17/48,7/60/15/0,0/9/10/8,1.00/1.00
27843831,3,5769,3549,Raid,Raid/0,Defend/0,idle,0/914/unmet,Balanced,44.0,2494.0,29/24,172,Balanced,Army,"A=100,T2=0,T3=0,X=78,N=0",0.35,2,defense-pressure,26/45796,15/6420,Abandoned,yes/804.4/201.10/air/1/4,55900/27342/losing,"L3,A3,N1",0/idle/defense-alert,Assault:url0402/0/2,45/18/4,25/11/8,0/0,210/45,22/118,50/0/185,7/0,5/22/96,7401/7401/7401,3132/1109/0/28/17/5,36/17/1,482/3,31,0.111/0.180,"L0,A0,W0,M0,H0",3/0/8,150/611,1/791/503,11,none/2,"Lalert/alert,Aalert/alert,Ndomain/domain","pool:1/220000/0/9400,directed:122/53780/8/164391,nativeLand:14/3006/10/41908,nativeAir:13/6540/7/66760,nativeNaval:0/0/0/0,unassigned:12/44820/10/3930",12/37,267692/328146/45,914/15/0/70/0,0,0,161/13/2,3549,repairing/53/100,"pd12/7/0,aa11/5/2,tmd8,sh4,tml3,arty0",2/2/18,31/44,11/23/116/0,0/9/10/9,1.00/1.00
27843831,4,5780,3549,JointAttack,JointAttack/0,Defend/0,idle,16/1078/unmet,ExpandProduction,35.5,1313.0,29/24,68,GunshipCounter,Army,"A=100,T2=0,T3=0,X=74,N=68",0.85,2,defense-pressure,30/10554,22/6420,Abandoned,yes/950.3/3.23/air/341/294,93692/0/losing,"L3,A3,N1",1/building/construction-active,Assault:ual0401/0/2,45/18/8,34/9/1,0/0,252/45,43/118,35/0/77,8/0,6/23/95,7921/7921/7921,2712/1192/0/30/29/12,36/21/0,1105/26,30,0.126/0.180,"L0,A0,W0,M0,H0",2/0/0,108/466,7/881/260,17,none/0,"Lalert/alert,Aalert/alert,Ndomain/domain","pool:5/73490/2/8480,directed:19/8520/5/97818,nativeLand:7/2814/3/7194,nativeAir:13/3440/6/92280,nativeNaval:0/0/0/0,unassigned:1/270/1/3720",5/5,43590/88534/16,1078/303/16/21/0,0,0,52/6/4,3549,repairing/24/100,"pd11/2/0,aa10/2/0,tmd3,sh5,tml1,arty0",27/2/14,18/45,2/32/11/0,0/9/10/9,1.00/1.00
27843831,3,5819,3609,Raid,Raid/0,Defend/0,idle,0/150/unmet,ExpandProduction,61.0,2509.6,30/24,150,Balanced,Army,"A=100,T2=0,T3=0,X=100,N=0",0.85,2,defense-pressure-funded,35/10438,13/6450,Abandoned,yes/132.7/33.17/air/1/4,21280/0/losing,"L3,A3,N1",0/idle/defense-alert,Assault:url0402/0/2,46/18/5,24/12/9,0/0,210/45,22/118,47/0/449,8/0,5/22/96,7412/7412/7412,3134/1118/0/29/21/10,36/18/0,491/3,22,0.115/0.180,"L0,A0,W0,M0,H0",14/0/0,154/615,0/796/509,11,none/2,"Lalert/alert,Aalert/alert,Ndomain/domain","pool:1/220000/0/9400,directed:120/53460/15/170951,nativeLand:15/5504/12/42290,nativeAir:11/7890/8/68410,nativeNaval:0/0/0/0,unassigned:14/44500/13/3930",12/40,263212/331354/31,150/24/0/78/2,0,0,152/18/4,3609,repairing/53/100,"pd10/7/0,aa9/6/2,tmd8,sh5,tml3,arty0",2/2/18,33/45,4/20/122/0,0/9/10/9,1.00/1.00
27843831,4,5829,3609,JointAttack,JointAttack/0,Defend/0,idle,0/626/unmet,ExpandProduction,34.7,1263.0,27/24,85,Balanced,Army,"A=100,T2=0,T3=0,X=50,N=0",0.85,1,defense-pressure,32/9648,28/50555,Abandoned,yes/607.7/8.68/air/0/70,112245/0/losing,"L3,A3,N1",1/building/construction-active,Assault:ual0401/0/1,40/18/18,27/10/2,0/0,0/45,39/118,39/17/4,12/0,6/23/95,8363/8363/8363,2802/1544/0/40/32/24,36/19/2,1140/26,19,0.119/0.180,"L0,A0,W0,M0,H0",1/0/0,108/466,0/890/267,17,under-attack/0,"Lalert/alert,Aalert/alert,Ndomain/domain","pool:3/29540/1/52430,directed:19/8520/5/97818,nativeLand:3/2040/3/7968,nativeAir:3/1740/1/95180,nativeNaval:0/0/0/0,unassigned:0/0/0/3990",5/5,28700/41840/9,626/282/0/9/0,0,0,31/3/2,3609,assisting/24/100,"pd11/2/0,aa10/4/0,tmd3,sh5,tml1,arty0",23/2/14,18/40,0/15/11/0,0/9/10/9,1.00/1.00
27843831,3,5878,3669,Raid,Raid/0,Defend/1,yielded,298/199,ExpandProduction,37.9,2540.9,29/24,13,GunshipCounter,Army,"A=100,T2=0,T3=0,X=63,N=53",0.85,2,defense-pressure,46/18782,5/3150,Abandoned,yes/118.3/25.49/air/25/5,32736/0/losing,"L3,A3,N1",0/idle/defense-alert,Assault:url0402/1/2,43/18/5,20/12/10,0/0,0/45,20/118,50/0/449,11/0,5/22/96,7416/7416/7416,3135/1119/0/33/27/20,36/20/0,511/3,36,0.122/0.180,"L0,A0,W0,M1,H0",6/0/0,158/619,4/807/516,11,none/2,"Lalert/alert,Aalert/alert,Ndomain/domain","pool:1/220000/0/9400,directed:109/47540/16/182791,nativeLand:19/44444/12/42290,nativeAir:12/9390/8/69910,nativeNaval:0/0/0/0,unassigned:13/46100/10/3930",12/40,300872/367474/29,199/368/298/82/0,0,0,148/12/6,3669,repairing/53/100,"pd10/10/0,aa9/6/2,tmd8,sh5,tml3,arty0",2/2/16,28/44,4/22/115/1,0/9/9/9,1.00/1.00
27843831,4,5888,3669,JointAttack,JointAttack/0,Defend/0,idle,16/892/unmet,ExpandProduction,29.2,908.0,20/24,26,Balanced,Army,"A=100,T2=0,T3=0,X=37,N=0",0.85,1,defense-pressure,5/1614,14/47120,Abandoned,yes/851.7/22.79/air/11/37,73961/1750/losing,"L3,A3,N1",1/building/construction-active,Assault:ual0401/0/1,14/18/47,9/3/1,0/0,0/45,36/118,21/4/31,15/2,5/23/95,8717/8717/8717,2925/1773/0/77/33/62,36/23/3,1171/26,11,0.133/0.180,"L0,A0,W0,M0,H0",0/0/0,108/466,0/890/267,17,under-attack/0,"Lalert/alert,Aalert/alert,Ndomain/domain","pool:2/28340/1/53270,directed:19/8520/5/97818,nativeLand:3/2040/3/7968,nativeAir:3/2670/1/95180,nativeNaval:0/0/0/0,unassigned:2/1470/2/3990",5/5,28700/43040/10,892/303/16/9/0,0,0,29/4/4,3669,idle/24/94,"pd10/0/0,aa6/1/0,tmd0,sh3,tml1,arty0",20/4/12,5/16,0/15/12/0,0/9/9/9,1.00/1.00
27843831,3,5982,3729,Pressure,Pressure/0,Defend/1,yielded,298/361/unmet,Balanced,43.4,2540.9,30/24,11,GunshipCounter,Army,"A=100,T2=0,T3=0,X=66,N=42",0.35,3,defense-pressure,41/19040,1/1500,Abandoned,yes/310.8/212.83/surface/1/4,32638/0/losing,"L3,A3,N1",0/idle/defense-alert,Assault:url0402/1/3,44/18/10,19/11/13,0/0,0/45,18/118,52/0/449,13/0,5/22/96,7421/7421/7421,3135/1121/0/39/28/22,36/22/0,521/5,29,0.129/0.180,"L0,A0,W0,M1,H0",6/0/0,161/661,3/827/534,11,none/2,"Lalert/alert,Aalert/alert,Ndomain/domain","pool:1/220000/0/9400,directed:103/44660/0/189991,nativeLand:28/49564/12/42290,nativeAir:14/12390/8/69910,nativeNaval:0/0/0/0,unassigned:12/73340/10/3930",12/39,291412/399954/32,361/351/298/85/1,0,0,151/12/6,3729,repairing/53/100,"pd10/10/0,aa9/6/3,tmd8,sh5,tml3,arty0",2/0/16,23/44,4/22/118/1,0/9/9/10,1.00/1.00
27843831,4,5993,3729,JointAttack,JointAttack/0,Defend/0,idle,0/68/unmet,Recover,13.9,306.0,8/24,34,Balanced,Army,"A=100,T2=0,T3=0,X=0,N=0",0.00,1,defense-pressure,2/1200,8/5880,Abandoned,yes/851.7/15.10/air/22/56,116670/1750/losing,"L3,A2,N1",1/idle/defense-alert,Assault:ual0401/0/1,11/18/60,6/3/1,0/0,0/45,30/118,19/5/33,21/6,5/23/95,8743/8743/8743,2925/1797/0/100/33/74,36/20/1,1183/26,8,0.122/0.180,"L0,A0,W0,M0,H0",0/0/0,108/471,0/890/267,17,under-attack/0,"Lalert/alert,Aalert/alert,Ndomain/domain","pool:2/28340/1/58340,directed:19/8520/0/97818,nativeLand:2/1680/2/8328,nativeAir:4/2940/2/95180,nativeNaval:0/0/0/0,unassigned:1/270/1/4800",5/5,28700/41750/10,68/282/0/8/0,0,0,28/2/2,3729,dead/0/0,"pd9/0/0,aa4/4/0,tmd0,sh2,tml0,arty0",18/3/9,5/13,0/14/12/0,0/9/9/10,1.00/0.00
