cell,sample,alert,def_held,def_covering,def_nearest,mex_claimed
isis-2071971-aeon,1,no,0,0,0,0
isis-2071971-aeon,2,no,0,0,0,3
isis-2071971-aeon,3,no,0,0,0,5
isis-2071971-aeon,4,no,0,0,0,8
isis-2071971-aeon,5,no,1,0,0,11
isis-2071971-aeon,6,no,1,0,0,17
isis-2071971-aeon,7,yes,3,0,385,19
isis-2071971-aeon,8,yes,4,0,385,22
isis-2071971-aeon,9,no,4,0,0,23
isis-2071971-aeon,10,yes,6,0,385,23
isis-2071971-aeon,11,yes,7,0,385,22
isis-2071971-aeon,12,no,8,0,0,21
isis-2071971-aeon,13,yes,10,0,371,22
isis-2071971-aeon,14,no,12,0,0,22
isis-2071971-aeon,15,no,13,0,0,22
isis-2071971-aeon,16,no,14,0,0,21
isis-2071971-aeon,17,no,16,0,0,21
isis-2071971-aeon,18,no,20,0,0,21
isis-2071971-aeon,19,yes,20,0,371,21
isis-2071971-aeon,20,yes,20,0,371,21
isis-2071971-aeon,21,yes,21,7,7,21
isis-2071971-aeon,22,yes,22,7,7,20
isis-2071971-aeon,23,yes,26,11,5,19
isis-2071971-aeon,24,yes,32,9,8,16
isis-2071971-aeon,25,yes,32,9,8,16
isis-2071971-aeon,26,yes,32,9,1,15
isis-2071971-aeon,27,yes,33,9,8,15
isis-2071971-aeon,28,yes,34,14,2,15
isis-2071971-aeon,29,yes,39,9,8,15
isis-2071971-aeon,30,no,40,0,0,15
isis-2071971-aeon,31,no,40,0,0,15
isis-2071971-aeon,32,no,42,0,0,15
isis-2071971-aeon,33,no,42,0,0,16
isis-2071971-aeon,34,no,43,0,0,17
isis-2071971-aeon,35,no,43,0,0,19
isis-2071971-aeon,36,yes,47,13,8,18
isis-2071971-aeon,37,yes,52,18,8,20
isis-2071971-aeon,38,yes,52,18,8,20
isis-2071971-aeon,39,yes,52,18,8,20
isis-2071971-aeon,40,yes,53,18,8,20
isis-2071971-aeon,41,yes,52,18,8,20
isis-2071971-sera,1,no,0,0,0,0
isis-2071971-sera,2,no,0,0,0,3
isis-2071971-sera,3,no,0,0,0,5
isis-2071971-sera,4,no,0,0,0,9
isis-2071971-sera,5,no,1,0,0,12
isis-2071971-sera,6,no,1,0,0,15
isis-2071971-sera,7,no,2,0,0,18
isis-2071971-sera,8,no,2,0,0,22
isis-2071971-sera,9,no,4,0,0,21
isis-2071971-sera,10,no,4,0,0,22
isis-2071971-sera,11,no,5,0,0,22
isis-2071971-sera,12,no,5,0,0,21
isis-2071971-sera,13,yes,6,2,1,20
isis-2071971-sera,14,yes,7,1,12,21
isis-2071971-sera,15,yes,9,2,11,19
isis-2071971-sera,16,yes,12,3,1,19
isis-2071971-sera,17,yes,14,7,3,17
isis-2071971-sera,18,yes,15,8,2,15
isis-2071971-sera,19,yes,20,12,2,13
isis-2071971-sera,20,yes,21,13,17,13
isis-2071971-sera,21,yes,22,0,57,13
isis-2071971-sera,22,yes,23,5,32,14
isis-2071971-sera,23,yes,19,5,32,14
isis-2071971-sera,24,yes,20,0,61,12
isis-2071971-sera,25,yes,22,0,61,11
isis-2071971-sera,26,yes,23,17,4,10
isis-2071971-sera,27,yes,22,0,61,8
isis-2071971-sera,28,yes,21,14,16,8
isis-2071971-sera,29,yes,21,4,37,8
isis-2071971-sera,30,yes,21,1,68,8
isis-2071971-sera,31,yes,20,13,24,9
isis-2071971-sera,32,yes,15,9,8,13
isis-2071971-sera,33,yes,16,9,3,12
isis-2071971-sera,34,no,16,0,0,12
isis-2071971-sera,35,yes,19,0,127,13
isis-2071971-sera,36,yes,18,0,127,15
isis-2071971-sera,37,yes,22,13,5,17
isis-2071971-sera,38,yes,23,0,61,17
isis-2071971-sera,39,yes,25,15,2,15
isis-2071971-sera,40,yes,23,15,2,15
isis-2071971-sera,41,yes,24,15,2,13
isis-2071971-sera,42,yes,25,15,2,15
isis-2071971-sera,43,yes,25,13,20,15
isis-2071971-sera,44,yes,25,16,14,15
isis-2071971-uef,1,no,0,0,0,0
isis-2071971-uef,2,no,0,0,0,3
isis-2071971-uef,3,no,0,0,0,5
isis-2071971-uef,4,no,0,0,0,8
isis-2071971-uef,5,no,0,0,0,12
isis-2071971-uef,6,yes,2,0,390,18
isis-2071971-uef,7,yes,2,0,401,20
isis-2071971-uef,8,no,3,0,0,22
isis-2071971-uef,9,yes,3,0,401,22
isis-2071971-uef,10,yes,5,0,391,23
isis-2071971-uef,11,no,6,0,0,22
isis-2071971-uef,12,yes,7,0,391,21
isis-2071971-uef,13,no,9,0,0,21
isis-2071971-uef,14,yes,11,7,1,21
isis-2071971-uef,15,yes,13,0,382,21
isis-2071971-uef,16,yes,13,3,12,19
isis-2071971-uef,17,no,13,0,0,17
isis-2071971-uef,18,yes,13,3,19,18
isis-2071971-uef,19,no,15,0,0,15
isis-2071971-uef,20,no,15,0,0,15
isis-2071971-uef,21,yes,15,5,2,15
isis-2071971-uef,22,yes,15,4,19,15
isis-2071971-uef,23,no,15,0,0,15
isis-2071971-uef,24,yes,18,4,18,15
isis-2071971-uef,25,no,21,0,0,16
isis-2071971-uef,26,no,23,0,0,16
isis-2071971-uef,27,yes,23,6,3,16
isis-2071971-uef,28,yes,25,6,7,17
isis-2071971-uef,29,yes,26,6,7,19
isis-2071971-uef,30,yes,28,6,4,18
isis-2071971-uef,31,no,34,0,0,18
isis-2071971-uef,32,no,35,0,0,17
isis-2071971-uef,33,no,36,0,0,16
isis-2071971-uef,34,no,37,0,0,16
isis-2071971-uef,35,no,37,0,0,16
isis-2071971-uef,36,no,36,0,0,16
isis-2071971-uef,37,no,36,0,0,16
isis-2071971-uef,38,no,37,0,0,16
isis-2071971-uef,39,no,39,0,0,17
isis-2071971-uef,40,no,39,0,0,17
isis-2071971-uef,41,no,39,0,0,19
isis-2071971-uef,42,no,42,0,0,19
isis-2071971-uef,43,yes,45,11,3,18
isis-2071971-uef,44,no,49,0,0,16
isis-2071971-uef,45,yes,52,14,1,16
isis-2071971-uef,46,yes,58,19,1,16
isis-2071971-uef,47,yes,60,21,1,16
isis-2071971-uef,48,yes,63,23,6,16
isis-2071971-uef,49,yes,68,26,1,16
isis-2071971-uef,50,no,71,0,0,16
isis-2071971-uef,51,no,71,0,0,16
isis-2071971-uef,52,no,72,0,0,16
isis-2071971-uef,53,yes,74,28,1,16
isis-2071971-uef,54,yes,74,29,13,16
isis-2071971-uef,55,yes,71,28,13,16
isis-2071971-uef,56,no,71,0,0,16
isis-2071971-uef,57,no,71,0,0,16
isis-2071971-uef,58,no,74,0,0,16
isis-2071971-uef,59,no,75,0,0,16
isis-2071971-uef,60,no,76,0,0,17
isis-2071971-uef,61,yes,76,30,11,17
isis-2071971-uef,62,yes,78,31,6,17
isis-2071971-uef,63,no,78,0,0,15
isis-2071971-uef,64,yes,80,27,10,15
isis-2071971-uef,65,no,81,0,0,17
isis-2071971-uef,66,yes,80,31,1,16
isis-2071971-uef,67,yes,72,28,11,15
isis-2071971-uef,68,yes,76,29,6,15
isis-2071971-uef,69,yes,78,27,6,14
isis-2071971-uef,70,yes,83,28,6,15
isis-2071971-uef,71,yes,85,29,6,15
isis-2071971-uef,72,yes,85,29,6,14
isis-2071971-uef,73,yes,85,27,5,14
isis-2071971-uef,74,yes,85,27,6,14
isis-2071971-uef,75,yes,84,27,4,14
isis-2071971-uef,76,yes,86,29,3,15
isis-2071971-uef,77,yes,83,27,3,15
isis-2071971-uef,78,yes,79,26,3,16
isis-2071971-uef,79,no,78,0,0,16
isis-2071971-uef,80,yes,77,26,1,15
isis-2071971-uef,81,yes,77,26,7,15
isis-2071971-uef,82,yes,69,25,3,14
isis-2071971-uef,83,yes,65,24,3,13
isis-2071971-uef,84,yes,65,24,3,12
isis-2071971-uef,85,yes,64,26,7,12
isis-2071971-uef,86,yes,59,22,3,12
isis-2071971-uef,87,yes,58,22,3,11
isis-2071971-uef,88,yes,48,15,6,7
isis-2071971-uef,89,yes,39,9,12,7
isis-2071971-uef,90,yes,39,9,38,7
isis-2071971-uef,91,yes,35,9,8,9
isis-2071971-uef,92,yes,29,10,17,9
isis-2071971-uef,93,yes,24,10,7,8
isis-2071971-uef,94,yes,23,10,27,9
isis-2071971-uef,95,yes,16,5,35,11
isis-424242-aeon,1,no,0,0,0,0
isis-424242-aeon,2,no,0,0,0,3
isis-424242-aeon,3,no,0,0,0,5
isis-424242-aeon,4,no,0,0,0,9
isis-424242-aeon,5,no,0,0,0,11
isis-424242-aeon,6,yes,1,0,425,16
isis-424242-aeon,7,yes,3,0,387,19
isis-424242-aeon,8,no,4,0,0,22
isis-424242-aeon,9,yes,4,0,285,20
isis-424242-aeon,10,yes,6,0,274,20
isis-424242-aeon,11,yes,6,0,274,20
isis-424242-aeon,12,yes,8,0,274,20
isis-424242-aeon,13,yes,9,0,49,20
isis-424242-aeon,14,yes,10,0,204,19
isis-424242-aeon,15,yes,11,0,204,19
isis-424242-aeon,16,yes,13,0,204,20
isis-424242-aeon,17,yes,18,0,204,20
isis-424242-aeon,18,yes,18,4,2,19
isis-424242-aeon,19,yes,16,4,2,17
isis-424242-aeon,20,yes,18,6,2,17
isis-424242-aeon,21,yes,22,11,2,17
isis-424242-aeon,22,yes,22,10,2,16
isis-424242-aeon,23,yes,24,13,5,16
isis-424242-aeon,24,yes,25,0,320,15
isis-424242-aeon,25,no,26,0,0,16
isis-424242-aeon,26,yes,27,0,320,16
isis-424242-aeon,27,yes,30,0,320,18
isis-424242-aeon,28,yes,36,11,4,21
isis-424242-aeon,29,yes,37,3,25,20
isis-424242-aeon,30,yes,38,4,25,20
isis-424242-aeon,31,yes,39,14,10,20
isis-424242-aeon,32,yes,39,4,25,20
isis-424242-aeon,33,no,39,0,0,21
isis-424242-aeon,34,no,39,0,0,21
isis-424242-aeon,35,no,39,0,0,21
isis-424242-aeon,36,no,39,0,0,21
isis-424242-aeon,37,yes,43,7,25,21
isis-424242-aeon,38,yes,45,21,16,19
isis-424242-aeon,39,yes,45,21,17,18
isis-424242-aeon,40,no,46,0,0,16
isis-424242-aeon,41,no,46,0,0,16
isis-424242-aeon,42,no,46,0,0,17
isis-424242-aeon,43,no,47,0,0,18
isis-424242-aeon,44,yes,47,9,12,17
isis-424242-aeon,45,no,47,0,0,16
isis-424242-aeon,46,yes,47,9,12,17
isis-424242-aeon,47,yes,47,9,12,18
isis-424242-aeon,48,no,45,0,0,18
isis-424242-aeon,49,yes,45,21,20,20
isis-424242-aeon,50,no,45,0,0,18
isis-424242-aeon,51,yes,45,19,6,17
isis-424242-aeon,52,no,44,0,0,19
isis-424242-aeon,53,yes,44,9,12,18
isis-424242-aeon,54,yes,44,17,9,18
isis-424242-aeon,55,yes,44,16,5,18
isis-424242-aeon,56,yes,43,21,4,18
isis-424242-sera,1,no,0,0,0,0
isis-424242-sera,2,no,0,0,0,3
isis-424242-sera,3,no,0,0,0,5
isis-424242-sera,4,no,0,0,0,8
isis-424242-sera,5,no,0,0,0,11
isis-424242-sera,6,no,1,0,0,15
isis-424242-sera,7,yes,1,0,400,19
isis-424242-sera,8,yes,2,0,143,20
isis-424242-sera,9,no,3,0,0,23
isis-424242-sera,10,no,6,0,0,22
isis-424242-sera,11,yes,10,0,199,22
isis-424242-sera,12,yes,10,0,199,21
isis-424242-sera,13,yes,10,0,199,19
isis-424242-sera,14,yes,10,0,199,19
isis-424242-sera,15,yes,10,0,199,19
isis-424242-sera,16,yes,10,0,199,20
isis-424242-sera,17,yes,11,0,199,20
isis-424242-sera,18,yes,11,0,199,19
isis-424242-sera,19,yes,11,0,199,17
isis-424242-sera,20,yes,12,0,199,16
isis-424242-sera,21,yes,12,5,4,16
isis-424242-sera,22,yes,13,6,2,16
isis-424242-sera,23,yes,17,2,1,16
isis-424242-sera,24,yes,19,2,28,16
isis-424242-sera,25,yes,19,2,19,16
isis-424242-sera,26,yes,21,2,24,15
isis-424242-sera,27,yes,22,2,1,15
isis-424242-sera,28,yes,23,1,1,16
isis-424242-sera,29,yes,23,13,3,16
isis-424242-sera,30,yes,22,13,3,16
isis-424242-sera,31,yes,22,13,3,16
isis-424242-sera,32,yes,24,13,3,16
isis-424242-sera,33,yes,25,1,1,17
isis-424242-sera,34,yes,27,9,11,16
isis-424242-sera,35,yes,28,13,6,17
isis-424242-sera,36,yes,28,4,40,19
isis-424242-sera,37,yes,28,2,1,17
isis-424242-sera,38,yes,28,15,5,19
isis-424242-sera,39,yes,30,10,20,17
isis-424242-uef,1,no,0,0,0,0
isis-424242-uef,2,no,0,0,0,3
isis-424242-uef,3,no,0,0,0,5
isis-424242-uef,4,no,0,0,0,9
isis-424242-uef,5,no,0,0,0,12
isis-424242-uef,6,no,1,0,0,17
isis-424242-uef,7,no,1,0,0,17
isis-424242-uef,8,yes,3,1,26,20
isis-424242-uef,9,yes,4,1,36,21
isis-424242-uef,10,yes,6,0,105,17
isis-424242-uef,11,no,7,0,0,16
isis-424242-uef,12,yes,7,0,49,18
isis-424242-uef,13,yes,11,2,1,18
isis-424242-uef,14,yes,11,2,26,15
isis-424242-uef,15,yes,12,2,1,16
isis-424242-uef,16,yes,13,3,17,16
isis-424242-uef,17,yes,13,3,17,16
isis-424242-uef,18,yes,14,4,17,15
isis-424242-uef,19,yes,13,3,17,14
isis-424242-uef,20,yes,14,4,22,14
isis-424242-uef,21,yes,14,2,1,14
isis-424242-uef,22,yes,14,4,18,13
isis-424242-uef,23,yes,15,4,15,13
isis-424242-uef,24,yes,15,4,16,13
isis-424242-uef,25,yes,16,4,13,13
isis-424242-uef,26,yes,17,0,27,14
isis-424242-uef,27,yes,14,6,1,14
isis-424242-uef,28,no,16,0,0,15
isis-424242-uef,29,yes,21,0,27,15
isis-424242-uef,30,no,21,0,0,15
isis-424242-uef,31,yes,21,7,8,16
isis-424242-uef,32,yes,21,9,3,16
isis-424242-uef,33,yes,22,0,27,15
isis-424242-uef,34,yes,22,0,27,15
isis-424242-uef,35,no,25,0,0,15
isis-424242-uef,36,yes,28,12,3,17
isis-424242-uef,37,yes,30,0,27,16
isis-424242-uef,38,yes,30,0,27,17
isis-424242-uef,39,yes,30,0,95,17
isis-424242-uef,40,yes,34,0,95,17
isis-424242-uef,41,yes,36,10,7,16
isis-424242-uef,42,yes,36,10,7,16
isis-424242-uef,43,yes,38,10,7,17
isis-424242-uef,44,yes,39,10,7,16
isis-424242-uef,45,yes,39,15,2,16
isis-424242-uef,46,yes,42,8,14,16
isis-424242-uef,47,yes,41,6,9,18
isis-424242-uef,48,yes,43,6,9,18
isis-424242-uef,49,yes,43,6,9,18
isis-424242-uef,50,yes,44,12,5,17
isis-424242-uef,51,yes,44,12,5,17
isis-424242-uef,52,yes,44,12,5,17
isis-424242-uef,53,yes,45,13,5,16
isis-424242-uef,54,yes,45,13,5,16
isis-424242-uef,55,yes,43,13,5,20
isis-424242-uef,56,yes,44,13,5,20
isis-424242-uef,57,yes,45,13,5,20
isis-8675309-aeon,1,no,0,0,0,0
isis-8675309-aeon,2,no,0,0,0,3
isis-8675309-aeon,3,no,0,0,0,5
isis-8675309-aeon,4,no,0,0,0,8
isis-8675309-aeon,5,no,1,0,0,10
isis-8675309-aeon,6,no,1,0,0,17
isis-8675309-aeon,7,yes,1,0,152,19
isis-8675309-aeon,8,no,2,0,0,20
isis-8675309-aeon,9,yes,5,0,336,22
isis-8675309-aeon,10,yes,6,0,335,22
isis-8675309-aeon,11,no,8,0,0,22
isis-8675309-aeon,12,yes,8,0,261,22
isis-8675309-aeon,13,yes,11,0,260,21
isis-8675309-aeon,14,yes,12,0,333,21
isis-8675309-aeon,15,yes,15,7,5,19
isis-8675309-aeon,16,yes,16,7,1,16
isis-8675309-aeon,17,yes,13,0,230,15
isis-8675309-aeon,18,yes,13,0,330,14
isis-8675309-aeon,19,yes,14,0,230,14
isis-8675309-aeon,20,no,15,0,0,16
isis-8675309-aeon,21,yes,15,4,15,18
isis-8675309-aeon,22,yes,16,0,230,20
isis-8675309-aeon,23,yes,18,5,9,19
isis-8675309-aeon,24,yes,17,5,9,18
isis-8675309-aeon,25,yes,18,5,9,17
isis-8675309-aeon,26,yes,20,5,9,17
isis-8675309-aeon,27,yes,21,0,247,18
isis-8675309-aeon,28,yes,24,0,247,18
isis-8675309-aeon,29,yes,32,8,9,20
isis-8675309-aeon,30,yes,35,0,241,20
isis-8675309-aeon,31,yes,35,0,241,20
isis-8675309-aeon,32,yes,31,0,241,16
isis-8675309-aeon,33,yes,31,0,241,15
isis-8675309-aeon,34,yes,31,0,241,14
isis-8675309-aeon,35,yes,31,0,241,14
isis-8675309-aeon,36,yes,30,0,241,15
isis-8675309-aeon,37,yes,30,0,241,14
isis-8675309-aeon,38,yes,31,0,241,15
isis-8675309-aeon,39,yes,31,0,241,15
isis-8675309-aeon,40,no,31,0,0,15
isis-8675309-aeon,41,yes,31,0,241,16
isis-8675309-aeon,42,yes,32,0,241,15
isis-8675309-aeon,43,yes,29,9,1,14
isis-8675309-sera,1,no,0,0,0,0
isis-8675309-sera,2,no,0,0,0,3
isis-8675309-sera,3,no,0,0,0,5
isis-8675309-sera,4,no,0,0,0,9
isis-8675309-sera,5,no,0,0,0,10
isis-8675309-sera,6,no,1,0,0,17
isis-8675309-sera,7,yes,1,0,425,19
isis-8675309-sera,8,no,2,0,0,21
isis-8675309-sera,9,yes,3,0,390,21
isis-8675309-sera,10,no,4,0,0,21
isis-8675309-sera,11,yes,4,1,38,20
isis-8675309-sera,12,yes,6,3,19,20
isis-8675309-sera,13,no,8,0,0,20
isis-8675309-sera,14,no,10,0,0,19
isis-8675309-sera,15,yes,10,6,5,16
isis-8675309-sera,16,yes,10,6,5,15
isis-8675309-sera,17,yes,11,7,12,15
isis-8675309-sera,18,yes,12,8,2,15
isis-8675309-sera,19,yes,13,9,2,15
isis-8675309-sera,20,yes,14,10,3,15
isis-8675309-sera,21,yes,14,10,3,14
isis-8675309-sera,22,yes,15,11,4,14
isis-8675309-sera,23,yes,16,11,7,15
isis-8675309-sera,24,yes,17,11,4,16
isis-8675309-sera,25,yes,17,11,4,16
isis-8675309-sera,26,yes,19,0,61,16
isis-8675309-sera,27,yes,21,12,5,15
isis-8675309-sera,28,yes,21,12,6,15
isis-8675309-sera,29,yes,21,10,13,14
isis-8675309-sera,30,yes,22,10,13,14
isis-8675309-sera,31,yes,22,10,13,14
isis-8675309-sera,32,yes,21,10,13,14
isis-8675309-sera,33,yes,20,10,13,14
isis-8675309-sera,34,yes,20,10,13,14
isis-8675309-sera,35,yes,21,12,3,14
isis-8675309-sera,36,yes,23,12,2,14
isis-8675309-sera,37,yes,23,11,16,14
isis-8675309-sera,38,yes,24,13,5,16
isis-8675309-sera,39,yes,31,16,2,16
isis-8675309-sera,40,yes,33,18,2,15
isis-8675309-sera,41,yes,34,21,6,16
isis-8675309-sera,42,yes,34,18,5,16
isis-8675309-sera,43,yes,34,18,5,17
isis-8675309-sera,44,yes,35,19,5,17
isis-8675309-sera,45,yes,35,19,5,17
isis-8675309-sera,46,yes,35,19,5,17
isis-8675309-sera,47,yes,35,19,5,19
isis-8675309-sera,48,yes,35,5,1,18
isis-8675309-sera,49,yes,35,5,1,16
isis-8675309-sera,50,yes,35,5,1,15
isis-8675309-uef,1,no,0,0,0,0
isis-8675309-uef,2,no,0,0,0,3
isis-8675309-uef,3,no,0,0,0,5
isis-8675309-uef,4,no,0,0,0,9
isis-8675309-uef,5,no,1,0,0,11
isis-8675309-uef,6,yes,1,0,425,16
isis-8675309-uef,7,yes,2,0,400,18
isis-8675309-uef,8,yes,2,0,132,19
isis-8675309-uef,9,yes,4,1,27,21
isis-8675309-uef,10,no,5,0,0,21
isis-8675309-uef,11,no,6,0,0,21
isis-8675309-uef,12,no,8,0,0,20
isis-8675309-uef,13,yes,10,3,5,21
isis-8675309-uef,14,yes,14,6,16,18
isis-8675309-uef,15,yes,16,7,21,17
isis-8675309-uef,16,yes,17,7,21,15
isis-8675309-uef,17,yes,18,9,22,16
isis-8675309-uef,18,no,18,0,0,16
isis-8675309-uef,19,yes,18,9,22,16
isis-8675309-uef,20,yes,18,9,22,16
isis-8675309-uef,21,no,18,0,0,16
isis-8675309-uef,22,no,18,0,0,16
isis-8675309-uef,23,yes,18,9,11,16
isis-8675309-uef,24,yes,19,9,3,16
isis-8675309-uef,25,yes,24,11,1,16
isis-8675309-uef,26,yes,24,11,15,16
isis-8675309-uef,27,yes,29,11,10,15
isis-8675309-uef,28,yes,26,12,14,16
isis-8675309-uef,29,yes,30,12,6,16
isis-8675309-uef,30,yes,31,0,60,16
isis-8675309-uef,31,yes,33,15,9,16
isis-8675309-uef,32,yes,34,0,60,16
isis-8675309-uef,33,yes,33,0,60,16
isis-8675309-uef,34,yes,37,0,60,17
isis-8675309-uef,35,yes,40,23,6,16
isis-8675309-uef,36,yes,44,26,6,17
isis-8675309-uef,37,yes,47,28,6,16
isis-8675309-uef,38,yes,50,0,45,16
isis-8675309-uef,39,yes,51,25,2,16
isis-8675309-uef,40,yes,52,32,4,16
isis-8675309-uef,41,yes,54,33,3,16
isis-8675309-uef,42,yes,55,31,2,16
isis-8675309-uef,43,yes,56,32,2,16
isis-8675309-uef,44,yes,56,1,45,16
isis-8675309-uef,45,yes,56,1,45,16
isis-8675309-uef,46,yes,57,31,12,16
isis-8675309-uef,47,yes,53,34,5,15
isis-8675309-uef,48,yes,56,35,2,16
isis-8675309-uef,49,yes,56,35,2,16
isis-8675309-uef,50,yes,60,6,45,16
isis-8675309-uef,51,yes,62,6,45,16
isis-8675309-uef,52,yes,63,6,45,16
isis-8675309-uef,53,yes,64,6,45,16
isis-8675309-uef,54,yes,64,41,2,16
isis-8675309-uef,55,yes,65,23,3,16
isis-8675309-uef,56,yes,65,23,3,16
isis-8675309-uef,57,yes,65,42,2,16
isis-8675309-uef,58,yes,59,6,45,16
isis-8675309-uef,59,no,57,0,0,15
syrtis-2071971-aeon,1,no,0,0,0,0
syrtis-2071971-aeon,2,no,0,0,0,1
syrtis-2071971-aeon,3,no,0,0,0,4
syrtis-2071971-aeon,4,no,0,0,0,7
syrtis-2071971-aeon,5,yes,1,0,155,9
syrtis-2071971-aeon,6,yes,1,0,155,10
syrtis-2071971-aeon,7,yes,3,1,1,16
syrtis-2071971-aeon,8,yes,3,1,1,20
syrtis-2071971-aeon,9,yes,4,1,1,20
syrtis-2071971-aeon,10,yes,4,0,116,21
syrtis-2071971-aeon,11,yes,3,0,116,19
syrtis-2071971-aeon,12,no,3,0,0,20
syrtis-2071971-aeon,13,yes,4,1,13,24
syrtis-2071971-aeon,14,no,6,0,0,22
syrtis-2071971-aeon,15,no,6,0,0,18
syrtis-2071971-aeon,16,no,4,0,0,17
syrtis-2071971-aeon,17,yes,4,0,163,21
syrtis-2071971-aeon,18,no,6,0,0,18
syrtis-2071971-aeon,19,yes,8,1,6,18
syrtis-2071971-aeon,20,yes,8,4,1,17
syrtis-2071971-aeon,21,yes,13,8,1,18
syrtis-2071971-aeon,22,yes,15,8,1,20
syrtis-2071971-aeon,23,yes,15,1,8,20
syrtis-2071971-aeon,24,yes,17,9,1,21
syrtis-2071971-aeon,25,yes,19,10,1,27
syrtis-2071971-aeon,26,yes,20,1,8,25
syrtis-2071971-aeon,27,yes,20,1,8,25
syrtis-2071971-aeon,28,yes,20,1,8,23
syrtis-2071971-aeon,29,yes,19,0,163,25
syrtis-2071971-aeon,30,yes,19,10,1,24
syrtis-2071971-aeon,31,yes,20,5,4,21
syrtis-2071971-aeon,32,yes,23,11,1,20
syrtis-2071971-aeon,33,yes,22,11,1,20
syrtis-2071971-aeon,34,yes,22,11,1,17
syrtis-2071971-aeon,35,yes,28,12,1,15
syrtis-2071971-aeon,36,yes,30,14,1,13
syrtis-2071971-aeon,37,yes,29,15,1,10
syrtis-2071971-aeon,38,yes,31,15,1,11
syrtis-2071971-aeon,39,yes,31,16,1,11
syrtis-2071971-aeon,40,yes,36,17,1,8
syrtis-2071971-aeon,41,yes,36,17,1,9
syrtis-2071971-aeon,42,yes,37,17,1,8
syrtis-2071971-aeon,43,yes,39,17,1,11
syrtis-2071971-aeon,44,yes,40,17,1,11
syrtis-2071971-aeon,45,yes,38,17,1,13
syrtis-2071971-aeon,46,yes,38,17,1,14
syrtis-2071971-aeon,47,yes,36,15,1,19
syrtis-2071971-aeon,48,yes,36,15,1,15
syrtis-2071971-aeon,49,yes,36,15,1,15
syrtis-2071971-aeon,50,yes,29,11,1,13
syrtis-2071971-aeon,51,yes,14,4,25,7
syrtis-2071971-aeon,52,no,13,0,0,6
syrtis-2071971-aeon,53,no,10,0,0,7
syrtis-2071971-aeon,54,yes,9,0,88,5
syrtis-2071971-sera,1,no,0,0,0,0
syrtis-2071971-sera,2,no,0,0,0,1
syrtis-2071971-sera,3,no,0,0,0,4
syrtis-2071971-sera,4,no,0,0,0,6
syrtis-2071971-sera,5,no,1,0,0,8
syrtis-2071971-sera,6,no,1,0,0,10
syrtis-2071971-sera,7,yes,3,1,1,16
syrtis-2071971-sera,8,no,4,0,0,20
syrtis-2071971-sera,9,no,5,0,0,20
syrtis-2071971-sera,10,yes,5,0,130,19
syrtis-2071971-sera,11,no,5,0,0,18
syrtis-2071971-sera,12,no,9,0,0,22
syrtis-2071971-sera,13,no,9,0,0,23
syrtis-2071971-sera,14,no,9,0,0,22
syrtis-2071971-sera,15,no,9,0,0,23
syrtis-2071971-sera,16,no,10,0,0,24
syrtis-2071971-sera,17,yes,11,4,1,19
syrtis-2071971-sera,18,yes,12,4,1,18
syrtis-2071971-sera,19,yes,12,0,261,18
syrtis-2071971-sera,20,yes,12,4,1,17
syrtis-2071971-sera,21,yes,13,0,261,18
syrtis-2071971-sera,22,yes,13,0,261,19
syrtis-2071971-sera,23,yes,15,5,1,24
syrtis-2071971-sera,24,yes,16,0,261,23
syrtis-2071971-sera,25,yes,16,0,261,24
syrtis-2071971-sera,26,yes,16,0,261,25
syrtis-2071971-sera,27,yes,21,0,260,25
syrtis-2071971-sera,28,yes,21,0,260,24
syrtis-2071971-sera,29,yes,23,0,260,25
syrtis-2071971-sera,30,yes,24,7,1,26
syrtis-2071971-sera,31,no,24,0,0,27
syrtis-2071971-sera,32,yes,25,0,260,29
syrtis-2071971-sera,33,yes,24,0,260,29
syrtis-2071971-sera,34,yes,26,0,260,29
syrtis-2071971-sera,35,yes,27,0,260,29
syrtis-2071971-sera,36,yes,28,0,260,28
syrtis-2071971-sera,37,yes,28,0,260,27
syrtis-2071971-sera,38,yes,28,0,260,27
syrtis-2071971-sera,39,yes,28,0,260,28
syrtis-2071971-sera,40,yes,29,0,260,28
syrtis-2071971-sera,41,yes,31,0,260,31
syrtis-2071971-sera,42,yes,33,0,260,30
syrtis-2071971-sera,43,yes,33,0,260,29
syrtis-2071971-sera,44,yes,32,0,260,27
syrtis-2071971-sera,45,yes,32,0,260,27
syrtis-2071971-sera,46,yes,32,0,260,28
syrtis-2071971-uef,1,no,0,0,0,0
syrtis-2071971-uef,2,no,0,0,0,1
syrtis-2071971-uef,3,no,0,0,0,4
syrtis-2071971-uef,4,no,0,0,0,7
syrtis-2071971-uef,5,no,2,0,0,8
syrtis-2071971-uef,6,yes,2,0,131,10
syrtis-2071971-uef,7,yes,3,1,1,13
syrtis-2071971-uef,8,no,4,0,0,16
syrtis-2071971-uef,9,yes,4,0,262,19
syrtis-2071971-uef,10,no,5,0,0,19
syrtis-2071971-uef,11,yes,9,7,1,20
syrtis-2071971-uef,12,yes,9,0,257,22
syrtis-2071971-uef,13,yes,9,0,257,23
syrtis-2071971-uef,14,yes,9,7,1,22
syrtis-2071971-uef,15,yes,9,7,1,19
syrtis-2071971-uef,16,no,9,0,0,17
syrtis-2071971-uef,17,yes,9,7,1,16
syrtis-2071971-uef,18,yes,9,1,13,16
syrtis-2071971-uef,19,yes,8,1,14,15
syrtis-2071971-uef,20,yes,8,0,131,14
syrtis-2071971-uef,21,no,11,0,0,14
syrtis-2071971-uef,22,yes,12,0,119,14
syrtis-2071971-uef,23,yes,13,0,119,12
syrtis-2071971-uef,24,yes,15,0,119,11
syrtis-2071971-uef,25,yes,18,8,1,11
syrtis-2071971-uef,26,yes,21,8,1,11
syrtis-2071971-uef,27,yes,22,7,8,13
syrtis-2071971-uef,28,yes,22,8,1,12
syrtis-2071971-uef,29,yes,22,0,119,11
syrtis-2071971-uef,30,yes,23,8,1,11
syrtis-2071971-uef,31,yes,22,0,114,13
syrtis-2071971-uef,32,yes,21,0,114,13
syrtis-2071971-uef,33,yes,25,12,1,13
syrtis-2071971-uef,34,yes,24,11,1,10
syrtis-2071971-uef,35,yes,25,11,1,10
syrtis-2071971-uef,36,yes,23,10,1,11
syrtis-2071971-uef,37,yes,13,0,57,8
syrtis-2071971-uef,38,yes,10,0,82,7
syrtis-2071971-uef,39,yes,12,2,22,7
syrtis-2071971-uef,40,yes,11,2,22,7
syrtis-2071971-uef,41,no,13,0,0,7
syrtis-2071971-uef,42,yes,14,2,22,9
syrtis-2071971-uef,43,yes,14,2,23,9
syrtis-2071971-uef,44,yes,15,2,23,8
syrtis-2071971-uef,45,yes,16,6,4,8
syrtis-2071971-uef,46,yes,19,4,10,9
syrtis-2071971-uef,47,yes,20,4,10,12
syrtis-2071971-uef,48,no,20,0,0,12
syrtis-2071971-uef,49,yes,21,5,10,13
syrtis-2071971-uef,50,yes,20,4,10,12
syrtis-2071971-uef,51,yes,19,4,10,12
syrtis-2071971-uef,52,yes,20,4,10,12
syrtis-2071971-uef,53,yes,20,4,10,8
syrtis-2071971-uef,54,yes,20,3,22,6
syrtis-2071971-uef,55,yes,19,0,252,6
syrtis-2071971-uef,56,yes,20,0,69,6
syrtis-2071971-uef,57,yes,19,0,69,6
syrtis-2071971-uef,58,yes,22,0,82,6
syrtis-2071971-uef,59,yes,24,0,82,6
syrtis-2071971-uef,60,yes,24,0,82,6
syrtis-2071971-uef,61,yes,25,0,82,6
syrtis-2071971-uef,62,yes,28,0,82,6
syrtis-2071971-uef,63,yes,29,0,62,6
syrtis-2071971-uef,64,yes,30,0,62,7
syrtis-2071971-uef,65,yes,31,0,62,6
syrtis-2071971-uef,66,yes,31,0,62,6
syrtis-2071971-uef,67,yes,32,0,82,6
syrtis-2071971-uef,68,yes,30,0,83,5
syrtis-2071971-uef,69,yes,29,0,83,5
syrtis-2071971-uef,70,yes,28,17,9,5
syrtis-2071971-uef,71,yes,26,12,16,5
syrtis-424242-aeon,1,no,0,0,0,0
syrtis-424242-aeon,2,no,0,0,0,1
syrtis-424242-aeon,3,no,0,0,0,4
syrtis-424242-aeon,4,no,0,0,0,7
syrtis-424242-aeon,5,yes,1,0,155,10
syrtis-424242-aeon,6,no,1,0,0,12
syrtis-424242-aeon,7,yes,3,1,1,17
syrtis-424242-aeon,8,yes,4,2,1,20
syrtis-424242-aeon,9,yes,5,2,1,23
syrtis-424242-aeon,10,yes,7,2,1,23
syrtis-424242-aeon,11,no,7,0,0,24
syrtis-424242-aeon,12,no,7,0,0,24
syrtis-424242-aeon,13,no,11,0,0,25
syrtis-424242-aeon,14,no,13,0,0,24
syrtis-424242-aeon,15,no,14,0,0,23
syrtis-424242-aeon,16,yes,14,3,1,21
syrtis-424242-aeon,17,yes,14,3,1,23
syrtis-424242-aeon,18,yes,19,6,1,24
syrtis-424242-aeon,19,yes,21,9,2,24
syrtis-424242-aeon,20,yes,23,9,2,25
syrtis-424242-aeon,21,yes,29,6,21,26
syrtis-424242-aeon,22,yes,32,7,19,26
syrtis-424242-aeon,23,yes,27,8,1,24
syrtis-424242-aeon,24,yes,28,8,1,24
syrtis-424242-aeon,25,yes,30,10,1,24
syrtis-424242-aeon,26,no,35,0,0,25
syrtis-424242-aeon,27,no,37,0,0,27
syrtis-424242-aeon,28,no,38,0,0,26
syrtis-424242-aeon,29,yes,38,4,19,24
syrtis-424242-aeon,30,yes,43,13,1,24
syrtis-424242-aeon,31,yes,42,0,117,24
syrtis-424242-aeon,32,yes,42,13,2,24
syrtis-424242-aeon,33,yes,42,0,117,24
syrtis-424242-aeon,34,yes,40,13,1,24
syrtis-424242-aeon,35,yes,39,0,117,23
syrtis-424242-aeon,36,yes,39,0,117,21
syrtis-424242-aeon,37,yes,39,0,117,21
syrtis-424242-aeon,38,yes,39,0,117,21
syrtis-424242-aeon,39,yes,39,0,117,21
syrtis-424242-aeon,40,yes,40,0,54,21
syrtis-424242-aeon,41,yes,41,0,54,22
syrtis-424242-aeon,42,yes,42,0,54,20
syrtis-424242-aeon,43,yes,42,0,54,21
syrtis-424242-aeon,44,yes,43,0,54,20
syrtis-424242-aeon,45,yes,42,0,54,18
syrtis-424242-aeon,46,yes,43,0,54,18
syrtis-424242-aeon,47,yes,45,16,1,18
syrtis-424242-sera,1,no,0,0,0,0
syrtis-424242-sera,2,no,0,0,0,1
syrtis-424242-sera,3,no,0,0,0,4
syrtis-424242-sera,4,no,0,0,0,6
syrtis-424242-sera,5,no,1,0,0,9
syrtis-424242-sera,6,no,1,0,0,11
syrtis-424242-sera,7,no,2,0,0,18
syrtis-424242-sera,8,no,3,0,0,19
syrtis-424242-sera,9,no,2,0,0,19
syrtis-424242-sera,10,yes,3,0,123,21
syrtis-424242-sera,11,no,3,0,0,22
syrtis-424242-sera,12,yes,3,0,110,22
syrtis-424242-sera,13,yes,3,0,72,20
syrtis-424242-sera,14,no,4,0,0,23
syrtis-424242-sera,15,no,4,0,0,19
syrtis-424242-sera,16,yes,4,0,102,19
syrtis-424242-sera,17,yes,7,3,10,19
syrtis-424242-sera,18,yes,8,3,12,19
syrtis-424242-sera,19,yes,9,4,12,17
syrtis-424242-sera,20,yes,9,4,12,15
syrtis-424242-sera,21,no,9,0,0,11
syrtis-424242-sera,22,yes,9,4,1,11
syrtis-424242-sera,23,no,8,0,0,10
syrtis-424242-sera,24,yes,5,3,23,9
syrtis-424242-sera,25,yes,3,2,18,9
syrtis-424242-sera,26,no,6,0,0,12
syrtis-424242-sera,27,yes,6,0,71,9
syrtis-424242-sera,28,yes,6,0,71,9
syrtis-424242-sera,29,yes,8,6,18,9
syrtis-424242-sera,30,yes,10,7,14,8
syrtis-424242-sera,31,yes,9,6,10,8
syrtis-424242-sera,32,yes,8,0,85,8
syrtis-424242-sera,33,yes,8,0,123,6
syrtis-424242-sera,34,yes,9,5,21,5
syrtis-424242-uef,1,no,0,0,0,0
syrtis-424242-uef,2,no,0,0,0,1
syrtis-424242-uef,3,no,0,0,0,4
syrtis-424242-uef,4,no,0,0,0,7
syrtis-424242-uef,5,no,1,0,0,9
syrtis-424242-uef,6,no,1,0,0,11
syrtis-424242-uef,7,no,3,0,0,16
syrtis-424242-uef,8,yes,4,1,11,21
syrtis-424242-uef,9,yes,5,1,11,22
syrtis-424242-uef,10,no,5,0,0,22
syrtis-424242-uef,11,no,7,0,0,20
syrtis-424242-uef,12,yes,7,1,1,21
syrtis-424242-uef,13,no,10,0,0,25
syrtis-424242-uef,14,yes,11,1,1,26
syrtis-424242-uef,15,yes,11,1,1,26
syrtis-424242-uef,16,yes,13,4,20,22
syrtis-424242-uef,17,yes,14,5,20,20
syrtis-424242-uef,18,yes,15,3,1,22
syrtis-424242-uef,19,yes,16,4,1,22
syrtis-424242-uef,20,yes,18,6,6,24
syrtis-424242-uef,21,yes,19,5,20,21
syrtis-424242-uef,22,yes,23,8,8,21
syrtis-424242-uef,23,yes,24,7,2,21
syrtis-424242-uef,24,yes,24,8,8,21
syrtis-424242-uef,25,yes,25,6,6,18
syrtis-424242-uef,26,yes,26,6,1,17
syrtis-424242-uef,27,no,28,0,0,17
syrtis-424242-uef,28,yes,30,8,8,19
syrtis-424242-uef,29,no,32,0,0,20
syrtis-424242-uef,30,yes,32,7,1,20
syrtis-424242-uef,31,yes,32,7,1,22
syrtis-424242-uef,32,yes,32,7,1,21
syrtis-424242-uef,33,yes,36,8,8,18
syrtis-424242-uef,34,yes,37,7,1,17
syrtis-424242-uef,35,no,38,0,0,17
syrtis-424242-uef,36,yes,39,8,8,17
syrtis-424242-uef,37,yes,38,7,20,14
syrtis-424242-uef,38,yes,36,7,20,14
syrtis-424242-uef,39,yes,33,3,24,14
syrtis-424242-uef,40,yes,30,0,141,14
syrtis-424242-uef,41,yes,31,0,141,14
syrtis-424242-uef,42,yes,31,0,141,14
syrtis-424242-uef,43,yes,34,0,141,14
syrtis-424242-uef,44,yes,35,9,1,14
syrtis-424242-uef,45,yes,34,9,1,16
syrtis-424242-uef,46,yes,35,9,1,16
syrtis-424242-uef,47,yes,35,0,141,15
syrtis-424242-uef,48,yes,37,10,1,15
syrtis-424242-uef,49,yes,38,10,1,17
syrtis-424242-uef,50,yes,42,12,7,18
syrtis-424242-uef,51,no,43,0,0,18
syrtis-424242-uef,52,yes,45,0,141,17
syrtis-424242-uef,53,yes,48,13,1,16
syrtis-424242-uef,54,yes,46,12,1,13
syrtis-424242-uef,55,yes,49,11,1,12
syrtis-424242-uef,56,yes,50,11,1,11
syrtis-424242-uef,57,yes,43,6,31,11
syrtis-424242-uef,58,yes,45,8,31,14
syrtis-424242-uef,59,yes,45,0,141,15
syrtis-424242-uef,60,yes,42,8,31,17
syrtis-424242-uef,61,yes,42,8,31,17
syrtis-424242-uef,62,yes,43,0,141,16
syrtis-424242-uef,63,yes,44,11,31,15
syrtis-424242-uef,64,yes,39,8,32,14
syrtis-424242-uef,65,yes,34,8,32,11
syrtis-424242-uef,66,yes,29,7,35,11
syrtis-424242-uef,67,yes,28,5,49,8
syrtis-424242-uef,68,yes,27,4,51,5
syrtis-8675309-aeon,1,no,0,0,0,0
syrtis-8675309-aeon,2,no,0,0,0,1
syrtis-8675309-aeon,3,no,0,0,0,4
syrtis-8675309-aeon,4,no,0,0,0,7
syrtis-8675309-aeon,5,yes,1,0,155,9
syrtis-8675309-aeon,6,no,1,0,0,10
syrtis-8675309-aeon,7,no,2,0,0,15
syrtis-8675309-aeon,8,no,3,0,0,19
syrtis-8675309-aeon,9,yes,3,0,262,18
syrtis-8675309-aeon,10,no,4,0,0,19
syrtis-8675309-aeon,11,yes,4,0,262,19
syrtis-8675309-aeon,12,yes,8,0,262,20
syrtis-8675309-aeon,13,yes,10,4,1,22
syrtis-8675309-aeon,14,yes,12,0,117,24
syrtis-8675309-aeon,15,yes,13,0,188,24
syrtis-8675309-aeon,16,no,13,0,0,25
syrtis-8675309-aeon,17,no,13,0,0,24
syrtis-8675309-aeon,18,yes,13,0,188,22
syrtis-8675309-aeon,19,yes,14,0,182,23
syrtis-8675309-aeon,20,yes,14,0,182,25
syrtis-8675309-aeon,21,yes,14,5,1,24
syrtis-8675309-aeon,22,no,15,0,0,20
syrtis-8675309-aeon,23,yes,18,0,182,17
syrtis-8675309-aeon,24,yes,18,0,182,15
syrtis-8675309-aeon,25,yes,18,5,1,15
syrtis-8675309-aeon,26,yes,18,5,1,14
syrtis-8675309-aeon,27,yes,19,5,1,12
syrtis-8675309-aeon,28,yes,20,12,2,12
syrtis-8675309-aeon,29,yes,24,13,2,12
syrtis-8675309-aeon,30,yes,30,0,94,12
syrtis-8675309-aeon,31,yes,35,5,1,13
syrtis-8675309-aeon,32,yes,34,3,8,12
syrtis-8675309-aeon,33,yes,32,0,117,12
syrtis-8675309-aeon,34,yes,37,0,110,12
syrtis-8675309-aeon,35,yes,36,0,110,10
syrtis-8675309-aeon,36,no,38,0,0,10
syrtis-8675309-aeon,37,yes,36,4,8,10
syrtis-8675309-aeon,38,yes,41,0,110,10
syrtis-8675309-aeon,39,yes,43,18,3,10
syrtis-8675309-aeon,40,yes,44,8,8,10
syrtis-8675309-aeon,41,yes,48,18,3,10
syrtis-8675309-aeon,42,yes,47,18,3,11
syrtis-8675309-aeon,43,yes,47,17,1,11
syrtis-8675309-aeon,44,yes,48,0,110,11
syrtis-8675309-aeon,45,yes,48,0,110,11
syrtis-8675309-aeon,46,yes,48,19,1,11
syrtis-8675309-aeon,47,yes,48,18,9,10
syrtis-8675309-aeon,48,yes,51,20,6,10
syrtis-8675309-aeon,49,yes,51,0,110,10
syrtis-8675309-aeon,50,yes,52,0,110,10
syrtis-8675309-sera,1,no,0,0,0,0
syrtis-8675309-sera,2,no,0,0,0,1
syrtis-8675309-sera,3,no,0,0,0,4
syrtis-8675309-sera,4,no,0,0,0,6
syrtis-8675309-sera,5,no,1,0,0,7
syrtis-8675309-sera,6,no,1,0,0,10
syrtis-8675309-sera,7,yes,3,1,1,16
syrtis-8675309-sera,8,no,4,0,0,19
syrtis-8675309-sera,9,yes,5,1,1,21
syrtis-8675309-sera,10,no,6,0,0,22
syrtis-8675309-sera,11,yes,9,1,1,21
syrtis-8675309-sera,12,yes,10,1,1,23
syrtis-8675309-sera,13,yes,10,1,1,23
syrtis-8675309-sera,14,yes,10,0,261,24
syrtis-8675309-sera,15,yes,9,3,16,24
syrtis-8675309-sera,16,yes,9,3,16,21
syrtis-8675309-sera,17,yes,6,3,16,18
syrtis-8675309-sera,18,yes,6,3,16,19
syrtis-8675309-sera,19,yes,7,0,261,19
syrtis-8675309-sera,20,yes,8,0,261,19
syrtis-8675309-sera,21,yes,8,4,1,22
syrtis-8675309-sera,22,yes,8,4,1,18
syrtis-8675309-sera,23,yes,9,5,1,20
syrtis-8675309-sera,24,yes,11,0,256,17
syrtis-8675309-sera,25,yes,13,5,13,15
syrtis-8675309-sera,26,yes,16,8,4,16
syrtis-8675309-sera,27,yes,16,6,1,16
syrtis-8675309-sera,28,yes,17,0,256,18
syrtis-8675309-uef,1,no,0,0,0,0
syrtis-8675309-uef,2,no,0,0,0,1
syrtis-8675309-uef,3,no,0,0,0,4
syrtis-8675309-uef,4,no,0,0,0,6
syrtis-8675309-uef,5,no,0,0,0,10
syrtis-8675309-uef,6,yes,1,0,155,12
syrtis-8675309-uef,7,no,2,0,0,17
syrtis-8675309-uef,8,no,4,0,0,20
syrtis-8675309-uef,9,no,5,0,0,21
syrtis-8675309-uef,10,no,7,0,0,21
syrtis-8675309-uef,11,yes,8,3,1,23
syrtis-8675309-uef,12,yes,10,3,1,25
syrtis-8675309-uef,13,yes,15,4,1,28
syrtis-8675309-uef,14,yes,16,4,1,28
syrtis-8675309-uef,15,yes,18,3,1,28
syrtis-8675309-uef,16,yes,23,3,1,28
syrtis-8675309-uef,17,yes,23,3,1,27
syrtis-8675309-uef,18,yes,24,1,3,24
syrtis-8675309-uef,19,yes,23,0,52,23
syrtis-8675309-uef,20,yes,23,0,52,23
syrtis-8675309-uef,21,yes,24,5,1,21
syrtis-8675309-uef,22,yes,26,0,52,22
syrtis-8675309-uef,23,no,28,0,0,23
syrtis-8675309-uef,24,yes,30,0,52,20
syrtis-8675309-uef,25,yes,30,0,52,21
syrtis-8675309-uef,26,yes,35,0,52,19
syrtis-8675309-uef,27,yes,36,0,52,19
syrtis-8675309-uef,28,yes,37,0,173,19
syrtis-8675309-uef,29,yes,39,0,52,19
syrtis-8675309-uef,30,yes,40,0,52,19
syrtis-8675309-uef,31,yes,41,0,52,19
syrtis-8675309-uef,32,yes,44,6,1,19
syrtis-8675309-uef,33,yes,47,0,173,19
syrtis-8675309-uef,34,yes,49,6,1,19
syrtis-8675309-uef,35,yes,50,0,173,19
syrtis-8675309-uef,36,yes,50,0,173,19
syrtis-8675309-uef,37,yes,50,0,173,18
syrtis-8675309-uef,38,yes,51,0,173,17
syrtis-8675309-uef,39,yes,53,0,173,16
syrtis-8675309-uef,40,yes,55,0,173,17
syrtis-8675309-uef,41,yes,56,0,173,17
syrtis-8675309-uef,42,yes,58,0,173,17
syrtis-8675309-uef,43,yes,57,6,1,17
syrtis-8675309-uef,44,yes,57,0,173,14
syrtis-8675309-uef,45,yes,56,0,54,13
syrtis-8675309-uef,46,yes,57,1,5,14
syrtis-8675309-uef,47,yes,57,0,168,15
syrtis-8675309-uef,48,yes,56,0,168,17
syrtis-8675309-uef,49,yes,56,0,168,20
syrtis-8675309-uef,50,yes,57,3,35,19
syrtis-8675309-uef,51,yes,57,3,35,18
syrtis-8675309-uef,52,yes,54,3,35,19
syrtis-8675309-uef,53,yes,49,1,35,16
