cell,sample,assist_active,assist_assigned,assist_released,assist_desired,assist_candidates,assist_gated,idle,engineers,idle_retreating,idle_assisting,idle_buildhold,idle_unassigned
isis-2071971-aeon,1,0,0,0,0,0,0,0,0,0,0,0,0
isis-2071971-aeon,2,1,5,2,0,1,0,1,3,0,1,0,0
isis-2071971-aeon,3,0,9,5,1,0,3,1,6,0,0,0,1
isis-2071971-aeon,4,1,13,8,1,2,3,2,12,0,1,0,1
isis-2071971-aeon,5,0,13,8,0,0,6,2,13,0,0,0,2
isis-2071971-aeon,6,0,13,8,3,2,10,0,13,0,0,0,0
isis-2071971-aeon,7,0,13,9,4,4,10,0,15,0,0,0,0
isis-2071971-aeon,8,0,13,9,4,5,14,1,18,0,0,0,1
isis-2071971-aeon,9,0,16,13,6,3,18,0,18,0,0,0,0
isis-2071971-aeon,10,0,16,13,5,3,20,0,17,0,0,0,0
isis-2071971-aeon,11,0,18,14,6,5,22,1,18,0,0,0,1
isis-2071971-aeon,12,3,22,15,6,9,25,5,24,0,0,0,5
isis-2071971-aeon,13,0,28,22,6,7,27,3,26,0,0,0,3
isis-2071971-aeon,14,1,30,22,6,9,27,7,24,0,0,0,7
isis-2071971-aeon,15,1,37,26,6,9,27,7,24,0,0,0,7
isis-2071971-aeon,16,3,47,32,6,12,27,8,26,1,2,0,5
isis-2071971-aeon,17,0,57,37,0,0,30,7,27,0,0,0,7
isis-2071971-aeon,18,0,59,37,0,0,35,12,28,2,0,0,10
isis-2071971-aeon,19,0,66,40,0,0,42,15,27,0,0,0,15
isis-2071971-aeon,20,6,105,53,6,14,44,6,29,0,0,0,6
isis-2071971-aeon,21,5,125,72,6,15,45,11,28,0,3,0,8
isis-2071971-aeon,22,9,155,93,6,13,50,9,29,0,1,0,8
isis-2071971-aeon,23,0,171,116,0,0,55,12,29,0,0,0,12
isis-2071971-aeon,24,0,172,116,0,0,65,16,30,0,0,0,16
isis-2071971-aeon,25,0,177,119,0,0,73,23,27,0,0,0,23
isis-2071971-aeon,26,0,180,121,0,0,77,20,30,2,0,0,18
isis-2071971-aeon,27,0,181,122,0,0,80,22,31,0,0,0,22
isis-2071971-aeon,28,0,185,125,0,0,86,23,32,0,0,0,23
isis-2071971-aeon,29,0,193,131,6,16,91,21,37,0,0,0,21
isis-2071971-aeon,30,1,201,134,6,19,91,15,42,0,0,0,15
isis-2071971-aeon,31,0,230,162,6,16,91,25,45,0,0,0,25
isis-2071971-aeon,32,6,240,164,6,17,91,22,45,0,1,0,21
isis-2071971-aeon,33,0,245,174,0,0,100,23,45,0,0,0,23
isis-2071971-aeon,34,2,255,182,6,6,106,27,39,0,2,0,25
isis-2071971-aeon,35,0,263,191,6,13,108,32,40,1,0,0,31
isis-2071971-aeon,36,0,270,198,6,17,108,37,44,0,0,0,37
isis-2071971-aeon,37,0,270,198,6,16,108,36,43,0,0,0,36
isis-2071971-aeon,38,7,305,212,6,13,108,25,45,0,1,0,24
isis-2071971-aeon,39,1,322,222,6,8,110,26,45,0,0,0,26
isis-2071971-aeon,40,0,322,223,6,11,118,36,46,0,0,0,36
isis-2071971-aeon,41,0,322,223,6,9,126,19,27,0,0,0,19
isis-2071971-sera,1,0,0,0,0,0,0,0,0,0,0,0,0
isis-2071971-sera,2,1,5,2,0,1,0,1,3,0,1,0,0
isis-2071971-sera,3,0,9,5,1,0,2,0,5,0,0,0,0
isis-2071971-sera,4,0,13,7,1,1,2,2,11,0,0,0,2
isis-2071971-sera,5,0,13,7,2,0,2,0,12,0,0,0,0
isis-2071971-sera,6,0,13,7,0,0,7,0,14,0,0,0,0
isis-2071971-sera,7,0,13,7,4,2,13,2,16,0,0,0,2
isis-2071971-sera,8,0,13,7,5,0,13,1,20,0,0,0,1
isis-2071971-sera,9,0,15,8,5,3,15,0,25,0,0,0,0
isis-2071971-sera,10,0,19,8,0,0,18,5,28,0,0,0,5
isis-2071971-sera,11,0,19,8,6,11,19,0,31,0,0,0,0
isis-2071971-sera,12,0,20,9,6,13,19,3,32,0,0,0,3
isis-2071971-sera,13,2,31,11,6,13,21,5,32,0,1,0,4
isis-2071971-sera,14,0,37,16,0,0,24,10,25,1,0,0,9
isis-2071971-sera,15,0,41,16,6,10,28,7,23,1,0,0,6
isis-2071971-sera,16,2,49,20,6,14,30,9,27,1,1,0,7
isis-2071971-sera,17,0,57,22,6,12,32,9,25,1,0,0,8
isis-2071971-sera,18,0,65,28,0,0,34,16,22,2,0,0,14
isis-2071971-sera,19,0,70,32,6,13,40,15,23,0,0,0,15
isis-2071971-sera,20,0,83,45,6,11,43,12,22,1,0,0,11
isis-2071971-sera,21,0,106,61,6,12,44,17,23,0,0,0,17
isis-2071971-sera,22,0,111,66,0,0,50,17,26,0,0,0,17
isis-2071971-sera,23,0,111,66,0,0,54,17,31,0,0,0,17
isis-2071971-sera,24,0,111,66,6,19,58,24,35,0,0,0,24
isis-2071971-sera,25,0,115,70,6,18,60,19,30,0,0,0,19
isis-2071971-sera,26,0,140,91,0,0,66,31,41,0,0,0,31
isis-2071971-sera,27,0,148,99,0,0,68,30,43,0,0,0,30
isis-2071971-sera,28,3,165,107,6,18,76,24,44,0,0,0,24
isis-2071971-sera,29,0,181,117,6,19,78,23,44,0,0,0,23
isis-2071971-sera,30,3,197,120,6,18,79,12,44,0,0,0,12
isis-2071971-sera,31,0,202,124,6,17,79,12,43,0,0,0,12
isis-2071971-sera,32,0,204,124,0,0,85,15,41,0,0,0,15
isis-2071971-sera,33,0,204,124,6,18,88,19,42,1,0,0,18
isis-2071971-sera,34,7,215,128,6,17,95,19,42,0,0,0,19
isis-2071971-sera,35,0,223,141,0,0,100,27,44,1,0,0,26
isis-2071971-sera,36,0,224,142,0,0,105,31,44,1,0,0,30
isis-2071971-sera,37,0,239,156,6,9,111,26,44,1,0,0,25
isis-2071971-sera,38,0,240,157,6,7,114,25,45,1,0,0,24
isis-2071971-sera,39,0,240,157,0,0,116,31,43,2,0,0,29
isis-2071971-sera,40,3,252,164,6,15,117,22,40,2,2,0,18
isis-2071971-sera,41,3,261,170,6,12,121,19,40,1,0,0,18
isis-2071971-sera,42,4,276,183,6,16,124,25,41,1,2,0,22
isis-2071971-sera,43,0,282,190,6,17,125,28,37,0,0,0,28
isis-2071971-uef,1,0,0,0,0,0,0,0,0,0,0,0,0
isis-2071971-uef,2,1,5,2,0,1,0,1,3,0,1,0,0
isis-2071971-uef,3,0,9,5,1,1,2,1,6,0,0,0,1
isis-2071971-uef,4,0,13,9,1,1,2,2,12,0,0,0,2
isis-2071971-uef,5,0,13,9,2,0,2,0,14,0,0,0,0
isis-2071971-uef,6,0,13,9,3,0,3,1,14,0,0,0,1
isis-2071971-uef,7,0,13,9,4,2,3,3,16,0,0,0,3
isis-2071971-uef,8,0,13,9,0,0,11,1,19,0,0,0,1
isis-2071971-uef,9,0,15,9,5,3,12,1,23,0,0,0,1
isis-2071971-uef,10,0,15,9,6,5,12,1,26,0,0,0,1
isis-2071971-uef,11,2,21,11,5,11,12,4,27,0,0,0,4
isis-2071971-uef,12,0,27,18,6,6,12,2,27,0,0,0,2
isis-2071971-uef,13,1,34,20,6,9,12,3,27,0,0,0,3
isis-2071971-uef,14,0,37,23,6,9,12,7,27,0,0,2,5
isis-2071971-uef,15,1,49,24,6,12,12,7,22,0,1,0,6
isis-2071971-uef,16,0,56,26,6,21,12,13,26,1,0,0,12
isis-2071971-uef,17,0,56,26,6,18,12,10,24,0,0,0,10
isis-2071971-uef,18,5,62,26,6,22,12,9,26,0,1,2,6
isis-2071971-uef,19,0,67,31,6,16,12,5,26,0,0,0,5
isis-2071971-uef,20,0,76,40,6,19,12,13,26,2,0,0,11
isis-2071971-uef,21,3,87,46,6,12,12,1,29,0,1,0,0
isis-2071971-uef,22,2,100,54,6,13,15,4,28,1,0,0,3
isis-2071971-uef,23,10,128,66,6,20,17,3,30,0,1,0,2
isis-2071971-uef,24,6,154,83,6,11,21,2,31,0,1,1,0
isis-2071971-uef,25,3,180,99,6,16,23,9,32,1,0,1,7
isis-2071971-uef,26,0,195,110,6,16,23,5,36,2,0,1,2
isis-2071971-uef,27,4,211,115,6,13,26,11,32,0,2,1,8
isis-2071971-uef,28,0,217,121,0,0,28,19,34,1,0,2,16
isis-2071971-uef,29,1,248,134,6,17,29,8,35,1,0,1,6
isis-2071971-uef,30,0,268,155,0,0,33,18,37,1,0,1,16
isis-2071971-uef,31,0,291,174,0,0,40,17,37,1,0,0,16
isis-2071971-uef,32,3,304,181,6,15,45,13,38,0,0,1,12
isis-2071971-uef,33,0,304,182,0,0,52,16,38,0,0,1,15
isis-2071971-uef,34,1,311,186,6,9,52,15,38,0,0,1,14
isis-2071971-uef,35,0,317,193,6,10,52,17,36,0,0,1,16
isis-2071971-uef,36,0,324,199,0,0,55,20,34,0,0,0,20
isis-2071971-uef,37,1,330,204,6,11,61,15,34,0,0,0,15
isis-2071971-uef,38,1,341,213,6,13,65,16,34,0,1,0,15
isis-2071971-uef,39,2,356,219,6,13,68,11,34,0,0,0,11
isis-2071971-uef,40,1,374,232,6,10,68,13,26,0,0,0,13
isis-2071971-uef,41,0,377,234,6,2,68,11,23,0,0,0,11
isis-2071971-uef,42,0,377,234,6,2,68,10,23,0,0,0,10
isis-2071971-uef,43,1,380,236,6,4,68,6,23,0,0,0,6
isis-2071971-uef,44,0,385,241,6,5,68,13,25,0,0,0,13
isis-2071971-uef,45,0,392,248,6,2,70,9,22,0,0,0,9
isis-2071971-uef,46,0,392,248,6,2,74,6,17,0,0,0,6
isis-424242-aeon,1,0,0,0,0,0,0,0,0,0,0,0,0
isis-424242-aeon,2,1,5,2,0,1,0,1,3,0,1,0,0
isis-424242-aeon,3,0,9,5,1,0,3,1,6,0,0,0,1
isis-424242-aeon,4,1,13,7,1,2,3,2,12,0,1,0,1
isis-424242-aeon,5,0,15,9,2,0,3,1,14,0,0,0,1
isis-424242-aeon,6,0,15,9,3,0,3,0,14,0,0,0,0
isis-424242-aeon,7,0,15,10,4,3,3,1,16,0,0,0,1
isis-424242-aeon,8,0,16,10,0,0,6,4,23,0,0,0,4
isis-424242-aeon,9,0,25,16,5,3,6,0,24,0,0,0,0
isis-424242-aeon,10,0,29,16,6,5,6,0,23,0,0,0,0
isis-424242-aeon,11,2,35,18,6,9,6,1,25,0,0,0,1
isis-424242-aeon,12,3,47,23,6,12,6,5,26,0,0,0,5
isis-424242-aeon,13,0,76,51,0,0,11,14,27,0,0,0,14
isis-424242-aeon,14,0,103,66,0,0,14,12,30,0,0,0,12
isis-424242-aeon,15,0,123,77,6,7,17,2,32,0,0,0,2
isis-424242-aeon,16,0,126,78,6,9,19,2,27,1,0,0,1
isis-424242-aeon,17,1,130,81,6,8,20,5,25,1,0,0,4
isis-424242-aeon,18,0,130,82,6,8,27,4,22,2,0,0,2
isis-424242-aeon,19,0,138,89,6,8,32,7,23,4,0,0,3
isis-424242-aeon,20,1,143,93,6,11,36,7,25,2,0,0,5
isis-424242-aeon,21,0,150,101,0,0,40,5,20,0,0,0,5
isis-424242-aeon,22,0,152,103,0,0,47,12,23,0,0,0,12
isis-424242-aeon,23,5,160,105,6,11,48,5,26,0,1,0,4
isis-424242-aeon,24,1,173,111,6,10,49,9,30,3,1,0,5
isis-424242-aeon,25,0,183,119,0,0,54,17,29,4,0,0,13
isis-424242-aeon,26,5,195,123,6,13,60,7,27,4,0,0,3
isis-424242-aeon,27,0,202,130,6,19,64,19,33,5,0,0,14
isis-424242-aeon,28,5,211,133,6,10,65,9,37,5,1,0,3
isis-424242-aeon,29,0,211,138,6,11,65,13,36,5,0,0,8
isis-424242-aeon,30,0,213,139,0,0,67,15,36,4,0,0,11
isis-424242-aeon,31,0,219,143,6,7,68,4,37,3,0,0,1
isis-424242-aeon,32,2,229,145,6,15,72,11,42,2,0,0,9
isis-424242-aeon,33,3,250,158,6,18,78,18,44,2,0,0,16
isis-424242-aeon,34,2,259,163,6,18,78,19,47,2,0,0,17
isis-424242-aeon,35,0,273,170,6,19,78,20,45,1,0,0,19
isis-424242-aeon,36,1,288,184,6,25,78,20,45,0,0,0,20
isis-424242-aeon,37,4,310,203,6,20,78,17,45,0,0,0,17
isis-424242-aeon,38,1,318,208,6,22,80,18,46,0,0,2,16
isis-424242-aeon,39,0,328,219,6,24,81,30,46,1,0,2,27
isis-424242-aeon,40,3,355,236,6,20,85,27,47,1,0,2,24
isis-424242-aeon,41,2,372,252,6,24,87,23,46,1,0,2,20
isis-424242-aeon,42,10,403,273,6,23,90,22,46,1,0,2,19
isis-424242-aeon,43,4,430,302,6,20,90,28,41,1,0,1,26
isis-424242-aeon,44,0,445,316,0,0,93,24,41,0,0,0,24
isis-424242-aeon,45,2,466,332,6,16,94,22,41,0,0,1,21
isis-424242-aeon,46,4,489,349,6,23,94,33,43,0,0,1,32
isis-424242-aeon,47,3,507,361,6,13,98,18,43,0,0,1,17
isis-424242-aeon,48,6,522,370,6,12,99,21,45,0,1,1,19
isis-424242-aeon,49,0,539,385,6,16,102,29,45,0,0,1,28
isis-424242-aeon,50,0,552,398,0,0,104,30,43,0,0,1,29
isis-424242-aeon,51,0,558,401,6,11,106,22,37,0,0,1,21
isis-424242-sera,1,0,0,0,0,0,0,0,0,0,0,0,0
isis-424242-sera,2,1,5,2,0,1,0,1,3,0,1,0,0
isis-424242-sera,3,0,9,5,1,0,3,0,5,0,0,0,0
isis-424242-sera,4,0,13,8,1,2,3,2,12,0,0,0,2
isis-424242-sera,5,0,13,8,4,0,3,0,13,0,0,0,0
isis-424242-sera,6,0,13,8,0,0,8,0,13,0,0,0,0
isis-424242-sera,7,0,13,8,4,3,11,1,13,0,0,0,1
isis-424242-sera,8,0,13,8,4,5,11,2,19,0,0,0,2
isis-424242-sera,9,0,13,8,5,1,11,0,24,0,0,0,0
isis-424242-sera,10,0,14,9,5,1,11,3,26,0,0,0,3
isis-424242-sera,11,0,33,19,6,3,11,9,31,0,0,1,8
isis-424242-sera,12,2,49,32,6,8,14,5,35,0,0,0,5
isis-424242-sera,13,3,63,39,6,12,20,13,37,1,0,0,12
isis-424242-sera,14,2,91,59,6,12,25,17,38,1,0,0,16
isis-424242-sera,15,7,103,64,6,6,26,14,39,1,0,0,13
isis-424242-sera,16,9,152,111,6,6,31,22,33,1,9,0,12
isis-424242-sera,17,6,197,151,6,8,34,13,31,0,0,0,13
isis-424242-sera,18,2,209,165,6,13,37,17,35,1,1,0,15
isis-424242-sera,19,11,224,169,6,13,40,12,36,0,1,0,11
isis-424242-sera,20,0,226,179,0,0,45,27,37,0,0,0,27
isis-424242-sera,21,0,227,179,0,0,53,22,37,1,0,0,21
isis-424242-sera,22,0,237,188,0,0,61,18,34,2,0,0,16
isis-424242-sera,23,0,240,191,0,0,69,16,36,2,0,0,14
isis-424242-sera,24,0,240,191,0,0,76,23,34,2,0,0,21
isis-424242-sera,25,0,247,197,0,0,82,21,34,1,0,0,20
isis-424242-sera,26,3,261,208,6,9,86,16,34,1,0,0,15
isis-424242-sera,27,2,270,218,6,8,92,15,34,1,0,0,14
isis-424242-sera,28,5,285,228,6,10,96,16,33,0,0,0,16
isis-424242-sera,29,4,295,239,6,7,101,19,32,0,4,0,15
isis-424242-sera,30,0,304,252,0,0,107,19,34,0,0,0,19
isis-424242-sera,31,0,331,279,0,0,110,21,35,0,0,0,21
isis-424242-sera,32,1,332,279,6,8,118,25,39,0,0,0,25
isis-424242-sera,33,0,336,284,0,0,126,20,39,0,0,0,20
isis-424242-sera,34,0,352,300,0,0,131,19,42,2,0,0,17
isis-424242-sera,35,3,382,322,6,15,131,16,49,2,0,0,14
isis-424242-sera,36,1,392,330,6,17,131,22,49,2,0,0,20
isis-424242-sera,37,2,395,332,6,11,131,20,50,5,1,0,14
isis-424242-sera,38,2,407,344,6,12,134,14,40,2,0,0,12
isis-424242-uef,1,0,0,0,0,0,0,0,0,0,0,0,0
isis-424242-uef,2,1,5,2,0,1,0,1,3,0,1,0,0
isis-424242-uef,3,0,9,5,1,1,2,1,6,0,0,0,1
isis-424242-uef,4,1,14,8,1,2,2,3,13,0,1,0,2
isis-424242-uef,5,0,16,9,2,0,2,0,14,0,0,0,0
isis-424242-uef,6,0,16,9,0,0,5,1,14,0,0,0,1
isis-424242-uef,7,0,16,9,6,1,8,1,13,0,0,0,1
isis-424242-uef,8,0,16,9,0,0,11,4,19,0,0,0,4
isis-424242-uef,9,0,17,10,6,1,18,4,24,0,0,0,4
isis-424242-uef,10,0,18,10,6,0,18,0,25,0,0,0,0
isis-424242-uef,11,1,26,14,5,7,18,7,33,0,1,0,6
isis-424242-uef,12,4,53,32,5,13,18,7,34,0,0,0,7
isis-424242-uef,13,1,82,39,6,15,18,4,34,0,0,0,4
isis-424242-uef,14,13,138,47,6,21,20,3,35,0,1,0,2
isis-424242-uef,15,2,144,49,6,18,25,10,31,0,0,0,10
isis-424242-uef,16,0,153,55,6,15,26,11,28,0,0,0,11
isis-424242-uef,17,0,157,57,6,19,26,16,29,0,0,0,16
isis-424242-uef,18,0,160,57,6,20,28,18,31,2,0,0,16
isis-424242-uef,19,3,173,61,6,8,28,12,29,0,0,0,12
isis-424242-uef,20,1,190,73,6,17,28,15,33,0,1,0,14
isis-424242-uef,21,9,215,85,6,18,29,8,34,0,0,0,8
isis-424242-uef,22,2,230,106,6,11,34,16,35,0,1,0,15
isis-424242-uef,23,3,244,119,6,5,36,19,35,0,0,0,19
isis-424242-uef,24,0,266,143,6,11,39,28,40,0,0,0,28
isis-424242-uef,25,0,266,143,6,13,43,30,42,0,0,0,30
isis-424242-uef,26,0,268,145,0,0,45,34,45,0,0,0,34
isis-424242-uef,27,3,304,173,6,21,54,21,45,0,0,0,21
isis-424242-uef,28,0,319,182,0,0,59,29,45,2,0,0,27
isis-424242-uef,29,9,332,182,6,19,63,21,45,2,0,0,19
isis-424242-uef,30,0,358,212,0,0,67,15,45,1,0,0,14
isis-424242-uef,31,0,366,218,0,0,74,20,45,2,0,0,18
isis-424242-uef,32,0,366,218,0,0,82,25,45,3,0,0,22
isis-424242-uef,33,3,372,219,6,16,86,23,46,3,0,0,20
isis-424242-uef,34,4,378,223,6,17,86,18,45,2,0,0,16
isis-424242-uef,35,1,389,235,6,17,88,22,43,1,1,0,20
isis-424242-uef,36,6,408,248,6,18,93,25,47,1,1,0,23
isis-424242-uef,37,10,427,263,6,12,97,25,46,1,1,0,23
isis-424242-uef,38,3,440,271,6,8,102,25,46,1,1,0,23
isis-424242-uef,39,0,444,277,0,0,111,23,44,1,0,0,22
isis-424242-uef,40,4,468,293,6,13,113,25,47,2,0,0,23
isis-424242-uef,41,2,496,311,6,14,118,20,45,3,0,0,17
isis-424242-uef,42,0,497,313,6,14,121,21,46,2,0,0,19
isis-424242-uef,43,0,497,313,6,16,124,26,45,3,0,0,23
isis-424242-uef,44,0,503,318,6,12,130,19,45,1,0,0,18
isis-424242-uef,45,0,507,321,0,0,138,25,46,3,0,0,22
isis-424242-uef,46,0,514,327,6,12,141,24,46,3,0,0,21
isis-424242-uef,47,0,514,327,6,16,147,26,45,3,0,0,23
isis-8675309-aeon,1,0,0,0,0,0,0,0,0,0,0,0,0
isis-8675309-aeon,2,1,5,2,0,1,0,1,3,0,1,0,0
isis-8675309-aeon,3,0,9,5,1,0,3,1,6,0,0,0,1
isis-8675309-aeon,4,1,14,7,1,2,3,2,12,0,1,0,1
isis-8675309-aeon,5,0,14,8,2,0,3,0,13,0,0,0,0
isis-8675309-aeon,6,0,14,8,3,0,9,0,13,0,0,0,0
isis-8675309-aeon,7,0,14,8,4,2,13,1,15,0,0,0,1
isis-8675309-aeon,8,0,15,8,6,1,13,1,19,0,0,0,1
isis-8675309-aeon,9,0,15,8,5,2,13,1,22,0,0,0,1
isis-8675309-aeon,10,2,23,10,6,8,13,2,30,0,0,0,2
isis-8675309-aeon,11,0,33,13,6,7,13,1,32,0,0,0,1
isis-8675309-aeon,12,0,36,15,6,7,13,1,33,0,0,1,0
isis-8675309-aeon,13,0,40,19,6,6,13,1,33,0,0,0,1
isis-8675309-aeon,14,3,46,22,6,9,13,3,30,0,0,0,3
isis-8675309-aeon,15,0,49,25,6,13,13,10,32,1,0,0,9
isis-8675309-aeon,16,0,54,25,6,15,13,13,32,1,0,0,12
isis-8675309-aeon,17,1,71,27,6,9,17,3,34,0,1,0,2
isis-8675309-aeon,18,6,80,31,6,20,17,8,34,0,1,0,7
isis-8675309-aeon,19,5,96,39,6,20,20,9,36,1,0,0,8
isis-8675309-aeon,20,0,98,41,0,0,29,29,34,4,0,3,22
isis-8675309-aeon,21,1,99,41,6,20,35,19,34,2,0,1,16
isis-8675309-aeon,22,11,133,45,6,21,39,4,35,3,0,0,1
isis-8675309-aeon,23,0,167,51,0,0,45,14,37,2,0,2,10
isis-8675309-aeon,24,16,226,91,6,22,50,9,41,2,1,1,5
isis-8675309-aeon,25,0,247,120,6,15,52,23,44,1,0,1,21
isis-8675309-aeon,26,0,247,120,6,18,53,23,44,2,0,1,20
isis-8675309-aeon,27,10,284,143,6,14,57,16,44,3,4,0,9
isis-8675309-aeon,28,2,302,167,6,12,62,20,44,1,0,0,19
isis-8675309-aeon,29,0,309,171,0,0,69,32,44,2,0,2,28
isis-8675309-aeon,30,13,339,184,6,23,74,11,45,2,1,1,7
isis-8675309-aeon,31,2,374,212,6,22,74,10,42,2,0,0,8
isis-8675309-aeon,32,3,397,218,6,22,74,8,44,2,0,0,6
isis-8675309-aeon,33,8,429,237,6,23,74,9,44,2,0,1,6
isis-8675309-aeon,34,9,471,259,6,22,74,12,45,2,1,1,8
isis-8675309-aeon,35,11,496,276,6,16,75,6,45,2,1,0,3
isis-8675309-aeon,36,8,536,295,6,22,75,16,46,1,1,2,12
isis-8675309-aeon,37,3,559,323,6,9,77,17,46,2,1,1,13
isis-8675309-aeon,38,2,572,332,6,11,77,16,47,1,0,1,14
isis-8675309-aeon,39,0,593,340,6,11,77,10,42,0,0,1,9
isis-8675309-aeon,40,0,593,340,6,22,77,22,44,1,0,1,20
isis-8675309-sera,1,0,0,0,0,0,0,0,0,0,0,0,0
isis-8675309-sera,2,1,5,2,0,1,0,1,3,0,1,0,0
isis-8675309-sera,3,0,9,5,1,0,2,0,5,0,0,0,0
isis-8675309-sera,4,1,16,9,1,2,2,1,12,0,0,0,1
isis-8675309-sera,5,0,17,10,2,1,2,1,14,0,0,0,1
isis-8675309-sera,6,0,18,11,3,0,5,1,16,0,0,0,1
isis-8675309-sera,7,0,18,11,6,1,5,1,17,1,0,0,0
isis-8675309-sera,8,1,19,12,4,2,5,3,20,0,0,0,3
isis-8675309-sera,9,0,19,13,5,3,5,3,20,0,0,0,3
isis-8675309-sera,10,0,21,14,6,7,5,2,22,0,0,0,2
isis-8675309-sera,11,2,36,23,6,11,5,3,26,0,0,1,2
isis-8675309-sera,12,5,62,32,6,13,5,4,28,0,0,0,4
isis-8675309-sera,13,4,84,38,6,19,5,5,31,0,1,0,4
isis-8675309-sera,14,2,98,52,6,11,5,1,31,0,0,0,1
isis-8675309-sera,15,2,120,52,6,17,6,1,32,0,0,0,1
isis-8675309-sera,16,0,149,58,0,0,9,11,34,0,0,0,11
isis-8675309-sera,17,1,172,63,6,21,9,4,35,0,0,0,4
isis-8675309-sera,18,0,185,66,6,18,9,3,35,1,0,0,2
isis-8675309-sera,19,2,210,78,6,17,10,2,37,1,0,0,1
isis-8675309-sera,20,2,218,82,6,10,14,5,38,0,0,0,5
isis-8675309-sera,21,0,240,95,0,0,16,14,41,1,0,0,13
isis-8675309-sera,22,8,264,110,6,16,22,10,42,6,3,0,1
isis-8675309-sera,23,1,295,142,6,20,23,18,38,6,0,0,12
isis-8675309-sera,24,0,304,148,0,0,32,19,39,5,0,1,13
isis-8675309-sera,25,3,334,170,6,18,34,10,38,5,0,0,5
isis-8675309-sera,26,8,365,188,6,11,39,6,36,4,0,0,2
isis-8675309-sera,27,0,397,228,0,0,41,24,37,4,0,1,19
isis-8675309-sera,28,11,444,260,6,11,43,9,40,6,0,0,3
isis-8675309-sera,29,7,489,298,6,12,45,9,41,1,3,0,5
isis-8675309-sera,30,0,501,317,0,0,55,24,44,1,0,1,22
isis-8675309-sera,31,3,543,349,6,13,61,5,45,1,1,0,3
isis-8675309-sera,32,0,552,357,0,0,67,20,45,3,0,0,17
isis-8675309-sera,33,6,578,361,6,12,70,7,46,2,0,0,5
isis-8675309-sera,34,2,608,381,6,14,70,13,48,2,0,0,11
isis-8675309-sera,35,5,644,412,6,14,70,19,48,2,0,0,17
isis-8675309-sera,36,0,670,438,0,0,77,30,49,3,0,0,27
isis-8675309-sera,37,5,700,455,6,15,79,17,49,3,2,0,12
isis-8675309-sera,38,4,704,460,6,13,81,18,48,3,0,0,15
isis-8675309-sera,39,1,711,464,6,13,81,25,47,2,1,0,22
isis-8675309-sera,40,2,728,475,6,13,81,21,48,0,1,0,20
isis-8675309-sera,41,4,755,497,6,15,81,15,45,0,0,0,15
isis-8675309-sera,42,0,768,510,6,4,81,15,33,0,0,0,15
isis-8675309-sera,43,0,770,512,6,6,81,12,35,0,0,0,12
isis-8675309-sera,44,0,770,512,6,5,81,6,38,0,0,0,6
isis-8675309-sera,45,0,770,512,6,18,81,16,45,0,0,0,16
isis-8675309-sera,46,1,777,516,6,26,81,9,47,0,0,0,9
isis-8675309-sera,47,0,779,519,6,27,84,17,47,0,0,0,17
isis-8675309-sera,48,0,779,519,6,7,84,12,47,0,0,1,11
isis-8675309-sera,49,10,813,543,6,10,84,12,47,1,0,1,10
isis-8675309-sera,50,0,839,566,6,8,86,19,41,1,0,1,17
isis-8675309-sera,51,0,839,566,6,10,87,19,42,0,0,1,18
isis-8675309-sera,52,0,839,566,6,13,87,10,44,0,0,0,10
isis-8675309-sera,53,6,845,566,6,11,87,8,43,1,1,0,6
isis-8675309-sera,54,4,861,583,6,8,89,12,43,1,2,0,9
isis-8675309-sera,55,2,868,592,6,17,90,16,43,2,0,0,14
isis-8675309-sera,56,1,874,599,6,11,91,17,42,2,1,0,14
isis-8675309-sera,57,2,889,613,6,9,92,15,36,0,2,0,13
isis-8675309-sera,58,4,902,624,6,3,92,12,22,0,3,0,9
isis-8675309-uef,1,0,0,0,0,0,0,0,0,0,0,0,0
isis-8675309-uef,2,1,5,2,0,1,0,1,3,0,1,0,0
isis-8675309-uef,3,0,9,5,1,1,2,1,6,0,0,0,1
isis-8675309-uef,4,0,14,9,1,1,2,1,12,0,0,0,1
isis-8675309-uef,5,0,14,9,4,0,2,0,14,0,0,0,0
isis-8675309-uef,6,0,14,9,0,0,8,0,14,0,0,0,0
isis-8675309-uef,7,0,14,10,4,2,13,3,16,0,0,0,3
isis-8675309-uef,8,0,14,10,6,1,16,1,15,0,0,0,1
isis-8675309-uef,9,0,14,10,6,1,25,2,18,0,0,0,2
isis-8675309-uef,10,0,15,10,0,0,33,4,17,0,0,0,4
isis-8675309-uef,11,1,16,10,6,3,38,1,24,0,0,0,1
isis-8675309-uef,12,1,22,13,6,4,38,6,30,0,0,1,5
isis-8675309-uef,13,0,26,15,6,7,38,5,32,0,0,1,4
isis-8675309-uef,14,2,37,16,6,12,38,10,32,3,0,1,6
isis-8675309-uef,15,7,59,20,6,16,38,11,32,2,1,1,7
isis-8675309-uef,16,6,103,27,6,20,38,13,31,3,0,1,9
isis-8675309-uef,17,2,119,38,6,11,38,10,32,3,0,2,5
isis-8675309-uef,18,2,139,54,6,8,38,10,30,2,0,1,7
isis-8675309-uef,19,1,159,70,6,17,44,17,30,4,1,0,12
isis-8675309-uef,20,1,163,72,6,12,46,12,33,3,0,0,9
isis-8675309-uef,21,0,198,97,0,0,52,23,32,2,0,1,20
isis-8675309-uef,22,0,210,109,6,16,56,15,34,2,0,1,12
isis-8675309-uef,23,0,268,148,0,0,60,15,35,2,0,1,12
isis-8675309-uef,24,15,353,197,6,18,62,10,35,2,4,1,3
isis-8675309-uef,25,4,395,229,6,20,63,4,36,2,0,0,2
isis-8675309-uef,26,11,443,270,6,15,64,9,36,2,4,0,3
isis-8675309-uef,27,1,455,292,6,25,68,24,44,2,0,0,22
isis-8675309-uef,28,0,463,296,6,23,68,29,50,3,0,0,26
isis-8675309-uef,29,0,464,297,0,0,71,31,50,3,0,0,28
isis-8675309-uef,30,0,481,310,6,8,74,8,40,2,0,0,6
isis-8675309-uef,31,0,481,310,6,7,76,10,38,1,0,0,9
isis-8675309-uef,32,1,482,310,6,13,78,22,40,2,0,0,20
isis-8675309-uef,33,0,483,312,0,0,87,26,37,2,0,0,24
isis-8675309-uef,34,0,491,320,6,7,92,19,35,2,0,0,17
isis-8675309-uef,35,0,494,322,0,0,94,19,35,0,0,0,19
isis-8675309-uef,36,0,502,327,6,9,99,28,38,1,0,0,27
isis-8675309-uef,37,1,504,328,6,9,102,23,37,0,0,0,23
isis-8675309-uef,38,0,506,331,6,6,106,21,31,0,0,0,21
isis-8675309-uef,39,0,506,331,6,1,115,20,23,0,0,0,20
isis-8675309-uef,40,0,506,331,0,0,121,17,24,0,0,0,17
isis-8675309-uef,41,0,510,335,6,0,121,19,27,0,0,0,19
isis-8675309-uef,42,0,510,335,6,1,127,21,30,1,0,0,20
isis-8675309-uef,43,0,510,335,0,0,132,23,31,0,0,0,23
isis-8675309-uef,44,0,510,335,0,0,143,22,28,1,0,0,21
isis-8675309-uef,45,0,510,335,0,0,149,23,28,2,0,0,21
isis-8675309-uef,46,0,510,335,0,0,158,22,28,2,0,0,20
isis-8675309-uef,47,0,510,335,0,0,163,22,27,1,0,0,21
isis-8675309-uef,48,0,510,335,0,0,168,19,25,1,0,0,18
isis-8675309-uef,49,0,513,338,0,0,175,18,22,2,0,0,16
isis-8675309-uef,50,1,514,338,6,3,180,19,25,2,0,0,17
isis-8675309-uef,51,0,516,340,6,3,186,23,28,2,0,0,21
syrtis-2071971-aeon,1,0,0,0,0,0,0,0,0,0,0,0,0
syrtis-2071971-aeon,2,1,5,2,0,1,0,1,3,0,1,0,0
syrtis-2071971-aeon,3,1,12,6,0,1,1,0,6,0,0,0,0
syrtis-2071971-aeon,4,0,14,8,0,0,6,1,12,0,0,0,1
syrtis-2071971-aeon,5,0,14,8,0,0,15,0,14,0,0,0,0
syrtis-2071971-aeon,6,0,14,8,2,0,18,0,14,0,0,0,0
syrtis-2071971-aeon,7,0,14,8,4,1,19,1,16,0,0,0,1
syrtis-2071971-aeon,8,0,14,8,4,3,19,1,16,0,0,0,1
syrtis-2071971-aeon,9,0,14,8,4,4,19,3,17,0,0,0,3
syrtis-2071971-aeon,10,1,16,8,5,6,19,6,18,0,0,0,6
syrtis-2071971-aeon,11,0,20,9,5,5,19,1,20,0,0,0,1
syrtis-2071971-aeon,12,0,20,9,5,5,19,0,21,0,0,0,0
syrtis-2071971-aeon,13,0,20,9,6,9,19,4,20,0,0,0,4
syrtis-2071971-aeon,14,0,26,13,0,0,20,12,22,0,0,0,12
syrtis-2071971-aeon,15,0,27,13,6,6,25,0,25,0,0,0,0
syrtis-2071971-aeon,16,0,28,13,6,6,25,0,24,0,0,0,0
syrtis-2071971-aeon,17,1,31,13,6,7,25,1,27,0,1,0,0
syrtis-2071971-aeon,18,0,32,14,6,10,33,2,32,0,0,0,2
syrtis-2071971-aeon,19,1,39,17,6,12,36,4,29,0,0,0,4
syrtis-2071971-aeon,20,3,55,25,6,16,37,6,27,0,0,0,6
syrtis-2071971-aeon,21,0,70,34,6,16,39,6,25,0,0,0,6
syrtis-2071971-aeon,22,0,70,34,6,15,40,10,26,1,0,0,9
syrtis-2071971-aeon,23,0,70,34,6,13,41,2,23,1,0,0,1
syrtis-2071971-aeon,24,0,70,34,6,11,41,7,22,1,0,0,6
syrtis-2071971-aeon,25,0,70,34,6,11,43,12,26,3,0,0,9
syrtis-2071971-aeon,26,0,70,34,6,15,43,19,27,0,0,0,19
syrtis-2071971-aeon,27,0,70,34,6,13,43,18,31,0,0,0,18
syrtis-2071971-aeon,28,0,70,34,6,15,43,20,33,0,0,0,20
syrtis-2071971-aeon,29,3,77,34,6,17,43,15,36,0,0,1,14
syrtis-2071971-aeon,30,0,80,37,0,0,44,21,34,0,0,1,20
syrtis-2071971-aeon,31,0,80,37,6,18,49,18,34,0,0,1,17
syrtis-2071971-aeon,32,0,91,48,0,0,51,19,34,0,0,0,19
syrtis-2071971-aeon,33,0,101,53,6,14,59,22,35,0,0,1,21
syrtis-2071971-aeon,34,0,120,62,0,0,68,19,32,0,0,1,18
syrtis-2071971-aeon,35,0,123,64,0,0,79,16,31,0,0,1,15
syrtis-2071971-aeon,36,0,142,80,0,0,84,9,33,0,0,0,9
syrtis-2071971-sera,1,0,0,0,0,0,0,0,0,0,0,0,0
syrtis-2071971-sera,2,1,5,2,0,1,0,1,3,0,1,0,0
syrtis-2071971-sera,3,0,10,5,0,0,0,1,6,0,0,0,1
syrtis-2071971-sera,4,0,16,10,1,0,0,0,12,0,0,0,0
syrtis-2071971-sera,5,1,18,11,1,0,3,0,15,0,0,0,0
syrtis-2071971-sera,6,0,18,11,0,0,4,1,16,0,0,0,1
syrtis-2071971-sera,7,0,18,11,3,2,9,1,17,0,0,0,1
syrtis-2071971-sera,8,0,18,11,3,6,11,1,19,0,0,0,1
syrtis-2071971-sera,9,0,18,11,4,3,11,2,16,0,0,0,2
syrtis-2071971-sera,10,0,18,11,6,3,11,1,17,0,0,0,1
syrtis-2071971-sera,11,0,19,12,6,4,11,2,19,0,0,0,2
syrtis-2071971-sera,12,0,20,12,0,0,13,9,21,0,0,0,9
syrtis-2071971-sera,13,1,37,17,6,12,15,5,27,0,0,0,5
syrtis-2071971-sera,14,2,41,17,6,11,15,2,29,0,0,0,2
syrtis-2071971-sera,15,4,60,25,6,11,15,5,31,0,1,0,4
syrtis-2071971-sera,16,1,66,25,6,10,15,0,30,0,0,0,0
syrtis-2071971-sera,17,0,67,26,6,7,16,0,30,0,0,0,0
syrtis-2071971-sera,18,0,67,26,6,11,19,5,29,0,0,0,5
syrtis-2071971-sera,19,0,72,30,6,8,21,2,21,0,0,0,2
syrtis-2071971-sera,20,1,74,30,6,7,21,1,19,0,0,0,1
syrtis-2071971-sera,21,0,74,30,6,7,21,2,19,0,0,0,2
syrtis-2071971-sera,22,0,74,30,6,8,21,2,19,0,0,0,2
syrtis-2071971-sera,23,0,75,31,6,9,21,3,21,0,0,0,3
syrtis-2071971-sera,24,1,80,32,6,9,21,2,25,0,1,0,1
syrtis-2071971-sera,25,1,84,33,6,9,21,4,27,0,1,0,3
syrtis-2071971-sera,26,1,91,34,6,10,21,7,28,0,0,0,7
syrtis-2071971-sera,27,1,93,35,6,9,21,3,25,0,1,0,2
syrtis-2071971-sera,28,3,110,43,6,12,21,4,29,0,1,0,3
syrtis-2071971-sera,29,1,132,64,6,15,22,12,32,0,0,1,11
syrtis-2071971-sera,30,4,172,93,6,15,24,13,31,0,0,2,11
syrtis-2071971-sera,31,0,203,115,0,0,29,22,35,0,0,1,21
syrtis-2071971-sera,32,0,218,129,0,0,34,14,32,1,0,1,12
syrtis-2071971-sera,33,0,225,133,6,14,36,16,31,0,0,1,15
syrtis-2071971-sera,34,0,227,134,6,12,36,15,34,0,0,1,14
syrtis-2071971-sera,35,3,233,135,6,6,38,11,34,0,0,0,11
syrtis-2071971-sera,36,2,254,157,6,2,42,18,34,0,0,0,18
syrtis-2071971-sera,37,0,278,183,0,0,44,14,34,0,0,0,14
syrtis-2071971-sera,38,5,305,201,6,9,45,17,37,0,0,0,17
syrtis-2071971-sera,39,0,313,208,6,5,45,7,37,0,0,0,7
syrtis-2071971-sera,40,0,316,211,0,0,49,12,39,0,0,0,12
syrtis-2071971-sera,41,3,329,214,6,7,54,14,40,0,1,0,13
syrtis-2071971-sera,42,3,341,226,6,2,54,8,40,0,1,0,7
syrtis-2071971-sera,43,6,359,238,6,2,56,8,41,0,0,0,8
syrtis-2071971-sera,44,0,382,263,0,0,60,17,41,0,0,0,17
syrtis-2071971-sera,45,1,402,273,6,3,61,16,41,0,0,0,16
syrtis-2071971-sera,46,0,410,277,0,0,68,20,43,0,0,0,20
syrtis-2071971-sera,47,0,429,290,0,0,71,21,45,0,0,0,21
syrtis-2071971-sera,48,6,447,301,6,10,73,20,45,0,1,0,19
syrtis-2071971-uef,1,0,0,0,0,0,0,0,0,0,0,0,0
syrtis-2071971-uef,2,1,5,2,0,1,0,1,3,0,1,0,0
syrtis-2071971-uef,3,0,13,6,0,1,0,1,6,0,0,0,1
syrtis-2071971-uef,4,0,19,8,3,2,0,2,12,0,0,0,2
syrtis-2071971-uef,5,1,21,8,1,0,3,0,12,0,0,0,0
syrtis-2071971-uef,6,0,21,8,0,0,6,0,12,0,0,0,0
syrtis-2071971-uef,7,0,21,8,3,2,9,2,14,0,0,0,2
syrtis-2071971-uef,8,0,21,8,4,2,9,2,18,0,0,0,2
syrtis-2071971-uef,9,1,27,11,6,8,9,7,28,0,1,0,6
syrtis-2071971-uef,10,0,33,16,5,11,9,6,29,2,0,0,4
syrtis-2071971-uef,11,0,47,21,5,9,9,4,34,0,0,0,4
syrtis-2071971-uef,12,1,54,22,6,12,9,5,35,2,0,0,3
syrtis-2071971-uef,13,0,61,24,6,6,9,2,37,0,0,0,2
syrtis-2071971-uef,14,1,66,26,6,14,9,4,39,0,0,0,4
syrtis-2071971-uef,15,1,81,28,6,15,9,5,39,0,0,0,5
syrtis-2071971-uef,16,7,109,35,6,17,12,9,39,0,1,0,8
syrtis-2071971-uef,17,8,149,35,6,19,13,7,40,0,0,0,7
syrtis-2071971-uef,18,4,170,48,6,21,17,12,41,1,0,0,11
syrtis-2071971-uef,19,3,193,58,6,22,18,14,41,1,0,0,13
syrtis-2071971-uef,20,17,235,77,6,27,18,10,41,1,0,0,9
syrtis-2071971-uef,21,5,286,96,6,26,22,12,41,0,0,0,12
syrtis-2071971-uef,22,1,342,114,6,25,25,20,41,2,0,0,18
syrtis-2071971-uef,23,7,402,138,6,17,25,5,41,0,0,0,5
syrtis-2071971-uef,24,0,429,153,0,0,30,18,39,0,0,0,18
syrtis-2071971-uef,25,0,469,163,0,0,31,12,39,0,0,0,12
syrtis-2071971-uef,26,0,475,165,0,0,40,19,39,0,0,0,19
syrtis-2071971-uef,27,0,491,174,0,0,45,23,39,0,0,0,23
syrtis-2071971-uef,28,3,508,180,6,17,50,16,42,0,0,0,16
syrtis-2071971-uef,29,0,524,194,0,0,55,11,46,0,0,0,11
syrtis-2071971-uef,30,0,529,194,6,8,56,9,46,1,0,0,8
syrtis-2071971-uef,31,0,533,196,0,0,59,16,46,2,0,0,14
syrtis-2071971-uef,32,0,541,204,0,0,67,24,46,1,0,0,23
syrtis-2071971-uef,33,6,547,204,6,8,78,17,41,0,0,0,17
syrtis-2071971-uef,34,3,567,217,6,11,82,13,42,2,1,0,10
syrtis-2071971-uef,35,0,576,225,0,0,90,22,44,2,0,0,20
syrtis-2071971-uef,36,0,590,228,0,0,97,20,44,2,0,0,18
syrtis-2071971-uef,37,0,619,245,0,0,102,26,46,0,0,0,26
syrtis-2071971-uef,38,6,659,265,6,17,103,18,47,0,1,0,17
syrtis-2071971-uef,39,7,684,285,6,22,105,13,49,0,2,0,11
syrtis-2071971-uef,40,6,723,306,6,16,105,15,49,0,3,0,12
syrtis-2071971-uef,41,5,756,319,6,19,105,15,47,0,0,0,15
syrtis-2071971-uef,42,3,772,329,6,18,105,14,46,0,0,0,14
syrtis-424242-aeon,1,0,0,0,0,0,0,0,0,0,0,0,0
syrtis-424242-aeon,2,1,5,2,0,1,0,1,3,0,1,0,0
syrtis-424242-aeon,3,1,12,5,0,1,0,2,7,0,1,0,1
syrtis-424242-aeon,4,0,16,10,1,1,3,1,12,0,0,0,1
syrtis-424242-aeon,5,0,16,10,1,0,6,1,12,0,0,0,1
syrtis-424242-aeon,6,0,16,10,3,0,10,0,12,0,0,0,0
syrtis-424242-aeon,7,0,16,10,3,0,15,0,12,0,0,0,0
syrtis-424242-aeon,8,0,16,10,6,4,15,2,15,0,0,0,2
syrtis-424242-aeon,9,1,22,13,6,8,15,4,20,0,0,0,4
syrtis-424242-aeon,10,1,30,16,4,6,15,4,20,0,0,0,4
syrtis-424242-aeon,11,2,44,18,5,10,18,4,26,0,0,0,4
syrtis-424242-aeon,12,6,61,29,6,12,24,1,27,0,0,0,1
syrtis-424242-aeon,13,0,61,29,6,5,27,0,27,0,0,0,0
syrtis-424242-aeon,14,0,61,29,6,8,33,5,28,0,0,0,5
syrtis-424242-aeon,15,0,63,29,6,10,33,4,29,0,0,0,4
syrtis-424242-aeon,16,0,63,29,6,8,33,2,27,0,0,0,2
syrtis-424242-aeon,17,4,74,29,6,16,33,7,28,0,1,0,6
syrtis-424242-aeon,18,6,89,37,6,15,35,5,26,0,1,0,4
syrtis-424242-aeon,19,0,102,43,0,0,39,8,26,1,0,1,6
syrtis-424242-aeon,20,3,108,46,6,13,44,7,28,0,3,0,4
syrtis-424242-aeon,21,0,126,47,6,17,44,8,34,0,0,0,8
syrtis-424242-aeon,22,2,136,53,6,18,52,15,33,0,0,1,14
syrtis-424242-aeon,23,0,138,55,0,0,57,10,33,0,0,0,10
syrtis-424242-aeon,24,0,138,55,0,0,61,9,38,0,0,0,9
syrtis-424242-aeon,25,0,140,57,6,18,63,15,31,0,0,0,15
syrtis-424242-aeon,26,0,140,57,6,17,65,11,32,0,0,0,11
syrtis-424242-aeon,27,0,140,57,0,0,68,12,28,0,0,0,12
syrtis-424242-aeon,28,0,149,60,0,0,72,14,29,0,0,0,14
syrtis-424242-aeon,29,0,151,62,6,13,77,13,29,0,0,0,13
syrtis-424242-aeon,30,6,166,68,6,13,79,16,33,0,3,0,13
syrtis-424242-aeon,31,0,166,74,0,0,90,13,30,0,0,0,13
syrtis-424242-aeon,32,3,169,74,6,10,90,10,29,0,0,0,10
syrtis-424242-aeon,33,0,172,78,0,0,93,18,28,0,0,0,18
syrtis-424242-aeon,34,0,176,81,0,0,101,10,28,0,0,0,10
syrtis-424242-aeon,35,0,186,88,6,6,103,12,28,0,0,0,12
syrtis-424242-aeon,36,0,197,99,0,0,111,10,27,0,0,0,10
syrtis-424242-aeon,37,0,212,108,6,9,116,6,28,0,0,0,6
syrtis-424242-aeon,38,0,219,115,6,9,120,20,29,0,0,0,20
syrtis-424242-aeon,39,0,221,117,6,6,120,23,33,1,0,0,22
syrtis-424242-aeon,40,0,227,117,6,20,125,8,33,1,0,0,7
syrtis-424242-aeon,41,0,227,117,0,0,133,4,24,2,0,0,2
syrtis-424242-aeon,42,1,228,117,6,9,139,12,25,3,0,0,9
syrtis-424242-aeon,43,1,231,120,6,9,142,8,28,1,0,0,7
syrtis-424242-aeon,44,0,234,124,0,0,147,3,18,1,0,0,2
syrtis-424242-aeon,45,0,234,124,0,0,154,10,17,1,0,0,9
syrtis-424242-aeon,46,0,234,124,6,3,157,9,18,1,0,0,8
syrtis-424242-sera,1,0,0,0,0,0,0,0,0,0,0,0,0
syrtis-424242-sera,2,1,5,2,0,1,0,1,3,0,1,0,0
syrtis-424242-sera,3,0,12,6,0,0,0,0,6,0,0,0,0
syrtis-424242-sera,4,0,15,8,0,0,3,1,12,0,0,0,1
syrtis-424242-sera,5,0,15,8,0,0,10,0,12,0,0,0,0
syrtis-424242-sera,6,0,15,8,2,0,14,0,12,0,0,0,0
syrtis-424242-sera,7,0,15,8,3,1,19,0,11,0,0,0,0
syrtis-424242-sera,8,0,15,8,4,4,19,3,15,0,0,0,3
syrtis-424242-sera,9,1,23,12,5,8,19,5,17,0,1,0,4
syrtis-424242-sera,10,0,25,15,0,0,27,6,22,0,0,0,6
syrtis-424242-sera,11,0,25,15,0,0,38,2,20,0,0,0,2
syrtis-424242-sera,12,0,25,15,0,0,49,2,24,0,0,0,2
syrtis-424242-sera,13,0,25,15,6,1,52,2,23,0,0,0,2
syrtis-424242-sera,14,0,25,15,0,0,56,4,26,2,0,0,2
syrtis-424242-sera,15,0,25,15,5,10,62,4,29,0,0,0,4
syrtis-424242-sera,16,0,25,15,0,0,69,3,29,0,0,0,3
syrtis-424242-sera,17,0,27,15,5,12,72,6,29,0,0,0,6
syrtis-424242-sera,18,3,39,22,5,12,74,10,28,0,0,0,10
syrtis-424242-sera,19,1,49,28,6,11,81,10,28,0,0,0,10
syrtis-424242-sera,20,0,49,29,6,10,83,9,27,0,0,0,9
syrtis-424242-sera,21,0,49,29,6,9,85,5,23,0,0,0,5
syrtis-424242-sera,22,0,49,29,6,9,87,5,21,1,0,0,4
syrtis-424242-sera,23,0,49,29,0,0,88,4,20,0,0,0,4
syrtis-424242-sera,24,0,49,29,6,7,88,7,18,2,0,0,5
syrtis-424242-sera,25,0,50,30,6,7,90,4,16,1,0,0,3
syrtis-424242-sera,26,0,50,30,0,0,96,3,17,0,0,0,3
syrtis-424242-sera,27,1,51,30,6,6,99,3,19,0,1,0,2
syrtis-424242-sera,28,0,51,30,0,0,106,1,21,0,0,0,1
syrtis-424242-sera,29,1,56,33,6,12,106,13,29,3,0,0,10
syrtis-424242-sera,30,0,65,36,0,0,112,17,28,0,0,0,17
syrtis-424242-sera,31,4,78,44,6,15,113,12,30,0,0,0,12
syrtis-424242-sera,32,7,116,63,6,21,115,10,34,0,0,0,10
syrtis-424242-sera,33,0,156,77,0,0,117,22,39,0,0,0,22
syrtis-424242-uef,1,0,0,0,0,0,0,0,0,0,0,0,0
syrtis-424242-uef,2,1,5,2,0,1,0,1,3,0,1,0,0
syrtis-424242-uef,3,0,10,6,0,1,1,1,6,0,0,0,1
syrtis-424242-uef,4,1,13,8,1,2,2,0,12,0,0,0,0
syrtis-424242-uef,5,0,13,8,1,0,6,0,14,0,0,0,0
syrtis-424242-uef,6,0,13,8,2,0,9,0,14,0,0,0,0
syrtis-424242-uef,7,0,13,8,3,1,12,2,16,0,0,0,2
syrtis-424242-uef,8,1,15,8,4,8,15,5,20,0,0,0,5
syrtis-424242-uef,9,1,20,10,5,8,15,7,21,0,0,0,7
syrtis-424242-uef,10,2,36,19,5,12,15,7,24,0,0,0,7
syrtis-424242-uef,11,0,52,29,0,0,17,8,25,0,0,0,8
syrtis-424242-uef,12,0,70,47,0,0,22,11,26,0,0,0,11
syrtis-424242-uef,13,0,79,55,0,0,26,7,26,0,0,0,7
syrtis-424242-uef,14,0,79,55,6,6,26,2,27,0,0,0,2
syrtis-424242-uef,15,0,79,55,6,9,26,3,27,0,0,0,3
syrtis-424242-uef,16,1,92,57,6,10,26,3,26,0,0,0,3
syrtis-424242-uef,17,2,99,59,6,8,27,2,29,0,0,0,2
syrtis-424242-uef,18,0,108,63,6,10,32,3,28,0,0,0,3
syrtis-424242-uef,19,0,109,64,6,12,32,4,27,0,0,1,3
syrtis-424242-uef,20,2,120,67,6,14,34,6,28,0,0,0,6
syrtis-424242-uef,21,1,130,73,6,12,39,1,30,0,0,0,1
syrtis-424242-uef,22,0,145,78,0,0,45,8,30,0,0,2,6
syrtis-424242-uef,23,0,152,79,0,0,47,5,30,0,0,1,4
syrtis-424242-uef,24,0,154,80,0,0,53,7,30,0,0,1,6
syrtis-424242-uef,25,0,168,85,6,13,58,9,31,0,0,1,8
syrtis-424242-uef,26,1,193,107,6,14,58,10,34,1,1,1,7
syrtis-424242-uef,27,5,249,122,6,17,58,7,44,1,1,0,5
syrtis-424242-uef,28,5,272,137,6,16,59,6,45,2,0,0,4
syrtis-424242-uef,29,9,289,144,6,13,62,9,45,4,1,0,4
syrtis-424242-uef,30,0,318,167,0,0,66,26,45,4,0,2,20
syrtis-424242-uef,31,0,358,207,0,0,73,27,43,2,0,2,23
syrtis-424242-uef,32,3,382,221,6,18,80,19,44,2,1,1,15
syrtis-424242-uef,33,4,396,227,6,14,84,14,45,3,0,0,11
syrtis-424242-uef,34,3,411,236,6,17,85,16,45,2,1,1,12
syrtis-424242-uef,35,0,414,242,0,0,94,21,45,1,0,2,18
syrtis-8675309-aeon,1,0,0,0,0,0,0,0,0,0,0,0,0
syrtis-8675309-aeon,2,1,5,2,0,1,0,1,3,0,1,0,0
syrtis-8675309-aeon,3,1,12,6,0,1,1,0,6,0,0,0,0
syrtis-8675309-aeon,4,1,17,8,1,2,3,2,14,0,1,0,1
syrtis-8675309-aeon,5,0,18,10,0,0,12,0,16,0,0,0,0
syrtis-8675309-aeon,6,0,19,10,2,0,15,0,16,0,0,0,0
syrtis-8675309-aeon,7,0,19,10,3,0,20,0,18,0,0,0,0
syrtis-8675309-aeon,8,0,19,10,5,2,21,3,20,0,0,0,3
syrtis-8675309-aeon,9,0,27,14,6,5,21,1,25,0,0,0,1
syrtis-8675309-aeon,10,0,29,15,5,3,21,2,26,0,0,0,2
syrtis-8675309-aeon,11,0,30,16,6,8,21,2,22,0,0,0,2
syrtis-8675309-aeon,12,4,45,22,5,12,21,5,23,0,0,0,5
syrtis-8675309-aeon,13,0,59,26,0,0,25,10,24,0,0,1,9
syrtis-8675309-aeon,14,1,85,42,6,10,27,7,30,0,0,0,7
syrtis-8675309-aeon,15,0,90,45,0,0,37,12,35,0,0,0,12
syrtis-8675309-aeon,16,0,110,55,6,16,41,12,38,0,0,0,12
syrtis-8675309-aeon,17,2,125,63,6,18,46,10,38,0,0,0,10
syrtis-8675309-aeon,18,5,144,75,6,23,51,11,43,0,0,0,11
syrtis-8675309-aeon,19,0,150,75,0,0,58,11,39,1,0,1,9
syrtis-8675309-aeon,20,0,168,81,0,0,62,18,43,1,0,0,17
syrtis-8675309-aeon,21,1,222,106,6,31,62,19,46,1,1,0,17
syrtis-8675309-aeon,22,9,304,146,6,34,62,13,46,0,0,1,12
syrtis-8675309-aeon,23,0,372,209,0,0,68,30,44,0,0,0,30
syrtis-8675309-aeon,24,0,382,215,0,0,74,24,45,0,0,0,24
syrtis-8675309-aeon,25,7,428,223,6,26,78,7,44,0,0,0,7
syrtis-8675309-aeon,26,9,474,242,6,26,78,10,44,0,0,1,9
syrtis-8675309-aeon,27,8,516,251,6,26,78,11,46,0,1,0,10
syrtis-8675309-aeon,28,6,537,265,6,22,78,7,47,0,0,0,7
syrtis-8675309-aeon,29,0,546,278,6,17,81,12,45,0,0,0,12
syrtis-8675309-aeon,30,0,551,280,0,0,87,14,44,1,0,0,13
syrtis-8675309-aeon,31,0,566,289,6,12,87,3,46,0,0,0,3
syrtis-8675309-aeon,32,3,571,291,6,10,90,14,46,2,3,0,9
syrtis-8675309-aeon,33,6,587,304,6,12,92,15,46,0,3,0,12
syrtis-8675309-aeon,34,3,592,311,6,18,95,19,45,1,0,0,18
syrtis-8675309-aeon,35,0,612,315,6,22,95,12,44,0,0,0,12
syrtis-8675309-aeon,36,5,634,316,6,13,95,14,45,1,0,0,13
syrtis-8675309-aeon,37,0,634,321,0,0,107,21,45,1,0,0,20
syrtis-8675309-aeon,38,0,636,322,0,0,114,4,45,0,0,0,4
syrtis-8675309-aeon,39,2,647,324,6,10,117,10,42,0,0,0,10
syrtis-8675309-aeon,40,2,657,331,6,10,117,15,39,1,0,0,14
syrtis-8675309-aeon,41,3,666,337,6,15,117,13,39,1,0,0,12
syrtis-8675309-aeon,42,10,694,356,6,22,118,12,40,0,2,0,10
syrtis-8675309-aeon,43,11,723,375,6,16,120,14,40,0,2,0,12
syrtis-8675309-aeon,44,5,751,395,6,11,122,5,41,0,1,0,4
syrtis-8675309-aeon,45,3,770,402,6,17,123,7,42,0,1,0,6
syrtis-8675309-aeon,46,2,783,402,6,18,124,8,42,0,1,0,7
syrtis-8675309-aeon,47,2,804,412,6,11,124,13,43,0,1,0,12
syrtis-8675309-sera,1,0,0,0,0,0,0,0,0,0,0,0,0
syrtis-8675309-sera,2,1,5,2,0,1,0,1,3,0,1,0,0
syrtis-8675309-sera,3,0,10,5,0,0,0,1,6,0,0,0,1
syrtis-8675309-sera,4,0,14,8,1,0,3,0,12,0,0,0,0
syrtis-8675309-sera,5,0,14,8,0,0,12,0,12,0,0,0,0
syrtis-8675309-sera,6,0,14,8,1,0,14,0,12,0,0,0,0
syrtis-8675309-sera,7,0,14,8,3,1,17,1,15,0,0,0,1
syrtis-8675309-sera,8,0,14,8,4,5,17,4,15,0,0,0,4
syrtis-8675309-sera,9,0,15,8,4,5,17,4,17,0,0,0,4
syrtis-8675309-sera,10,0,32,14,0,0,18,7,20,0,0,0,7
syrtis-8675309-sera,11,0,35,16,5,5,23,0,23,0,0,0,0
syrtis-8675309-sera,12,0,39,20,5,5,23,1,23,0,0,0,1
syrtis-8675309-sera,13,0,39,20,6,4,25,2,21,0,0,0,2
syrtis-8675309-sera,14,0,39,20,6,2,25,0,22,0,0,0,0
syrtis-8675309-sera,15,1,44,21,6,7,25,5,25,0,0,0,5
syrtis-8675309-sera,16,0,50,22,0,0,27,6,28,0,0,0,6
syrtis-8675309-sera,17,0,50,22,6,8,29,3,28,0,0,0,3
syrtis-8675309-sera,18,0,53,23,0,0,34,8,27,0,0,0,8
syrtis-8675309-sera,19,0,54,24,6,14,39,10,33,0,0,0,10
syrtis-8675309-sera,20,1,65,28,6,9,40,9,33,1,0,0,8
syrtis-8675309-sera,21,0,72,31,0,0,44,12,33,0,0,0,12
syrtis-8675309-sera,22,2,78,34,6,7,48,7,35,0,0,0,7
syrtis-8675309-sera,23,0,79,37,6,10,49,7,33,0,0,0,7
syrtis-8675309-sera,24,2,84,40,6,8,53,11,33,0,0,0,11
syrtis-8675309-sera,25,4,92,45,6,9,57,9,34,0,1,0,8
syrtis-8675309-sera,26,2,101,55,6,11,57,10,34,0,0,0,10
syrtis-8675309-sera,27,0,126,57,6,14,57,7,36,0,0,0,7
syrtis-8675309-sera,28,1,130,57,6,13,57,6,37,0,1,0,5
syrtis-8675309-sera,29,3,142,63,6,14,57,13,40,2,2,0,9
syrtis-8675309-sera,30,0,149,71,6,10,61,18,42,1,0,1,16
syrtis-8675309-sera,31,0,156,77,6,12,61,20,40,0,0,1,19
syrtis-8675309-sera,32,0,160,81,0,0,67,19,39,0,0,1,18
syrtis-8675309-sera,33,0,191,111,0,0,71,18,38,0,0,0,18
syrtis-8675309-sera,34,0,220,129,0,0,79,20,41,4,0,1,15
syrtis-8675309-sera,35,0,249,140,0,0,84,22,46,3,0,1,18
syrtis-8675309-sera,36,4,278,152,6,17,87,13,43,0,0,0,13
syrtis-8675309-sera,37,0,287,162,0,0,91,18,43,4,0,0,14
syrtis-8675309-sera,38,3,309,173,6,19,96,16,45,1,1,0,14
syrtis-8675309-sera,39,0,336,192,0,0,102,22,45,3,0,1,18
syrtis-8675309-sera,40,3,353,201,6,17,109,11,41,0,1,1,9
syrtis-8675309-sera,41,1,367,209,6,12,112,12,40,3,1,1,7
syrtis-8675309-sera,42,1,375,212,6,18,115,12,41,1,1,1,9
syrtis-8675309-sera,43,1,378,215,6,17,121,12,43,0,1,1,10
syrtis-8675309-sera,44,2,396,227,6,14,123,21,42,0,1,2,18
syrtis-8675309-sera,45,1,403,231,6,10,127,10,38,0,1,1,8
syrtis-8675309-sera,46,0,407,236,6,11,129,17,36,0,0,1,16
syrtis-8675309-sera,47,0,407,236,6,15,129,14,39,0,0,0,14
syrtis-8675309-uef,1,0,0,0,0,0,0,0,0,0,0,0,0
syrtis-8675309-uef,2,1,5,2,0,1,0,1,3,0,1,0,0
syrtis-8675309-uef,3,0,10,6,0,1,2,0,6,0,0,0,0
syrtis-8675309-uef,4,0,15,10,1,1,5,1,13,0,0,0,1
syrtis-8675309-uef,5,0,15,10,6,0,6,0,13,0,0,0,0
syrtis-8675309-uef,6,0,15,10,2,0,8,0,13,0,0,0,0
syrtis-8675309-uef,7,0,15,10,3,1,10,0,14,0,0,0,0
syrtis-8675309-uef,8,0,15,10,4,4,11,3,17,0,0,0,3
syrtis-8675309-uef,9,0,20,15,4,8,11,4,20,0,0,0,4
syrtis-8675309-uef,10,2,33,21,5,9,11,2,25,0,0,0,2
syrtis-8675309-uef,11,1,40,25,5,8,11,5,23,0,0,0,5
syrtis-8675309-uef,12,2,55,33,5,10,11,2,25,0,0,0,2
syrtis-8675309-uef,13,3,59,34,6,11,11,1,26,0,0,0,1
syrtis-8675309-uef,14,2,67,34,6,9,11,1,25,0,1,0,0
syrtis-8675309-uef,15,1,70,35,6,7,11,1,27,0,1,0,0
syrtis-8675309-uef,16,2,74,37,6,12,16,3,26,0,0,0,3
syrtis-8675309-uef,17,1,84,42,6,12,18,3,28,0,1,0,2
syrtis-8675309-uef,18,0,89,44,0,0,21,10,29,0,0,0,10
syrtis-8675309-uef,19,0,89,44,0,0,28,12,28,3,0,0,9
syrtis-8675309-uef,20,0,89,44,6,13,30,13,29,1,0,1,11
syrtis-8675309-uef,21,0,90,44,6,15,33,13,30,0,0,0,13
syrtis-8675309-uef,22,1,99,51,6,22,42,14,37,0,0,0,14
syrtis-8675309-uef,23,0,108,57,0,0,44,12,38,3,0,0,9
syrtis-8675309-uef,24,3,123,57,6,26,49,15,36,1,0,0,14
syrtis-8675309-uef,25,7,136,58,6,23,52,13,35,2,0,0,11
syrtis-8675309-uef,26,1,158,59,6,22,55,9,36,1,0,0,8
syrtis-8675309-uef,27,1,176,60,6,24,55,16,38,1,0,0,15
syrtis-8675309-uef,28,1,181,60,6,33,55,23,40,2,0,1,20
syrtis-8675309-uef,29,3,195,63,6,30,55,17,44,2,0,1,14
syrtis-8675309-uef,30,1,221,64,6,33,55,12,47,2,0,1,9
syrtis-8675309-uef,31,0,239,72,0,0,63,14,47,1,0,1,12
syrtis-8675309-uef,32,2,241,72,6,27,73,9,46,0,0,0,9
syrtis-8675309-uef,33,0,241,72,0,0,85,10,47,1,0,1,8
syrtis-8675309-uef,34,1,243,73,6,22,95,17,41,1,0,1,15
syrtis-8675309-uef,35,2,250,78,6,13,95,15,39,0,1,1,13
syrtis-8675309-uef,36,0,267,93,0,0,97,21,39,1,0,2,18
syrtis-8675309-uef,37,0,275,101,0,0,104,13,38,0,0,0,13
syrtis-8675309-uef,38,0,298,120,0,0,109,14,40,0,0,1,13
syrtis-8675309-uef,39,0,311,122,0,0,114,16,41,0,0,2,14
syrtis-8675309-uef,40,0,331,133,0,0,119,22,45,1,0,2,19
syrtis-8675309-uef,41,2,352,145,6,13,122,22,47,1,1,2,18
syrtis-8675309-uef,42,0,369,158,0,0,126,20,49,1,0,1,18
syrtis-8675309-uef,43,3,391,169,6,6,131,11,49,1,0,1,9
syrtis-8675309-uef,44,0,396,174,6,8,137,14,47,0,0,0,14
syrtis-8675309-uef,45,0,398,176,0,0,142,15,48,1,0,1,13
syrtis-8675309-uef,46,0,409,176,6,22,144,23,45,0,0,1,22
syrtis-8675309-uef,47,0,417,183,6,17,145,23,45,0,0,1,22
syrtis-8675309-uef,48,0,420,186,6,10,145,24,45,0,0,0,24
syrtis-8675309-uef,49,0,427,191,0,0,148,17,42,0,0,0,17
syrtis-8675309-uef,50,0,436,191,0,0,153,22,46,0,0,1,21
syrtis-8675309-uef,51,3,452,204,6,19,155,15,46,0,2,0,13
syrtis-8675309-uef,52,3,466,217,6,24,156,23,47,0,1,0,22
syrtis-8675309-uef,53,2,481,230,6,23,157,17,46,0,1,1,15
syrtis-8675309-uef,54,2,488,237,6,26,158,15,45,0,0,1,14
syrtis-8675309-uef,55,0,490,241,6,23,162,18,38,0,0,1,17
syrtis-8675309-uef,56,0,490,241,6,13,164,7,35,0,0,1,6
syrtis-8675309-uef,57,0,493,244,6,5,165,5,32,0,0,0,5
