cell,sample,alert,mex_claimed,def_held,def_covering,def_nearest,mex_lost,mex_lost_defended,bases,deposits_inside,deposits_outside
isis-2071971-aeon,1,no,0,0,0,0,0,0,1,9,35
isis-2071971-aeon,2,no,3,0,0,0,0,0,1,9,35
isis-2071971-aeon,3,no,5,0,0,0,0,0,1,9,35
isis-2071971-aeon,4,no,8,0,0,0,0,0,3,25,19
isis-2071971-aeon,5,no,11,1,0,0,0,0,3,25,19
isis-2071971-aeon,6,no,17,1,0,0,0,0,3,25,19
isis-2071971-aeon,7,yes,19,3,0,385,0,0,3,25,19
isis-2071971-aeon,8,yes,22,4,0,385,0,0,3,25,19
isis-2071971-aeon,9,no,23,4,0,0,0,0,3,25,19
isis-2071971-aeon,10,yes,23,6,0,385,3,0,3,25,19
isis-2071971-aeon,11,yes,22,7,0,385,4,0,3,25,19
isis-2071971-aeon,12,no,21,8,0,0,5,0,4,27,17
isis-2071971-aeon,13,yes,22,10,0,371,5,0,3,25,19
isis-2071971-aeon,14,no,22,12,0,0,5,0,3,25,19
isis-2071971-aeon,15,no,22,13,0,0,5,0,3,25,19
isis-2071971-aeon,16,no,21,14,0,0,6,0,4,25,19
isis-2071971-aeon,17,no,21,16,0,0,6,0,4,25,19
isis-2071971-aeon,18,no,21,20,0,0,7,0,4,25,19
isis-2071971-aeon,19,yes,21,20,0,371,7,0,4,25,19
isis-2071971-aeon,20,yes,21,20,0,371,7,0,4,25,19
isis-2071971-aeon,21,yes,21,21,7,7,8,0,4,25,19
isis-2071971-aeon,22,yes,20,22,7,7,9,0,4,25,19
isis-2071971-aeon,23,yes,19,26,11,5,10,0,3,16,28
isis-2071971-aeon,24,yes,16,32,9,8,13,0,3,16,28
isis-2071971-aeon,25,yes,16,32,9,8,13,0,3,16,28
isis-2071971-aeon,26,yes,15,32,9,1,14,1,3,16,28
isis-2071971-aeon,27,yes,15,33,9,8,14,1,3,16,28
isis-2071971-aeon,28,yes,15,34,14,2,14,1,3,16,28
isis-2071971-aeon,29,yes,15,39,9,8,14,1,3,16,28
isis-2071971-aeon,30,no,15,40,0,0,14,1,3,16,28
isis-2071971-aeon,31,no,15,40,0,0,14,1,3,16,28
isis-2071971-aeon,32,no,15,42,0,0,14,1,3,16,28
isis-2071971-aeon,33,no,16,42,0,0,14,1,3,16,28
isis-2071971-aeon,34,no,17,43,0,0,14,1,3,16,28
isis-2071971-aeon,35,no,19,43,0,0,14,1,3,16,28
isis-2071971-aeon,36,yes,18,47,13,8,15,1,3,16,28
isis-2071971-aeon,37,yes,20,52,18,8,15,1,3,16,28
isis-2071971-aeon,38,yes,20,52,18,8,15,1,3,16,28
isis-2071971-aeon,39,yes,20,52,18,8,15,1,3,16,28
isis-2071971-aeon,40,yes,20,53,18,8,16,1,3,16,28
isis-2071971-aeon,41,yes,20,52,18,8,17,1,3,16,28
isis-2071971-sera,1,no,0,0,0,0,0,0,1,9,35
isis-2071971-sera,2,no,3,0,0,0,0,0,1,9,35
isis-2071971-sera,3,no,5,0,0,0,0,0,1,9,35
isis-2071971-sera,4,no,9,0,0,0,0,0,3,25,19
isis-2071971-sera,5,no,12,1,0,0,0,0,4,25,19
isis-2071971-sera,6,no,15,1,0,0,0,0,3,25,19
isis-2071971-sera,7,no,18,2,0,0,0,0,4,26,18
isis-2071971-sera,8,no,22,2,0,0,0,0,4,26,18
isis-2071971-sera,9,no,21,4,0,0,2,0,3,24,20
isis-2071971-sera,10,no,22,4,0,0,2,0,3,16,28
isis-2071971-sera,11,no,22,5,0,0,2,0,4,16,28
isis-2071971-sera,12,no,21,5,0,0,3,0,4,16,28
isis-2071971-sera,13,yes,20,6,2,1,4,0,4,16,28
isis-2071971-sera,14,yes,21,7,1,12,4,0,3,16,28
isis-2071971-sera,15,yes,19,9,2,11,6,1,3,16,28
isis-2071971-sera,16,yes,19,12,3,1,8,2,3,16,28
isis-2071971-sera,17,yes,17,14,7,3,11,3,3,16,28
isis-2071971-sera,18,yes,15,15,8,2,14,4,3,16,28
isis-2071971-sera,19,yes,13,20,12,2,16,6,3,16,28
isis-2071971-sera,20,yes,13,21,13,17,16,6,3,16,28
isis-2071971-sera,21,yes,13,22,0,57,16,6,3,16,28
isis-2071971-sera,22,yes,14,23,5,32,16,6,3,16,28
isis-2071971-sera,23,yes,14,19,5,32,16,6,3,16,28
isis-2071971-sera,24,yes,12,20,0,61,19,7,3,16,28
isis-2071971-sera,25,yes,11,22,0,61,20,8,3,16,28
isis-2071971-sera,26,yes,10,23,17,4,21,9,3,16,28
isis-2071971-sera,27,yes,8,22,0,61,23,11,3,16,28
isis-2071971-sera,28,yes,8,21,14,16,23,11,3,16,28
isis-2071971-sera,29,yes,8,21,4,37,23,11,3,16,28
isis-2071971-sera,30,yes,8,21,1,68,23,11,3,16,28
isis-2071971-sera,31,yes,9,20,13,24,23,11,3,16,28
isis-2071971-sera,32,yes,13,15,9,8,23,11,3,16,28
isis-2071971-sera,33,yes,12,16,9,3,23,11,4,18,26
isis-2071971-sera,34,no,12,16,0,0,23,11,4,18,26
isis-2071971-sera,35,yes,13,19,0,127,23,11,4,18,26
isis-2071971-sera,36,yes,15,18,0,127,23,11,4,18,26
isis-2071971-sera,37,yes,17,22,13,5,24,11,3,16,28
isis-2071971-sera,38,yes,17,23,0,61,24,11,3,16,28
isis-2071971-sera,39,yes,15,25,15,2,26,12,3,16,28
isis-2071971-sera,40,yes,15,23,15,2,26,12,3,16,28
isis-2071971-sera,41,yes,13,24,15,2,28,13,2,16,28
isis-2071971-sera,42,yes,15,25,15,2,28,13,2,16,28
isis-2071971-sera,43,yes,15,25,13,20,28,13,2,16,28
isis-2071971-sera,44,yes,15,25,16,14,28,13,2,16,28
isis-2071971-uef,1,no,0,0,0,0,0,0,1,9,35
isis-2071971-uef,2,no,3,0,0,0,0,0,1,9,35
isis-2071971-uef,3,no,5,0,0,0,0,0,1,9,35
isis-2071971-uef,4,no,8,0,0,0,0,0,3,25,19
isis-2071971-uef,5,no,12,0,0,0,0,0,3,25,19
isis-2071971-uef,6,yes,18,2,0,390,0,0,4,31,13
isis-2071971-uef,7,yes,20,2,0,401,0,0,3,22,22
isis-2071971-uef,8,no,22,3,0,0,0,0,3,22,22
isis-2071971-uef,9,yes,22,3,0,401,0,0,3,22,22
isis-2071971-uef,10,yes,23,5,0,391,0,0,3,22,22
isis-2071971-uef,11,no,22,6,0,0,1,0,3,22,22
isis-2071971-uef,12,yes,21,7,0,391,2,0,3,22,22
isis-2071971-uef,13,no,21,9,0,0,3,0,3,22,22
isis-2071971-uef,14,yes,21,11,7,1,3,0,3,22,22
isis-2071971-uef,15,yes,21,13,0,382,4,0,3,22,22
isis-2071971-uef,16,yes,19,13,3,12,6,0,2,16,28
isis-2071971-uef,17,no,17,13,0,0,8,1,2,16,28
isis-2071971-uef,18,yes,18,13,3,19,8,1,2,16,28
isis-2071971-uef,19,no,15,15,0,0,11,2,2,16,28
isis-2071971-uef,20,no,15,15,0,0,11,2,2,16,28
isis-2071971-uef,21,yes,15,15,5,2,11,2,2,16,28
isis-2071971-uef,22,yes,15,15,4,19,11,2,2,16,28
isis-2071971-uef,23,no,15,15,0,0,11,2,3,16,28
isis-2071971-uef,24,yes,15,18,4,18,11,2,3,16,28
isis-2071971-uef,25,no,16,21,0,0,11,2,3,16,28
isis-2071971-uef,26,no,16,23,0,0,11,2,3,16,28
isis-2071971-uef,27,yes,16,23,6,3,11,2,3,16,28
isis-2071971-uef,28,yes,17,25,6,7,11,2,3,16,28
isis-2071971-uef,29,yes,19,26,6,7,11,2,3,16,28
isis-2071971-uef,30,yes,18,28,6,4,13,2,3,16,28
isis-2071971-uef,31,no,18,34,0,0,14,2,3,16,28
isis-2071971-uef,32,no,17,35,0,0,14,2,3,16,28
isis-2071971-uef,33,no,16,36,0,0,14,2,3,16,28
isis-2071971-uef,34,no,16,37,0,0,14,2,3,16,28
isis-2071971-uef,35,no,16,37,0,0,14,2,3,16,28
isis-2071971-uef,36,no,16,36,0,0,14,2,3,16,28
isis-2071971-uef,37,no,16,36,0,0,14,2,3,16,28
isis-2071971-uef,38,no,16,37,0,0,14,2,3,16,28
isis-2071971-uef,39,no,17,39,0,0,14,2,3,16,28
isis-2071971-uef,40,no,17,39,0,0,14,2,3,16,28
isis-2071971-uef,41,no,19,39,0,0,14,2,4,16,28
isis-2071971-uef,42,no,19,42,0,0,15,2,4,16,28
isis-2071971-uef,43,yes,18,43,4,13,16,2,4,16,28
isis-2071971-uef,44,yes,17,46,4,13,17,2,4,16,28
isis-2071971-uef,45,yes,17,52,12,2,17,2,4,16,28
isis-2071971-uef,46,yes,16,55,7,13,18,2,4,16,28
isis-2071971-uef,47,yes,16,56,7,13,18,2,4,16,28
isis-2071971-uef,48,yes,15,55,8,13,19,3,4,16,28
isis-2071971-uef,49,yes,15,54,12,6,19,3,4,16,28
isis-2071971-uef,50,yes,15,54,8,13,19,3,4,16,28
isis-2071971-uef,51,yes,16,57,10,7,19,3,4,16,28
isis-2071971-uef,52,yes,16,59,15,3,19,3,4,16,28
isis-2071971-uef,53,yes,15,58,12,2,20,4,4,16,28
isis-2071971-uef,54,yes,14,55,12,9,21,5,3,16,28
isis-2071971-uef,55,yes,15,61,12,5,21,5,4,16,28
isis-2071971-uef,56,yes,16,61,15,3,21,5,4,16,28
isis-2071971-uef,57,yes,14,56,14,5,24,8,4,16,28
isis-2071971-uef,58,yes,14,51,17,3,24,8,4,16,28
isis-2071971-uef,59,yes,15,54,20,5,24,8,4,16,28
isis-2071971-uef,60,yes,15,56,15,5,24,8,4,16,28
isis-2071971-uef,61,yes,15,54,17,9,24,8,4,16,28
isis-2071971-uef,62,yes,15,53,16,15,25,9,4,16,28
isis-2071971-uef,63,yes,15,54,17,9,25,9,4,16,28
isis-2071971-uef,64,yes,15,54,19,5,25,9,4,16,28
isis-2071971-uef,65,yes,15,55,23,2,25,9,4,16,28
isis-2071971-uef,66,yes,15,42,9,9,26,10,4,16,28
isis-2071971-uef,67,no,14,41,0,0,27,11,4,16,28
isis-2071971-uef,68,no,15,41,0,0,27,11,4,16,28
isis-2071971-uef,69,yes,15,39,9,20,28,12,4,16,28
isis-2071971-uef,70,no,15,39,0,0,29,13,4,16,28
isis-2071971-uef,71,yes,16,38,4,33,29,13,4,16,28
isis-2071971-uef,72,yes,16,39,5,33,29,13,4,16,28
isis-2071971-uef,73,no,15,41,0,0,30,14,4,16,28
isis-2071971-uef,74,no,14,41,0,0,31,15,4,16,28
isis-2071971-uef,75,yes,12,34,6,12,33,17,3,16,28
isis-424242-aeon,1,no,0,0,0,0,0,0,1,9,35
isis-424242-aeon,2,no,3,0,0,0,0,0,1,9,35
isis-424242-aeon,3,no,5,0,0,0,0,0,1,9,35
isis-424242-aeon,4,no,9,0,0,0,0,0,3,25,19
isis-424242-aeon,5,no,11,0,0,0,0,0,3,25,19
isis-424242-aeon,6,yes,16,1,0,425,0,0,3,25,19
isis-424242-aeon,7,yes,19,3,0,387,0,0,3,24,20
isis-424242-aeon,8,no,22,4,0,0,0,0,3,24,20
isis-424242-aeon,9,yes,20,4,0,285,2,0,3,18,26
isis-424242-aeon,10,yes,20,6,0,274,2,0,3,18,26
isis-424242-aeon,11,yes,20,6,0,274,2,0,3,18,26
isis-424242-aeon,12,yes,20,8,0,274,2,0,3,18,26
isis-424242-aeon,13,yes,20,9,0,49,2,0,3,18,26
isis-424242-aeon,14,yes,19,10,0,204,3,0,3,18,26
isis-424242-aeon,15,yes,19,11,0,204,4,0,3,18,26
isis-424242-aeon,16,yes,20,13,0,204,5,0,3,18,26
isis-424242-aeon,17,yes,20,18,0,204,5,0,3,18,26
isis-424242-aeon,18,yes,19,18,4,2,7,0,3,18,26
isis-424242-aeon,19,yes,17,16,4,2,9,1,2,16,28
isis-424242-aeon,20,yes,17,18,6,2,9,1,2,16,28
isis-424242-aeon,21,yes,17,22,11,2,9,1,3,16,28
isis-424242-aeon,22,yes,16,22,10,2,10,1,3,16,28
isis-424242-aeon,23,yes,16,24,13,5,10,1,4,23,21
isis-424242-aeon,24,yes,15,25,0,320,11,1,4,23,21
isis-424242-aeon,25,no,16,26,0,0,11,1,4,23,21
isis-424242-aeon,26,yes,16,27,0,320,11,1,4,23,21
isis-424242-aeon,27,yes,18,30,0,320,11,1,4,23,21
isis-424242-aeon,28,yes,21,36,11,4,11,1,3,16,28
isis-424242-aeon,29,yes,20,37,3,25,12,1,3,16,28
isis-424242-aeon,30,yes,20,38,4,25,12,1,3,16,28
isis-424242-aeon,31,yes,20,39,14,10,12,1,3,16,28
isis-424242-aeon,32,yes,20,39,4,25,12,1,3,16,28
isis-424242-aeon,33,no,21,39,0,0,12,1,3,16,28
isis-424242-aeon,34,no,21,39,0,0,12,1,3,16,28
isis-424242-aeon,35,no,21,39,0,0,12,1,3,16,28
isis-424242-aeon,36,no,21,39,0,0,12,1,4,16,28
isis-424242-aeon,37,yes,21,43,7,25,12,1,4,16,28
isis-424242-aeon,38,yes,19,45,21,16,14,1,4,16,28
isis-424242-aeon,39,yes,18,45,21,17,15,1,4,16,28
isis-424242-aeon,40,no,16,46,0,0,17,1,4,16,28
isis-424242-aeon,41,no,16,46,0,0,17,1,4,16,28
isis-424242-aeon,42,no,17,46,0,0,18,1,4,16,28
isis-424242-aeon,43,no,18,47,0,0,18,1,4,16,28
isis-424242-aeon,44,yes,17,47,9,12,19,1,4,16,28
isis-424242-aeon,45,no,16,47,0,0,21,1,4,16,28
isis-424242-aeon,46,yes,17,47,9,12,21,1,4,16,28
isis-424242-aeon,47,yes,18,47,9,12,21,1,4,16,28
isis-424242-aeon,48,no,18,45,0,0,21,1,4,16,28
isis-424242-aeon,49,yes,20,45,21,20,21,1,4,16,28
isis-424242-aeon,50,no,18,45,0,0,23,1,4,16,28
isis-424242-aeon,51,yes,17,45,19,6,24,2,4,16,28
isis-424242-aeon,52,no,19,44,0,0,24,2,4,16,28
isis-424242-aeon,53,yes,18,44,9,12,25,2,4,16,28
isis-424242-aeon,54,yes,18,45,0,116,25,2,5,18,26
isis-424242-aeon,55,no,18,46,0,0,25,2,4,16,28
isis-424242-aeon,56,yes,18,47,22,8,25,2,4,16,28
isis-424242-sera,1,no,0,0,0,0,0,0,1,9,35
isis-424242-sera,2,no,3,0,0,0,0,0,1,9,35
isis-424242-sera,3,no,5,0,0,0,0,0,1,9,35
isis-424242-sera,4,no,8,0,0,0,0,0,3,25,19
isis-424242-sera,5,no,11,0,0,0,0,0,3,25,19
isis-424242-sera,6,no,15,1,0,0,0,0,3,25,19
isis-424242-sera,7,yes,19,1,0,400,0,0,3,24,20
isis-424242-sera,8,yes,20,2,0,143,0,0,2,16,28
isis-424242-sera,9,no,23,3,0,0,0,0,4,18,26
isis-424242-sera,10,no,22,6,0,0,1,0,3,16,28
isis-424242-sera,11,yes,22,10,0,199,1,0,4,17,27
isis-424242-sera,12,yes,21,10,0,199,2,0,4,17,27
isis-424242-sera,13,yes,19,10,0,199,4,0,4,17,27
isis-424242-sera,14,yes,19,10,0,199,5,0,4,17,27
isis-424242-sera,15,yes,19,10,0,199,5,0,4,17,27
isis-424242-sera,16,yes,20,10,0,199,5,0,4,17,27
isis-424242-sera,17,yes,20,11,0,199,5,0,4,17,27
isis-424242-sera,18,yes,19,11,0,199,6,0,4,17,27
isis-424242-sera,19,yes,17,11,0,199,8,0,4,17,27
isis-424242-sera,20,yes,16,12,0,199,9,0,4,17,27
isis-424242-sera,21,yes,16,12,5,4,10,0,3,16,28
isis-424242-sera,22,yes,16,13,6,2,10,0,3,16,28
isis-424242-sera,23,yes,16,17,2,1,10,0,3,16,28
isis-424242-sera,24,yes,16,19,2,28,10,0,3,16,28
isis-424242-sera,25,yes,16,19,2,19,10,0,3,16,28
isis-424242-sera,26,yes,15,21,2,24,11,1,3,16,28
isis-424242-sera,27,yes,15,22,2,1,11,1,3,16,28
isis-424242-sera,28,yes,16,23,1,1,11,1,3,16,28
isis-424242-sera,29,yes,16,23,13,3,11,1,3,16,28
isis-424242-sera,30,yes,16,22,13,3,11,1,3,16,28
isis-424242-sera,31,yes,16,22,13,3,11,1,3,16,28
isis-424242-sera,32,yes,16,24,13,3,11,1,3,16,28
isis-424242-sera,33,yes,17,25,1,1,12,1,3,16,28
isis-424242-sera,34,yes,16,27,9,11,14,1,3,16,28
isis-424242-sera,35,yes,17,28,13,6,14,1,3,16,28
isis-424242-sera,36,yes,19,28,4,40,14,1,3,16,28
isis-424242-sera,37,yes,17,28,2,1,19,1,3,16,28
isis-424242-sera,38,yes,19,28,15,5,21,1,3,16,28
isis-424242-sera,39,yes,17,30,10,20,23,2,3,16,28
isis-424242-uef,1,no,0,0,0,0,0,0,1,9,35
isis-424242-uef,2,no,3,0,0,0,0,0,1,9,35
isis-424242-uef,3,no,5,0,0,0,0,0,1,9,35
isis-424242-uef,4,no,9,0,0,0,0,0,3,25,19
isis-424242-uef,5,no,12,0,0,0,0,0,3,25,19
isis-424242-uef,6,no,17,1,0,0,0,0,3,25,19
isis-424242-uef,7,no,17,1,0,0,0,0,3,24,20
isis-424242-uef,8,yes,20,3,1,26,0,0,3,16,28
isis-424242-uef,9,yes,21,4,1,36,1,0,4,16,28
isis-424242-uef,10,yes,17,6,0,105,3,0,4,16,28
isis-424242-uef,11,no,16,7,0,0,4,0,4,16,28
isis-424242-uef,12,yes,18,7,0,49,4,0,3,16,28
isis-424242-uef,13,yes,18,11,2,1,4,0,3,16,28
isis-424242-uef,14,yes,15,11,2,26,8,1,3,16,28
isis-424242-uef,15,yes,16,12,2,1,8,1,3,16,28
isis-424242-uef,16,yes,16,13,3,17,8,1,3,16,28
isis-424242-uef,17,yes,16,13,3,17,8,1,3,16,28
isis-424242-uef,18,yes,15,14,4,17,9,2,3,16,28
isis-424242-uef,19,yes,14,13,3,17,10,2,3,16,28
isis-424242-uef,20,yes,14,14,4,22,10,2,3,16,28
isis-424242-uef,21,yes,14,14,2,1,10,2,3,16,28
isis-424242-uef,22,yes,13,14,4,18,11,3,3,16,28
isis-424242-uef,23,yes,13,15,4,15,11,3,3,16,28
isis-424242-uef,24,yes,13,15,4,16,12,3,3,16,28
isis-424242-uef,25,yes,13,16,4,13,12,3,3,16,28
isis-424242-uef,26,yes,14,17,0,27,12,3,3,16,28
isis-424242-uef,27,yes,14,14,6,1,13,4,3,16,28
isis-424242-uef,28,no,15,16,0,0,13,4,4,16,28
isis-424242-uef,29,yes,15,21,0,27,14,5,3,16,28
isis-424242-uef,30,no,15,21,0,0,14,5,3,16,28
isis-424242-uef,31,yes,16,21,7,8,14,5,3,16,28
isis-424242-uef,32,yes,16,21,9,3,14,5,3,16,28
isis-424242-uef,33,yes,15,22,0,27,15,5,3,16,28
isis-424242-uef,34,yes,15,22,0,27,15,5,3,16,28
isis-424242-uef,35,no,15,25,0,0,15,5,3,16,28
isis-424242-uef,36,yes,17,28,12,3,15,5,3,16,28
isis-424242-uef,37,yes,16,30,0,27,18,5,3,16,28
isis-424242-uef,38,yes,17,30,0,27,18,5,3,16,28
isis-424242-uef,39,yes,17,30,0,95,19,5,4,18,26
isis-424242-uef,40,yes,17,34,0,95,19,5,4,18,26
isis-424242-uef,41,yes,16,36,10,7,20,5,3,16,28
isis-424242-uef,42,yes,16,36,10,7,20,5,3,16,28
isis-424242-uef,43,yes,17,38,10,7,21,5,3,16,28
isis-424242-uef,44,yes,16,39,10,7,22,5,3,16,28
isis-424242-uef,45,yes,16,39,15,2,22,5,3,16,28
isis-424242-uef,46,yes,16,42,8,14,22,5,3,16,28
isis-424242-uef,47,yes,18,41,6,9,23,6,4,16,28
isis-424242-uef,48,yes,18,43,6,9,24,6,4,16,28
isis-424242-uef,49,yes,18,43,6,9,25,6,4,16,28
isis-424242-uef,50,yes,17,45,13,5,25,6,5,16,28
isis-424242-uef,51,yes,16,45,13,5,26,6,5,16,28
isis-424242-uef,52,yes,17,45,13,5,26,6,5,16,28
isis-424242-uef,53,yes,18,45,13,6,26,6,5,16,28
isis-424242-uef,54,yes,16,46,14,6,28,6,5,16,28
isis-424242-uef,55,yes,16,44,13,6,28,6,5,16,28
isis-424242-uef,56,yes,16,44,13,6,29,6,5,16,28
isis-424242-uef,57,yes,16,45,13,6,29,6,4,16,28
isis-424242-uef,58,yes,16,47,13,6,29,6,3,16,28
isis-424242-uef,59,yes,16,49,15,6,29,6,3,16,28
isis-424242-uef,60,yes,16,49,15,6,29,6,3,16,28
isis-424242-uef,61,yes,15,50,15,6,30,7,3,16,28
isis-424242-uef,62,yes,15,52,9,9,30,7,3,16,28
isis-424242-uef,63,yes,15,52,14,4,30,7,3,16,28
isis-424242-uef,64,yes,15,52,14,4,30,7,3,16,28
isis-424242-uef,65,yes,15,52,9,9,30,7,3,16,28
isis-424242-uef,66,yes,15,54,11,9,30,7,3,16,28
isis-424242-uef,67,yes,15,53,25,8,30,7,3,16,28
isis-424242-uef,68,yes,14,40,6,9,31,8,3,16,28
isis-424242-uef,69,yes,14,39,8,6,31,8,4,16,28
isis-424242-uef,70,yes,14,40,5,9,31,8,4,16,28
isis-424242-uef,71,yes,14,41,8,6,31,8,4,16,28
isis-424242-uef,72,yes,16,46,10,6,31,8,4,16,28
isis-424242-uef,73,yes,14,45,13,9,33,10,4,16,28
isis-424242-uef,74,yes,16,45,22,2,33,10,3,16,28
isis-424242-uef,75,yes,13,44,2,56,36,12,3,16,28
isis-424242-uef,76,yes,12,43,2,56,38,14,3,16,28
isis-424242-uef,77,yes,12,44,2,56,38,14,3,16,28
isis-424242-uef,78,yes,11,44,2,56,39,15,4,16,28
isis-424242-uef,79,yes,12,40,2,56,41,17,3,16,28
isis-424242-uef,80,yes,12,35,2,56,43,19,3,16,28
isis-424242-uef,81,yes,13,35,13,16,43,19,4,16,28
isis-8675309-aeon,1,no,0,0,0,0,0,0,1,9,35
isis-8675309-aeon,2,no,3,0,0,0,0,0,1,9,35
isis-8675309-aeon,3,no,5,0,0,0,0,0,1,9,35
isis-8675309-aeon,4,no,8,0,0,0,0,0,3,25,19
isis-8675309-aeon,5,no,10,1,0,0,0,0,3,25,19
isis-8675309-aeon,6,no,17,1,0,0,0,0,3,25,19
isis-8675309-aeon,7,yes,19,1,0,152,0,0,2,16,28
isis-8675309-aeon,8,no,20,2,0,0,0,0,4,27,17
isis-8675309-aeon,9,yes,22,5,0,336,0,0,4,27,17
isis-8675309-aeon,10,yes,22,6,0,335,0,0,4,27,17
isis-8675309-aeon,11,no,22,8,0,0,0,0,4,27,17
isis-8675309-aeon,12,yes,22,8,0,261,0,0,5,27,17
isis-8675309-aeon,13,yes,21,11,0,260,1,0,5,27,17
isis-8675309-aeon,14,yes,21,12,0,333,2,0,5,27,17
isis-8675309-aeon,15,yes,19,15,7,5,5,1,5,27,17
isis-8675309-aeon,16,yes,16,16,7,1,8,4,4,27,17
isis-8675309-aeon,17,yes,15,13,0,230,9,5,4,27,17
isis-8675309-aeon,18,yes,14,13,0,330,9,5,4,27,17
isis-8675309-aeon,19,yes,14,14,0,230,9,5,3,18,26
isis-8675309-aeon,20,no,16,15,0,0,9,5,3,18,26
isis-8675309-aeon,21,yes,18,15,4,15,10,5,3,18,26
isis-8675309-aeon,22,yes,20,16,0,230,10,5,3,18,26
isis-8675309-aeon,23,yes,19,18,5,9,10,5,3,18,26
isis-8675309-aeon,24,yes,18,17,5,9,11,5,3,18,26
isis-8675309-aeon,25,yes,17,18,5,9,12,5,4,18,26
isis-8675309-aeon,26,yes,17,20,5,9,13,5,4,18,26
isis-8675309-aeon,27,yes,18,21,0,247,13,5,4,18,26
isis-8675309-aeon,28,yes,18,24,0,247,13,5,4,18,26
isis-8675309-aeon,29,yes,20,32,8,9,13,5,3,18,26
isis-8675309-aeon,30,yes,20,35,0,241,13,5,3,18,26
isis-8675309-aeon,31,yes,20,35,0,241,13,5,3,18,26
isis-8675309-aeon,32,yes,16,31,0,241,17,5,3,18,26
isis-8675309-aeon,33,yes,15,31,0,241,18,6,3,18,26
isis-8675309-aeon,34,yes,14,31,0,241,20,8,3,18,26
isis-8675309-aeon,35,yes,14,31,0,241,20,8,3,18,26
isis-8675309-aeon,36,yes,15,30,0,241,20,8,3,18,26
isis-8675309-aeon,37,yes,14,30,0,241,21,8,3,18,26
isis-8675309-aeon,38,yes,15,31,0,241,21,8,3,18,26
isis-8675309-aeon,39,yes,15,31,0,241,21,8,3,18,26
isis-8675309-aeon,40,no,15,31,0,0,21,8,3,18,26
isis-8675309-aeon,41,yes,16,31,0,241,21,8,3,18,26
isis-8675309-aeon,42,yes,15,32,0,241,22,8,3,18,26
isis-8675309-aeon,43,yes,14,29,9,1,23,9,3,18,26
isis-8675309-sera,1,no,0,0,0,0,0,0,1,9,35
isis-8675309-sera,2,no,3,0,0,0,0,0,1,9,35
isis-8675309-sera,3,no,5,0,0,0,0,0,1,9,35
isis-8675309-sera,4,no,9,0,0,0,0,0,3,25,19
isis-8675309-sera,5,no,10,0,0,0,0,0,3,25,19
isis-8675309-sera,6,no,17,1,0,0,0,0,3,25,19
isis-8675309-sera,7,yes,19,1,0,425,0,0,3,25,19
isis-8675309-sera,8,no,21,2,0,0,0,0,3,25,19
isis-8675309-sera,9,yes,21,3,0,390,1,0,4,31,13
isis-8675309-sera,10,no,21,4,0,0,2,0,3,25,19
isis-8675309-sera,11,yes,20,4,1,38,2,0,3,25,19
isis-8675309-sera,12,yes,20,6,3,19,2,0,3,25,19
isis-8675309-sera,13,no,20,8,0,0,2,0,4,16,28
isis-8675309-sera,14,no,19,10,0,0,3,0,4,16,28
isis-8675309-sera,15,yes,16,10,6,5,6,1,4,16,28
isis-8675309-sera,16,yes,15,10,6,5,8,1,4,16,28
isis-8675309-sera,17,yes,15,11,7,12,8,1,4,16,28
isis-8675309-sera,18,yes,15,12,8,2,8,1,3,16,28
isis-8675309-sera,19,yes,15,13,9,2,8,1,3,16,28
isis-8675309-sera,20,yes,15,14,10,3,8,1,3,16,28
isis-8675309-sera,21,yes,14,14,10,3,9,2,3,16,28
isis-8675309-sera,22,yes,14,15,11,4,9,2,3,16,28
isis-8675309-sera,23,yes,15,16,11,7,9,2,3,16,28
isis-8675309-sera,24,yes,16,17,11,4,9,2,3,16,28
isis-8675309-sera,25,yes,16,17,11,4,9,2,3,16,28
isis-8675309-sera,26,yes,16,19,0,61,9,2,3,16,28
isis-8675309-sera,27,yes,15,21,12,5,10,2,3,16,28
isis-8675309-sera,28,yes,15,21,12,6,10,2,3,16,28
isis-8675309-sera,29,yes,14,21,10,13,11,3,3,16,28
isis-8675309-sera,30,yes,14,22,10,13,11,3,3,16,28
isis-8675309-sera,31,yes,14,22,10,13,11,3,3,16,28
isis-8675309-sera,32,yes,14,21,10,13,11,3,3,16,28
isis-8675309-sera,33,yes,14,20,10,13,11,3,3,16,28
isis-8675309-sera,34,yes,14,20,10,13,11,3,3,16,28
isis-8675309-sera,35,yes,14,21,12,3,12,4,3,16,28
isis-8675309-sera,36,yes,14,23,12,2,13,5,3,16,28
isis-8675309-sera,37,yes,14,23,11,16,13,5,3,16,28
isis-8675309-sera,38,yes,16,24,13,5,13,5,3,16,28
isis-8675309-sera,39,yes,16,31,16,2,13,5,3,16,28
isis-8675309-sera,40,yes,15,33,18,2,14,6,3,16,28
isis-8675309-sera,41,yes,16,34,21,6,14,6,3,16,28
isis-8675309-sera,42,yes,16,34,18,5,14,6,3,16,28
isis-8675309-sera,43,yes,17,34,18,5,14,6,3,16,28
isis-8675309-sera,44,yes,17,35,19,5,14,6,3,16,28
isis-8675309-sera,45,yes,17,35,19,5,15,6,2,16,28
isis-8675309-sera,46,yes,17,35,19,5,16,6,2,16,28
isis-8675309-sera,47,yes,19,35,19,5,16,6,2,16,28
isis-8675309-sera,48,yes,18,35,5,1,17,6,2,16,28
isis-8675309-sera,49,yes,16,35,5,1,19,6,2,16,28
isis-8675309-sera,50,yes,15,35,5,1,22,7,2,16,28
isis-8675309-uef,1,no,0,0,0,0,0,0,1,9,35
isis-8675309-uef,2,no,3,0,0,0,0,0,1,9,35
isis-8675309-uef,3,no,5,0,0,0,0,0,1,9,35
isis-8675309-uef,4,no,9,0,0,0,0,0,3,25,19
isis-8675309-uef,5,no,11,1,0,0,0,0,3,25,19
isis-8675309-uef,6,yes,16,1,0,425,0,0,3,25,19
isis-8675309-uef,7,yes,18,2,0,400,0,0,3,24,20
isis-8675309-uef,8,yes,19,2,0,132,0,0,3,16,28
isis-8675309-uef,9,yes,21,4,1,27,0,0,3,16,28
isis-8675309-uef,10,no,21,5,0,0,1,0,4,16,28
isis-8675309-uef,11,no,21,6,0,0,2,0,4,16,28
isis-8675309-uef,12,no,20,8,0,0,3,0,5,22,22
isis-8675309-uef,13,yes,20,10,3,16,4,0,5,22,22
isis-8675309-uef,14,yes,18,13,5,24,6,0,5,22,22
isis-8675309-uef,15,yes,16,13,3,28,8,2,5,22,22
isis-8675309-uef,16,yes,17,14,5,23,8,2,5,22,22
isis-8675309-uef,17,yes,15,13,5,12,10,2,5,22,22
isis-8675309-uef,18,yes,15,13,3,36,10,2,5,22,22
isis-8675309-uef,19,yes,16,14,6,4,10,2,4,16,28
isis-8675309-uef,20,no,16,14,0,0,10,2,4,16,28
isis-8675309-uef,21,no,16,14,0,0,10,2,4,16,28
isis-8675309-uef,22,no,16,14,0,0,10,2,4,16,28
isis-8675309-uef,23,yes,16,14,4,34,10,2,4,16,28
isis-8675309-uef,24,no,16,16,0,0,10,2,4,16,28
isis-8675309-uef,25,yes,16,17,2,1,10,2,4,16,28
isis-8675309-uef,26,yes,15,15,2,1,11,3,4,16,28
isis-8675309-uef,27,yes,15,17,2,1,11,3,4,16,28
isis-8675309-uef,28,yes,15,18,2,1,11,3,5,16,28
isis-8675309-uef,29,yes,14,18,0,46,12,4,5,16,28
isis-8675309-uef,30,yes,14,20,1,46,13,5,4,16,28
isis-8675309-uef,31,yes,14,20,6,5,13,5,5,16,28
isis-8675309-uef,32,yes,14,24,9,11,13,5,5,16,28
isis-8675309-uef,33,yes,15,27,2,29,13,5,5,16,28
isis-8675309-uef,34,yes,15,28,0,55,13,5,5,16,28
isis-8675309-uef,35,yes,15,31,3,41,13,5,5,16,28
isis-8675309-uef,36,yes,16,32,2,38,13,5,5,16,28
isis-8675309-uef,37,yes,16,34,4,40,13,5,5,16,28
isis-8675309-uef,38,yes,16,36,5,37,13,5,5,16,28
isis-8675309-uef,39,yes,13,35,4,40,16,8,5,16,28
syrtis-2071971-aeon,1,no,0,0,0,0,0,0,1,8,40
syrtis-2071971-aeon,2,no,1,0,0,0,0,0,1,8,40
syrtis-2071971-aeon,3,no,4,0,0,0,0,0,1,8,40
syrtis-2071971-aeon,4,no,7,0,0,0,0,0,3,13,35
syrtis-2071971-aeon,5,yes,9,1,0,155,0,0,3,13,35
syrtis-2071971-aeon,6,yes,10,1,0,155,0,0,3,13,35
syrtis-2071971-aeon,7,yes,16,3,1,1,0,0,3,13,35
syrtis-2071971-aeon,8,yes,20,3,1,1,1,1,4,18,30
syrtis-2071971-aeon,9,yes,20,4,1,1,1,1,4,18,30
syrtis-2071971-aeon,10,yes,21,4,0,116,1,1,3,15,33
syrtis-2071971-aeon,11,yes,19,3,0,116,3,1,3,15,33
syrtis-2071971-aeon,12,no,20,3,0,0,5,1,3,13,35
syrtis-2071971-aeon,13,yes,24,4,1,13,5,1,3,13,35
syrtis-2071971-aeon,14,no,22,6,0,0,7,1,3,13,35
syrtis-2071971-aeon,15,no,18,6,0,0,11,2,3,13,35
syrtis-2071971-aeon,16,no,17,4,0,0,11,2,3,13,35
syrtis-2071971-aeon,17,yes,21,4,0,163,11,2,3,13,35
syrtis-2071971-aeon,18,no,18,6,0,0,15,2,3,13,35
syrtis-2071971-aeon,19,yes,18,8,1,6,15,2,3,13,35
syrtis-2071971-aeon,20,yes,17,8,4,1,16,2,3,13,35
syrtis-2071971-aeon,21,yes,18,13,8,1,16,2,3,13,35
syrtis-2071971-aeon,22,yes,20,15,8,1,16,2,3,13,35
syrtis-2071971-aeon,23,yes,20,15,1,8,16,2,3,13,35
syrtis-2071971-aeon,24,yes,21,17,9,1,16,2,3,13,35
syrtis-2071971-aeon,25,yes,27,19,10,1,16,2,3,13,35
syrtis-2071971-aeon,26,yes,25,20,1,8,16,2,3,13,35
syrtis-2071971-aeon,27,yes,25,20,1,8,17,2,3,13,35
syrtis-2071971-aeon,28,yes,23,20,1,8,19,2,3,13,35
syrtis-2071971-aeon,29,yes,25,19,0,163,21,2,3,13,35
syrtis-2071971-aeon,30,yes,24,19,10,1,23,2,3,13,35
syrtis-2071971-aeon,31,yes,21,20,5,4,26,2,2,10,38
syrtis-2071971-aeon,32,yes,20,23,11,1,27,2,2,10,38
syrtis-2071971-aeon,33,yes,20,22,11,1,27,2,2,10,38
syrtis-2071971-aeon,34,yes,17,22,11,1,30,3,2,10,38
syrtis-2071971-aeon,35,yes,15,28,12,1,32,3,2,10,38
syrtis-2071971-aeon,36,yes,13,30,14,1,35,3,2,10,38
syrtis-2071971-aeon,37,yes,10,29,15,1,38,4,2,10,38
syrtis-2071971-aeon,38,yes,11,31,15,1,39,4,2,10,38
syrtis-2071971-aeon,39,yes,11,31,16,1,40,5,2,10,38
syrtis-2071971-aeon,40,yes,8,36,17,1,44,6,2,10,38
syrtis-2071971-aeon,41,yes,9,36,17,1,44,6,2,10,38
syrtis-2071971-aeon,42,yes,8,37,17,1,45,6,2,10,38
syrtis-2071971-aeon,43,yes,11,39,17,1,46,6,2,10,38
syrtis-2071971-aeon,44,yes,11,40,17,1,48,7,2,10,38
syrtis-2071971-aeon,45,yes,13,38,17,1,48,7,2,10,38
syrtis-2071971-aeon,46,yes,14,38,17,1,48,7,2,10,38
syrtis-2071971-aeon,47,yes,19,36,15,1,49,8,2,10,38
syrtis-2071971-aeon,48,yes,15,36,15,1,53,8,2,10,38
syrtis-2071971-aeon,49,yes,15,36,15,1,53,8,2,10,38
syrtis-2071971-aeon,50,yes,13,29,11,1,55,9,2,10,38
syrtis-2071971-aeon,51,yes,7,14,4,25,62,12,2,10,38
syrtis-2071971-aeon,52,no,6,13,0,0,64,12,3,13,35
syrtis-2071971-aeon,53,no,7,10,0,0,64,12,3,13,35
syrtis-2071971-aeon,54,yes,5,9,0,88,66,14,2,10,38
syrtis-2071971-sera,1,no,0,0,0,0,0,0,1,8,40
syrtis-2071971-sera,2,no,1,0,0,0,0,0,1,8,40
syrtis-2071971-sera,3,no,4,0,0,0,0,0,1,8,40
syrtis-2071971-sera,4,no,6,0,0,0,0,0,3,13,35
syrtis-2071971-sera,5,no,8,1,0,0,0,0,3,13,35
syrtis-2071971-sera,6,no,10,1,0,0,0,0,3,13,35
syrtis-2071971-sera,7,yes,16,3,1,1,0,0,3,13,35
syrtis-2071971-sera,8,no,20,4,0,0,0,0,3,13,35
syrtis-2071971-sera,9,no,20,5,0,0,0,0,3,13,35
syrtis-2071971-sera,10,yes,19,5,0,130,2,0,3,13,35
syrtis-2071971-sera,11,no,18,5,0,0,3,0,3,13,35
syrtis-2071971-sera,12,no,22,9,0,0,3,0,4,18,30
syrtis-2071971-sera,13,no,23,9,0,0,3,0,3,15,33
syrtis-2071971-sera,14,no,22,9,0,0,3,0,3,15,33
syrtis-2071971-sera,15,no,23,9,0,0,3,0,3,15,33
syrtis-2071971-sera,16,no,24,10,0,0,3,0,3,15,33
syrtis-2071971-sera,17,yes,19,11,4,1,7,0,3,15,33
syrtis-2071971-sera,18,yes,18,12,4,1,8,0,3,15,33
syrtis-2071971-sera,19,yes,18,12,0,261,8,0,3,15,33
syrtis-2071971-sera,20,yes,17,12,4,1,10,0,3,15,33
syrtis-2071971-sera,21,yes,18,13,0,261,10,0,3,15,33
syrtis-2071971-sera,22,yes,19,13,0,261,10,0,3,15,33
syrtis-2071971-sera,23,yes,24,15,5,1,10,0,3,15,33
syrtis-2071971-sera,24,yes,23,16,0,261,12,0,3,15,33
syrtis-2071971-sera,25,yes,24,16,0,261,12,0,3,15,33
syrtis-2071971-sera,26,yes,25,16,0,261,12,0,3,15,33
syrtis-2071971-sera,27,yes,25,21,0,260,13,0,3,15,33
syrtis-2071971-sera,28,yes,24,21,0,260,14,0,3,15,33
syrtis-2071971-sera,29,yes,25,23,0,260,14,0,3,15,33
syrtis-2071971-sera,30,yes,26,24,7,1,15,0,3,15,33
syrtis-2071971-sera,31,no,27,24,0,0,15,0,3,15,33
syrtis-2071971-sera,32,yes,29,25,0,260,15,0,3,15,33
syrtis-2071971-sera,33,yes,29,24,0,260,15,0,3,15,33
syrtis-2071971-sera,34,yes,29,26,0,260,15,0,3,15,33
syrtis-2071971-sera,35,yes,29,27,0,260,16,0,3,15,33
syrtis-2071971-sera,36,yes,28,28,0,260,18,0,3,15,33
syrtis-2071971-sera,37,yes,27,28,0,260,19,0,3,15,33
syrtis-2071971-sera,38,yes,27,28,0,260,20,0,3,15,33
syrtis-2071971-sera,39,yes,28,28,0,260,22,0,3,15,33
syrtis-2071971-sera,40,yes,28,29,0,260,23,0,3,15,33
syrtis-2071971-sera,41,yes,31,31,0,260,24,0,3,15,33
syrtis-2071971-sera,42,yes,30,33,0,260,26,0,3,15,33
syrtis-2071971-sera,43,yes,29,33,0,260,28,0,3,15,33
syrtis-2071971-sera,44,yes,27,32,0,260,30,0,3,15,33
syrtis-2071971-sera,45,yes,27,32,0,260,31,0,3,15,33
syrtis-2071971-sera,46,yes,28,32,0,260,31,0,3,15,33
syrtis-2071971-uef,1,no,0,0,0,0,0,0,1,8,40
syrtis-2071971-uef,2,no,1,0,0,0,0,0,1,8,40
syrtis-2071971-uef,3,no,4,0,0,0,0,0,1,8,40
syrtis-2071971-uef,4,no,7,0,0,0,0,0,3,13,35
syrtis-2071971-uef,5,no,8,2,0,0,0,0,3,13,35
syrtis-2071971-uef,6,yes,10,2,0,131,0,0,3,13,35
syrtis-2071971-uef,7,yes,13,3,1,1,0,0,3,13,35
syrtis-2071971-uef,8,no,16,4,0,0,0,0,3,15,33
syrtis-2071971-uef,9,yes,19,4,0,262,0,0,3,15,33
syrtis-2071971-uef,10,no,19,5,0,0,0,0,3,15,33
syrtis-2071971-uef,11,yes,20,9,7,1,0,0,3,15,33
syrtis-2071971-uef,12,yes,22,9,0,257,0,0,3,15,33
syrtis-2071971-uef,13,yes,23,9,0,257,0,0,3,15,33
syrtis-2071971-uef,14,yes,22,9,7,1,2,1,3,15,33
syrtis-2071971-uef,15,yes,19,9,7,1,5,1,3,15,33
syrtis-2071971-uef,16,no,17,9,0,0,7,1,3,15,33
syrtis-2071971-uef,17,yes,16,9,7,1,8,1,2,10,38
syrtis-2071971-uef,18,yes,16,9,1,13,9,2,2,10,38
syrtis-2071971-uef,19,yes,15,8,1,14,10,2,2,10,38
syrtis-2071971-uef,20,yes,14,8,0,131,11,2,3,13,35
syrtis-2071971-uef,21,no,14,11,0,0,12,2,3,13,35
syrtis-2071971-uef,22,yes,14,12,0,119,12,2,3,13,35
syrtis-2071971-uef,23,yes,12,13,0,119,14,2,3,13,35
syrtis-2071971-uef,24,yes,11,15,0,119,15,2,4,16,32
syrtis-2071971-uef,25,yes,11,18,8,1,15,2,4,16,32
syrtis-2071971-uef,26,yes,11,21,8,1,17,3,4,16,32
syrtis-2071971-uef,27,yes,13,22,7,8,18,3,4,16,32
syrtis-2071971-uef,28,yes,12,22,8,1,20,3,3,13,35
syrtis-2071971-uef,29,yes,11,22,0,119,21,3,3,13,35
syrtis-2071971-uef,30,yes,11,23,8,1,22,3,3,13,35
syrtis-2071971-uef,31,yes,13,22,0,114,22,3,3,13,35
syrtis-2071971-uef,32,yes,13,21,0,114,23,3,2,10,38
syrtis-2071971-uef,33,yes,13,25,12,1,24,3,2,10,38
syrtis-2071971-uef,34,yes,10,24,11,1,28,4,2,10,38
syrtis-2071971-uef,35,yes,10,25,11,1,28,4,2,10,38
syrtis-2071971-uef,36,yes,11,23,10,1,28,4,2,10,38
syrtis-2071971-uef,37,yes,8,13,0,57,32,6,2,10,38
syrtis-2071971-uef,38,yes,7,10,0,82,33,6,3,11,37
syrtis-2071971-uef,39,yes,7,12,2,22,33,6,2,10,38
syrtis-2071971-uef,40,yes,7,11,2,22,33,6,2,10,38
syrtis-2071971-uef,41,no,7,13,0,0,33,6,2,10,38
syrtis-2071971-uef,42,yes,9,14,2,22,33,6,2,10,38
syrtis-2071971-uef,43,yes,9,14,2,23,34,7,2,10,38
syrtis-2071971-uef,44,yes,8,15,2,23,35,8,2,10,38
syrtis-2071971-uef,45,yes,8,16,6,4,35,8,2,10,38
syrtis-2071971-uef,46,yes,9,19,4,10,36,9,2,10,38
syrtis-2071971-uef,47,yes,12,20,4,10,36,9,2,10,38
syrtis-2071971-uef,48,no,12,20,0,0,36,9,2,10,38
syrtis-2071971-uef,49,yes,13,21,5,10,36,9,2,10,38
syrtis-2071971-uef,50,yes,12,20,4,10,37,10,2,10,38
syrtis-2071971-uef,51,yes,12,19,4,10,37,10,2,10,38
syrtis-2071971-uef,52,yes,12,20,4,10,38,11,2,10,38
syrtis-2071971-uef,53,yes,8,20,4,10,42,11,2,10,38
syrtis-2071971-uef,54,yes,6,20,3,22,44,12,2,10,38
syrtis-2071971-uef,55,yes,6,19,0,252,44,12,3,15,33
syrtis-2071971-uef,56,yes,6,20,0,69,44,12,3,13,35
syrtis-2071971-uef,57,yes,6,19,0,69,44,12,3,13,35
syrtis-2071971-uef,58,yes,6,22,0,82,44,12,2,10,38
syrtis-2071971-uef,59,yes,6,24,0,82,44,12,2,10,38
syrtis-2071971-uef,60,yes,6,24,0,82,45,13,3,13,35
syrtis-2071971-uef,61,yes,6,25,0,82,45,13,3,13,35
syrtis-2071971-uef,62,yes,6,28,0,82,45,13,2,10,38
syrtis-2071971-uef,63,yes,6,29,0,62,46,13,2,10,38
syrtis-2071971-uef,64,yes,7,30,0,62,46,13,2,10,38
syrtis-2071971-uef,65,yes,6,31,0,62,47,13,2,10,38
syrtis-2071971-uef,66,yes,6,31,0,62,47,13,2,10,38
syrtis-2071971-uef,67,yes,6,32,0,82,47,13,2,10,38
syrtis-2071971-uef,68,yes,5,30,0,83,48,14,2,10,38
syrtis-2071971-uef,69,yes,5,29,0,83,48,14,2,10,38
syrtis-2071971-uef,70,yes,5,28,17,9,49,15,1,8,40
syrtis-2071971-uef,71,yes,5,26,12,16,49,15,1,8,40
syrtis-424242-aeon,1,no,0,0,0,0,0,0,1,8,40
syrtis-424242-aeon,2,no,1,0,0,0,0,0,1,8,40
syrtis-424242-aeon,3,no,4,0,0,0,0,0,1,8,40
syrtis-424242-aeon,4,no,7,0,0,0,0,0,3,13,35
syrtis-424242-aeon,5,yes,10,1,0,155,0,0,3,13,35
syrtis-424242-aeon,6,no,12,1,0,0,0,0,3,13,35
syrtis-424242-aeon,7,yes,17,3,1,1,0,0,3,13,35
syrtis-424242-aeon,8,yes,20,4,2,1,0,0,3,13,35
syrtis-424242-aeon,9,yes,23,5,2,1,0,0,3,13,35
syrtis-424242-aeon,10,yes,23,7,2,1,1,1,4,16,32
syrtis-424242-aeon,11,no,24,7,0,0,2,2,4,16,32
syrtis-424242-aeon,12,no,24,7,0,0,4,2,3,13,35
syrtis-424242-aeon,13,no,25,11,0,0,4,2,3,13,35
syrtis-424242-aeon,14,no,24,13,0,0,4,2,3,13,35
syrtis-424242-aeon,15,no,23,14,0,0,4,2,3,13,35
syrtis-424242-aeon,16,yes,21,14,3,1,6,2,3,13,35
syrtis-424242-aeon,17,yes,23,14,3,1,6,2,3,13,35
syrtis-424242-aeon,18,yes,24,19,6,1,6,2,3,13,35
syrtis-424242-aeon,19,yes,24,21,9,2,6,2,3,13,35
syrtis-424242-aeon,20,yes,25,23,9,2,7,2,3,13,35
syrtis-424242-aeon,21,yes,26,29,6,21,7,2,3,13,35
syrtis-424242-aeon,22,yes,26,32,7,19,7,2,3,13,35
syrtis-424242-aeon,23,yes,24,27,8,1,9,4,3,13,35
syrtis-424242-aeon,24,yes,24,28,8,1,9,4,3,13,35
syrtis-424242-aeon,25,yes,24,30,10,1,9,4,3,13,35
syrtis-424242-aeon,26,no,25,35,0,0,9,4,3,13,35
syrtis-424242-aeon,27,no,27,37,0,0,9,4,3,13,35
syrtis-424242-aeon,28,no,26,38,0,0,11,6,3,13,35
syrtis-424242-aeon,29,yes,24,38,4,19,13,6,3,13,35
syrtis-424242-aeon,30,yes,24,43,13,1,13,6,3,13,35
syrtis-424242-aeon,31,yes,24,42,0,117,13,6,3,13,35
syrtis-424242-aeon,32,yes,24,42,13,2,13,6,3,13,35
syrtis-424242-aeon,33,yes,24,42,0,117,13,6,3,13,35
syrtis-424242-aeon,34,yes,24,40,13,1,13,6,2,10,38
syrtis-424242-aeon,35,yes,23,39,0,117,14,6,3,13,35
syrtis-424242-aeon,36,yes,21,39,0,117,16,6,3,13,35
syrtis-424242-aeon,37,yes,21,39,0,117,16,6,3,13,35
syrtis-424242-aeon,38,yes,21,39,0,117,16,6,3,13,35
syrtis-424242-aeon,39,yes,21,39,0,117,16,6,3,13,35
syrtis-424242-aeon,40,yes,21,40,0,54,18,6,3,13,35
syrtis-424242-aeon,41,yes,22,41,0,54,18,6,3,13,35
syrtis-424242-aeon,42,yes,20,42,0,54,20,6,3,13,35
syrtis-424242-aeon,43,yes,21,42,0,54,21,6,3,13,35
syrtis-424242-aeon,44,yes,20,43,0,54,22,6,3,13,35
syrtis-424242-aeon,45,yes,18,42,0,54,24,6,3,13,35
syrtis-424242-aeon,46,yes,18,43,0,54,24,6,3,13,35
syrtis-424242-aeon,47,yes,18,45,16,1,27,7,3,13,35
syrtis-424242-sera,1,no,0,0,0,0,0,0,1,8,40
syrtis-424242-sera,2,no,1,0,0,0,0,0,1,8,40
syrtis-424242-sera,3,no,4,0,0,0,0,0,1,8,40
syrtis-424242-sera,4,no,6,0,0,0,0,0,3,13,35
syrtis-424242-sera,5,no,9,1,0,0,0,0,3,13,35
syrtis-424242-sera,6,no,11,1,0,0,0,0,3,13,35
syrtis-424242-sera,7,no,18,2,0,0,0,0,2,10,38
syrtis-424242-sera,8,no,19,3,0,0,0,0,3,13,35
syrtis-424242-sera,9,no,19,2,0,0,0,0,2,10,38
syrtis-424242-sera,10,yes,21,3,0,123,0,0,3,16,32
syrtis-424242-sera,11,no,22,3,0,0,0,0,3,16,32
syrtis-424242-sera,12,yes,22,3,0,110,2,0,3,16,32
syrtis-424242-sera,13,yes,20,3,0,72,3,1,3,15,33
syrtis-424242-sera,14,no,23,4,0,0,3,1,3,16,32
syrtis-424242-sera,15,no,19,4,0,0,6,2,3,16,32
syrtis-424242-sera,16,yes,19,4,0,102,7,2,3,16,32
syrtis-424242-sera,17,yes,19,7,3,10,8,3,3,16,32
syrtis-424242-sera,18,yes,19,8,3,12,8,3,3,16,32
syrtis-424242-sera,19,yes,17,9,4,12,10,3,3,16,32
syrtis-424242-sera,20,yes,15,9,4,12,12,3,3,16,32
syrtis-424242-sera,21,no,11,9,0,0,16,4,3,16,32
syrtis-424242-sera,22,yes,11,9,4,1,16,4,3,16,32
syrtis-424242-sera,23,no,10,8,0,0,17,5,3,16,32
syrtis-424242-sera,24,yes,9,5,3,23,18,6,3,16,32
syrtis-424242-sera,25,yes,9,3,2,18,18,6,3,16,32
syrtis-424242-sera,26,no,12,6,0,0,18,6,3,16,32
syrtis-424242-sera,27,yes,9,6,0,71,20,6,3,16,32
syrtis-424242-sera,28,yes,9,6,0,71,20,6,2,10,38
syrtis-424242-sera,29,yes,9,8,6,18,20,6,2,10,38
syrtis-424242-sera,30,yes,8,10,7,14,20,6,2,10,38
syrtis-424242-sera,31,yes,8,9,6,10,20,6,2,10,38
syrtis-424242-sera,32,yes,8,8,0,85,20,6,3,13,35
syrtis-424242-sera,33,yes,6,8,0,123,22,8,2,11,37
syrtis-424242-sera,34,yes,5,9,5,21,23,9,2,11,37
syrtis-424242-uef,1,no,0,0,0,0,0,0,1,8,40
syrtis-424242-uef,2,no,1,0,0,0,0,0,1,8,40
syrtis-424242-uef,3,no,4,0,0,0,0,0,1,8,40
syrtis-424242-uef,4,no,7,0,0,0,0,0,3,13,35
syrtis-424242-uef,5,no,9,1,0,0,0,0,3,13,35
syrtis-424242-uef,6,no,11,1,0,0,0,0,3,13,35
syrtis-424242-uef,7,no,16,3,0,0,0,0,3,13,35
syrtis-424242-uef,8,yes,21,4,1,11,0,0,3,15,33
syrtis-424242-uef,9,yes,22,5,1,11,0,0,3,15,33
syrtis-424242-uef,10,no,22,5,0,0,0,0,4,16,32
syrtis-424242-uef,11,no,20,7,0,0,2,0,4,16,32
syrtis-424242-uef,12,yes,21,7,1,1,2,0,4,16,32
syrtis-424242-uef,13,no,25,10,0,0,2,0,4,16,32
syrtis-424242-uef,14,yes,26,11,1,1,2,0,4,16,32
syrtis-424242-uef,15,yes,26,11,1,1,2,0,4,16,32
syrtis-424242-uef,16,yes,22,12,3,20,4,1,4,15,33
syrtis-424242-uef,17,yes,21,17,5,20,4,1,4,15,33
syrtis-424242-uef,18,no,23,17,0,0,5,2,4,15,33
syrtis-424242-uef,19,no,23,19,0,0,5,2,4,15,33
syrtis-424242-uef,20,yes,22,20,4,1,7,2,4,15,33
syrtis-424242-uef,21,yes,23,22,8,5,7,2,4,15,33
syrtis-424242-uef,22,no,21,22,0,0,10,3,4,15,33
syrtis-424242-uef,23,yes,20,22,5,20,11,3,4,15,33
syrtis-424242-uef,24,yes,21,24,6,20,11,3,4,15,33
syrtis-424242-uef,25,no,23,25,0,0,12,4,4,15,33
syrtis-424242-uef,26,yes,22,27,5,1,13,4,4,15,33
syrtis-424242-uef,27,yes,22,26,3,23,15,6,4,15,33
syrtis-424242-uef,28,yes,20,28,3,23,17,7,4,15,33
syrtis-424242-uef,29,yes,20,29,7,1,17,7,3,13,35
syrtis-424242-uef,30,yes,16,31,1,25,21,7,4,17,31
syrtis-424242-uef,31,yes,18,31,7,1,21,7,4,17,31
syrtis-424242-uef,32,yes,15,30,7,1,24,7,4,17,31
syrtis-424242-uef,33,yes,15,29,7,1,25,7,4,17,31
syrtis-424242-uef,34,yes,16,29,7,1,25,7,4,17,31
syrtis-424242-uef,35,no,17,28,0,0,25,7,4,17,31
syrtis-424242-uef,36,no,16,29,0,0,26,7,4,17,31
syrtis-424242-uef,37,yes,15,30,7,1,27,7,4,17,31
syrtis-424242-uef,38,yes,15,30,0,112,27,7,3,14,34
syrtis-424242-uef,39,yes,17,31,0,112,27,7,3,14,34
syrtis-424242-uef,40,yes,16,31,0,112,29,9,3,14,34
syrtis-424242-uef,41,yes,16,34,0,112,29,9,3,14,34
syrtis-424242-uef,42,yes,12,36,0,106,33,9,3,14,34
syrtis-424242-uef,43,yes,12,37,16,2,33,9,3,14,34
syrtis-424242-uef,44,yes,12,40,11,1,33,9,3,14,34
syrtis-424242-uef,45,yes,14,41,12,1,34,9,3,14,34
syrtis-424242-uef,46,yes,15,43,13,1,35,9,3,14,34
syrtis-424242-uef,47,yes,16,46,15,1,37,9,4,15,33
syrtis-424242-uef,48,yes,18,48,17,1,37,9,4,15,33
syrtis-424242-uef,49,yes,18,50,18,1,38,9,4,15,33
syrtis-424242-uef,50,yes,18,52,19,1,38,9,4,15,33
syrtis-424242-uef,51,yes,18,52,19,1,38,9,4,15,33
syrtis-424242-uef,52,yes,18,53,19,1,38,9,4,15,33
syrtis-424242-uef,53,yes,19,54,19,1,39,9,4,15,33
syrtis-424242-uef,54,yes,19,55,20,1,39,9,4,15,33
syrtis-424242-uef,55,yes,19,55,20,1,39,9,4,15,33
syrtis-424242-uef,56,yes,18,55,0,106,40,10,4,15,33
syrtis-424242-uef,57,yes,20,52,0,106,41,11,4,15,33
syrtis-424242-uef,58,yes,20,52,19,1,41,11,4,15,33
syrtis-424242-uef,59,no,18,51,0,0,43,13,4,15,33
syrtis-424242-uef,60,yes,17,51,19,2,46,15,4,15,33
syrtis-424242-uef,61,yes,17,52,19,2,47,16,4,15,33
syrtis-424242-uef,62,yes,17,52,19,2,47,16,4,15,33
syrtis-424242-uef,63,no,16,51,0,0,49,16,4,15,33
syrtis-424242-uef,64,yes,15,52,0,106,50,17,4,15,33
syrtis-424242-uef,65,yes,14,52,23,4,51,17,4,15,33
syrtis-424242-uef,66,yes,12,52,18,5,53,17,4,15,33
syrtis-424242-uef,67,yes,11,53,0,106,54,17,4,15,33
syrtis-424242-uef,68,yes,9,53,0,106,56,17,4,15,33
syrtis-424242-uef,69,yes,9,53,21,1,56,17,4,15,33
syrtis-424242-uef,70,yes,9,53,18,5,56,17,4,15,33
syrtis-8675309-aeon,1,no,0,0,0,0,0,0,1,8,40
syrtis-8675309-aeon,2,no,1,0,0,0,0,0,1,8,40
syrtis-8675309-aeon,3,no,4,0,0,0,0,0,1,8,40
syrtis-8675309-aeon,4,no,7,0,0,0,0,0,3,13,35
syrtis-8675309-aeon,5,yes,9,1,0,155,0,0,3,13,35
syrtis-8675309-aeon,6,no,10,1,0,0,0,0,3,13,35
syrtis-8675309-aeon,7,no,15,2,0,0,0,0,4,18,30
syrtis-8675309-aeon,8,no,19,3,0,0,0,0,3,15,33
syrtis-8675309-aeon,9,yes,18,3,0,262,3,0,3,15,33
syrtis-8675309-aeon,10,no,19,4,0,0,3,0,3,15,33
syrtis-8675309-aeon,11,yes,19,4,0,262,3,0,3,15,33
syrtis-8675309-aeon,12,yes,20,8,0,262,3,0,3,15,33
syrtis-8675309-aeon,13,yes,22,10,4,1,3,0,3,15,33
syrtis-8675309-aeon,14,yes,24,12,0,117,3,0,3,13,35
syrtis-8675309-aeon,15,yes,24,13,0,188,3,0,3,13,35
syrtis-8675309-aeon,16,no,25,13,0,0,3,0,3,13,35
syrtis-8675309-aeon,17,no,24,13,0,0,3,0,3,13,35
syrtis-8675309-aeon,18,yes,22,13,0,188,6,0,3,13,35
syrtis-8675309-aeon,19,yes,23,14,0,182,7,0,3,13,35
syrtis-8675309-aeon,20,yes,25,14,0,182,7,0,3,13,35
syrtis-8675309-aeon,21,yes,24,14,5,1,7,0,3,13,35
syrtis-8675309-aeon,22,no,20,15,0,0,9,0,3,13,35
syrtis-8675309-aeon,23,yes,17,18,0,182,12,0,3,13,35
syrtis-8675309-aeon,24,yes,15,18,0,182,14,1,3,13,35
syrtis-8675309-aeon,25,yes,15,18,5,1,14,1,2,10,38
syrtis-8675309-aeon,26,yes,14,18,5,1,14,1,2,10,38
syrtis-8675309-aeon,27,yes,12,19,5,1,16,1,3,13,35
syrtis-8675309-aeon,28,yes,12,20,12,2,16,1,3,13,35
syrtis-8675309-aeon,29,yes,12,24,13,2,16,1,3,13,35
syrtis-8675309-aeon,30,yes,12,30,0,94,16,1,3,13,35
syrtis-8675309-aeon,31,yes,13,35,5,1,16,1,3,13,35
syrtis-8675309-aeon,32,yes,12,34,3,8,17,2,3,13,35
syrtis-8675309-aeon,33,yes,12,32,0,117,17,2,3,13,35
syrtis-8675309-aeon,34,yes,12,37,0,110,17,2,3,13,35
syrtis-8675309-aeon,35,yes,10,36,0,110,19,2,3,13,35
syrtis-8675309-aeon,36,no,10,38,0,0,19,2,4,16,32
syrtis-8675309-aeon,37,yes,10,36,4,8,19,2,4,16,32
syrtis-8675309-aeon,38,yes,10,41,0,110,19,2,4,16,32
syrtis-8675309-aeon,39,yes,10,43,18,3,19,2,2,10,38
syrtis-8675309-aeon,40,yes,10,44,8,8,20,2,2,10,38
syrtis-8675309-aeon,41,yes,10,48,18,3,20,2,2,10,38
syrtis-8675309-aeon,42,yes,11,47,18,3,20,2,2,10,38
syrtis-8675309-aeon,43,yes,11,47,17,1,20,2,2,10,38
syrtis-8675309-aeon,44,yes,11,48,0,110,20,2,3,13,35
syrtis-8675309-aeon,45,yes,11,48,0,110,21,2,3,13,35
syrtis-8675309-aeon,46,yes,11,48,19,1,21,2,3,13,35
syrtis-8675309-aeon,47,yes,10,48,18,9,22,2,3,13,35
syrtis-8675309-aeon,48,yes,10,51,20,6,22,2,3,13,35
syrtis-8675309-aeon,49,yes,10,51,0,110,22,2,3,13,35
syrtis-8675309-aeon,50,yes,10,52,0,110,22,2,3,13,35
syrtis-8675309-sera,1,no,0,0,0,0,0,0,1,8,40
syrtis-8675309-sera,2,no,1,0,0,0,0,0,1,8,40
syrtis-8675309-sera,3,no,4,0,0,0,0,0,1,8,40
syrtis-8675309-sera,4,no,6,0,0,0,0,0,3,13,35
syrtis-8675309-sera,5,no,7,1,0,0,0,0,3,13,35
syrtis-8675309-sera,6,no,10,1,0,0,0,0,3,13,35
syrtis-8675309-sera,7,yes,16,3,1,1,0,0,3,13,35
syrtis-8675309-sera,8,no,19,4,0,0,0,0,4,18,30
syrtis-8675309-sera,9,yes,21,5,1,1,0,0,4,18,30
syrtis-8675309-sera,10,no,22,6,0,0,0,0,4,18,30
syrtis-8675309-sera,11,yes,21,9,1,1,2,2,4,18,30
syrtis-8675309-sera,12,yes,23,10,1,1,2,2,4,18,30
syrtis-8675309-sera,13,yes,23,10,1,1,2,2,4,18,30
syrtis-8675309-sera,14,yes,24,10,0,261,2,2,3,15,33
syrtis-8675309-sera,15,yes,24,9,3,16,3,2,3,15,33
syrtis-8675309-sera,16,yes,21,9,3,16,6,3,3,15,33
syrtis-8675309-sera,17,yes,18,6,3,16,9,3,3,15,33
syrtis-8675309-sera,18,yes,19,6,3,16,9,3,3,15,33
syrtis-8675309-sera,19,yes,19,7,0,261,9,3,3,15,33
syrtis-8675309-sera,20,yes,19,8,0,261,9,3,3,15,33
syrtis-8675309-sera,21,yes,22,8,4,1,9,3,3,15,33
syrtis-8675309-sera,22,yes,18,8,4,1,11,3,3,15,33
syrtis-8675309-sera,23,yes,20,9,5,1,11,3,3,15,33
syrtis-8675309-sera,24,yes,17,11,0,256,15,3,3,15,33
syrtis-8675309-sera,25,yes,15,13,5,13,19,3,3,15,33
syrtis-8675309-sera,26,yes,16,16,8,4,19,3,3,15,33
syrtis-8675309-sera,27,yes,16,16,6,1,20,3,3,15,33
syrtis-8675309-sera,28,yes,18,17,0,256,20,3,3,15,33
syrtis-8675309-uef,1,no,0,0,0,0,0,0,1,8,40
syrtis-8675309-uef,2,no,1,0,0,0,0,0,1,8,40
syrtis-8675309-uef,3,no,4,0,0,0,0,0,1,8,40
syrtis-8675309-uef,4,no,6,0,0,0,0,0,3,13,35
syrtis-8675309-uef,5,no,10,0,0,0,0,0,3,13,35
syrtis-8675309-uef,6,yes,12,1,0,155,0,0,3,13,35
syrtis-8675309-uef,7,no,17,2,0,0,0,0,3,13,35
syrtis-8675309-uef,8,no,20,4,0,0,0,0,3,13,35
syrtis-8675309-uef,9,no,21,5,0,0,0,0,4,18,30
syrtis-8675309-uef,10,no,21,7,0,0,0,0,4,18,30
syrtis-8675309-uef,11,yes,23,8,3,1,0,0,4,18,30
syrtis-8675309-uef,12,yes,25,10,3,1,0,0,4,18,30
syrtis-8675309-uef,13,yes,28,15,4,1,0,0,4,18,30
syrtis-8675309-uef,14,yes,28,16,4,1,0,0,4,18,30
syrtis-8675309-uef,15,yes,28,18,3,1,1,1,4,18,30
syrtis-8675309-uef,16,yes,28,23,3,1,1,1,4,18,30
syrtis-8675309-uef,17,yes,27,23,3,1,1,1,4,18,30
syrtis-8675309-uef,18,yes,24,24,1,3,2,2,4,18,30
syrtis-8675309-uef,19,yes,23,23,0,52,3,2,4,18,30
syrtis-8675309-uef,20,yes,23,23,0,52,3,2,4,18,30
syrtis-8675309-uef,21,yes,21,24,5,1,5,2,4,18,30
syrtis-8675309-uef,22,yes,22,26,0,52,5,2,4,18,30
syrtis-8675309-uef,23,no,23,28,0,0,5,2,4,18,30
syrtis-8675309-uef,24,yes,20,30,0,52,8,2,4,18,30
syrtis-8675309-uef,25,yes,21,30,0,52,8,2,4,18,30
syrtis-8675309-uef,26,yes,19,35,0,52,10,2,4,18,30
syrtis-8675309-uef,27,yes,19,36,0,52,10,2,4,18,30
syrtis-8675309-uef,28,yes,19,37,0,173,10,2,5,21,27
syrtis-8675309-uef,29,yes,19,39,0,52,10,2,5,21,27
syrtis-8675309-uef,30,yes,19,40,0,52,10,2,5,21,27
syrtis-8675309-uef,31,yes,19,41,0,52,10,2,5,21,27
syrtis-8675309-uef,32,yes,19,44,6,1,10,2,4,16,32
syrtis-8675309-uef,33,yes,19,47,0,173,10,2,4,16,32
syrtis-8675309-uef,34,yes,19,49,6,1,11,2,4,16,32
syrtis-8675309-uef,35,yes,19,50,0,173,11,2,4,16,32
syrtis-8675309-uef,36,yes,19,50,0,173,11,2,4,16,32
syrtis-8675309-uef,37,yes,18,50,0,173,12,2,4,16,32
syrtis-8675309-uef,38,yes,17,51,0,173,13,2,4,16,32
syrtis-8675309-uef,39,yes,16,53,0,173,14,2,4,16,32
syrtis-8675309-uef,40,yes,17,55,0,173,14,2,4,16,32
syrtis-8675309-uef,41,yes,17,56,0,173,15,2,4,16,32
syrtis-8675309-uef,42,yes,17,58,0,173,16,2,4,16,32
syrtis-8675309-uef,43,yes,17,57,6,1,16,2,4,16,32
syrtis-8675309-uef,44,yes,14,57,0,173,19,4,4,16,32
syrtis-8675309-uef,45,yes,13,56,0,54,22,5,5,20,28
syrtis-8675309-uef,46,yes,14,57,1,5,23,6,4,16,32
syrtis-8675309-uef,47,yes,15,57,0,168,23,6,4,16,32
syrtis-8675309-uef,48,yes,17,56,0,168,23,6,4,16,32
syrtis-8675309-uef,49,yes,20,56,0,168,23,6,4,16,32
syrtis-8675309-uef,50,yes,19,57,3,35,24,7,4,16,32
syrtis-8675309-uef,51,yes,18,57,3,35,25,8,4,16,32
syrtis-8675309-uef,52,yes,19,54,3,35,26,8,3,13,35
syrtis-8675309-uef,53,yes,16,49,1,35,30,9,3,13,35
