cell,sample,bases,registered_factories,spatial_factories,registered_engineers
isis-2071971-aeon,1,0,0,0,0
isis-2071971-aeon,2,0,0,0,0
isis-2071971-aeon,3,0,0,0,0
isis-2071971-aeon,4,0,0,0,0
isis-2071971-aeon,5,0,0,0,0
isis-2071971-aeon,6,0,0,0,0
isis-2071971-aeon,7,0,0,0,0
isis-2071971-aeon,8,0,0,0,0
isis-2071971-aeon,9,0,0,0,0
isis-2071971-aeon,10,0,0,0,0
isis-2071971-aeon,11,0,0,0,0
isis-2071971-aeon,12,0,0,0,0
isis-2071971-aeon,13,0,0,0,0
isis-2071971-aeon,14,0,0,0,0
isis-2071971-aeon,15,0,0,0,0
isis-2071971-aeon,16,1,0,1,1
isis-2071971-aeon,17,1,0,1,1
isis-2071971-aeon,18,1,0,1,1
isis-2071971-aeon,19,1,0,1,1
isis-2071971-aeon,20,1,1,1,1
isis-2071971-aeon,21,1,1,1,3
isis-2071971-aeon,22,1,1,1,4
isis-2071971-aeon,23,1,1,1,10
isis-2071971-aeon,24,1,1,1,14
isis-2071971-aeon,25,1,1,1,14
isis-2071971-aeon,26,1,1,1,14
isis-2071971-aeon,27,1,1,1,14
isis-2071971-aeon,28,1,1,1,14
isis-2071971-aeon,29,1,1,1,14
isis-2071971-aeon,30,1,1,1,14
isis-2071971-aeon,31,1,1,1,14
isis-2071971-aeon,32,1,1,1,14
isis-2071971-aeon,33,1,1,1,13
isis-2071971-aeon,34,1,1,1,13
isis-2071971-aeon,35,1,1,1,16
isis-2071971-aeon,36,1,1,1,15
isis-2071971-aeon,37,1,1,1,15
isis-2071971-aeon,38,1,1,1,15
isis-2071971-aeon,39,1,1,1,15
isis-2071971-aeon,40,1,1,1,14
isis-2071971-aeon,41,1,1,1,12
isis-2071971-sera,1,0,0,0,0
isis-2071971-sera,2,0,0,0,0
isis-2071971-sera,3,0,0,0,0
isis-2071971-sera,4,0,0,0,0
isis-2071971-sera,5,0,0,0,0
isis-2071971-sera,6,0,0,0,0
isis-2071971-sera,7,0,0,0,0
isis-2071971-sera,8,0,0,0,0
isis-2071971-sera,9,0,0,0,0
isis-2071971-sera,10,0,0,0,0
isis-2071971-sera,11,1,0,1,1
isis-2071971-sera,12,1,0,1,1
isis-2071971-sera,13,1,0,1,1
isis-2071971-sera,14,0,0,0,0
isis-2071971-sera,15,0,0,0,0
isis-2071971-sera,16,0,0,0,0
isis-2071971-sera,17,0,0,0,0
isis-2071971-sera,18,0,0,0,0
isis-2071971-sera,19,0,0,0,0
isis-2071971-sera,20,0,0,0,0
isis-2071971-sera,21,0,0,0,0
isis-2071971-sera,22,0,0,0,0
isis-2071971-sera,23,0,0,0,0
isis-2071971-sera,24,0,0,0,0
isis-2071971-sera,25,0,0,0,0
isis-2071971-sera,26,0,0,0,0
isis-2071971-sera,27,0,0,0,0
isis-2071971-sera,28,0,0,0,0
isis-2071971-sera,29,0,0,0,0
isis-2071971-sera,30,0,0,0,0
isis-2071971-sera,31,0,0,0,0
isis-2071971-sera,32,0,0,0,0
isis-2071971-sera,33,0,0,0,0
isis-2071971-sera,34,0,0,0,0
isis-2071971-sera,35,0,0,0,0
isis-2071971-sera,36,0,0,0,0
isis-2071971-sera,37,0,0,0,0
isis-2071971-sera,38,0,0,0,0
isis-2071971-sera,39,0,0,0,0
isis-2071971-sera,40,0,0,0,0
isis-2071971-sera,41,0,0,0,0
isis-2071971-sera,42,0,0,0,0
isis-2071971-sera,43,0,0,0,0
isis-2071971-sera,44,0,0,0,0
isis-2071971-uef,1,0,0,0,0
isis-2071971-uef,2,0,0,0,0
isis-2071971-uef,3,0,0,0,0
isis-2071971-uef,4,0,0,0,0
isis-2071971-uef,5,0,0,0,0
isis-2071971-uef,6,0,0,0,0
isis-2071971-uef,7,0,0,0,0
isis-2071971-uef,8,0,0,0,0
isis-2071971-uef,9,0,0,0,0
isis-2071971-uef,10,0,0,0,0
isis-2071971-uef,11,0,0,0,0
isis-2071971-uef,12,0,0,0,0
isis-2071971-uef,13,0,0,0,0
isis-2071971-uef,14,0,0,0,0
isis-2071971-uef,15,0,0,0,0
isis-2071971-uef,16,0,0,0,0
isis-2071971-uef,17,0,0,0,0
isis-2071971-uef,18,0,0,0,0
isis-2071971-uef,19,0,0,0,0
isis-2071971-uef,20,0,0,0,0
isis-2071971-uef,21,0,0,0,0
isis-2071971-uef,22,0,0,0,0
isis-2071971-uef,23,1,0,1,1
isis-2071971-uef,24,1,0,1,1
isis-2071971-uef,25,1,0,1,1
isis-2071971-uef,26,1,1,1,1
isis-2071971-uef,27,1,1,1,3
isis-2071971-uef,28,1,1,1,6
isis-2071971-uef,29,1,2,1,11
isis-2071971-uef,30,1,2,1,7
isis-2071971-uef,31,1,2,1,8
isis-2071971-uef,32,1,2,1,10
isis-2071971-uef,33,1,2,1,10
isis-2071971-uef,34,1,2,1,10
isis-2071971-uef,35,1,2,1,10
isis-2071971-uef,36,1,2,1,10
isis-2071971-uef,37,1,2,1,10
isis-2071971-uef,38,1,2,1,10
isis-2071971-uef,39,1,2,1,10
isis-2071971-uef,40,1,2,1,10
isis-2071971-uef,41,1,2,1,11
isis-2071971-uef,42,1,2,1,12
isis-2071971-uef,43,1,2,1,11
isis-2071971-uef,44,1,2,1,11
isis-2071971-uef,45,1,2,1,11
isis-2071971-uef,46,1,2,1,10
isis-2071971-uef,47,1,2,1,9
isis-2071971-uef,48,1,2,1,9
isis-2071971-uef,49,1,2,1,9
isis-2071971-uef,50,1,2,1,9
isis-2071971-uef,51,1,2,1,9
isis-2071971-uef,52,1,2,1,9
isis-2071971-uef,53,1,2,1,9
isis-2071971-uef,54,1,2,1,9
isis-2071971-uef,55,1,2,1,9
isis-2071971-uef,56,1,2,1,8
isis-2071971-uef,57,1,2,1,8
isis-2071971-uef,58,1,2,1,8
isis-2071971-uef,59,1,2,1,8
isis-2071971-uef,60,1,2,1,7
isis-2071971-uef,61,1,2,1,7
isis-2071971-uef,62,1,2,1,5
isis-2071971-uef,63,1,2,1,5
isis-2071971-uef,64,1,2,1,6
isis-2071971-uef,65,1,2,1,5
isis-2071971-uef,66,1,2,1,5
isis-2071971-uef,67,1,3,1,6
isis-2071971-uef,68,1,3,1,8
isis-2071971-uef,69,1,3,1,6
isis-2071971-uef,70,1,3,1,9
isis-2071971-uef,71,1,3,1,8
isis-2071971-uef,72,1,3,1,8
isis-2071971-uef,73,1,3,1,8
isis-2071971-uef,74,1,3,1,8
isis-2071971-uef,75,1,3,1,8
isis-2071971-uef,76,1,3,1,8
isis-2071971-uef,77,1,3,1,8
isis-2071971-uef,78,1,3,1,8
isis-2071971-uef,79,1,3,1,7
isis-2071971-uef,80,1,3,1,5
isis-2071971-uef,81,1,3,1,6
isis-2071971-uef,82,1,3,1,5
isis-2071971-uef,83,1,3,1,10
isis-2071971-uef,84,1,3,1,14
isis-2071971-uef,85,1,3,1,14
isis-2071971-uef,86,1,3,1,14
isis-2071971-uef,87,1,3,1,14
isis-2071971-uef,88,1,3,1,15
isis-2071971-uef,89,1,3,1,11
isis-2071971-uef,90,1,3,1,10
isis-2071971-uef,91,1,3,1,8
isis-2071971-uef,92,1,3,1,9
isis-2071971-uef,93,1,3,1,6
isis-2071971-uef,94,1,3,1,8
isis-2071971-uef,95,1,2,1,7
isis-424242-aeon,1,0,0,0,0
isis-424242-aeon,2,0,0,0,0
isis-424242-aeon,3,0,0,0,0
isis-424242-aeon,4,0,0,0,0
isis-424242-aeon,5,0,0,0,0
isis-424242-aeon,6,0,0,0,0
isis-424242-aeon,7,0,0,0,0
isis-424242-aeon,8,0,0,0,0
isis-424242-aeon,9,0,0,0,0
isis-424242-aeon,10,0,0,0,0
isis-424242-aeon,11,0,0,0,0
isis-424242-aeon,12,0,0,0,0
isis-424242-aeon,13,0,0,0,0
isis-424242-aeon,14,0,0,0,0
isis-424242-aeon,15,0,0,0,0
isis-424242-aeon,16,0,0,0,0
isis-424242-aeon,17,0,0,0,0
isis-424242-aeon,18,0,0,0,0
isis-424242-aeon,19,0,0,0,0
isis-424242-aeon,20,0,0,0,0
isis-424242-aeon,21,0,0,0,0
isis-424242-aeon,22,0,0,0,0
isis-424242-aeon,23,0,0,0,0
isis-424242-aeon,24,0,0,0,0
isis-424242-aeon,25,0,0,0,0
isis-424242-aeon,26,0,0,0,0
isis-424242-aeon,27,0,0,0,0
isis-424242-aeon,28,0,0,0,0
isis-424242-aeon,29,0,0,0,0
isis-424242-aeon,30,0,0,0,0
isis-424242-aeon,31,0,0,0,0
isis-424242-aeon,32,0,0,0,0
isis-424242-aeon,33,0,0,0,0
isis-424242-aeon,34,0,0,0,0
isis-424242-aeon,35,0,0,0,0
isis-424242-aeon,36,1,0,1,1
isis-424242-aeon,37,1,0,1,1
isis-424242-aeon,38,1,0,1,1
isis-424242-aeon,39,1,0,1,1
isis-424242-aeon,40,1,0,1,1
isis-424242-aeon,41,1,0,1,1
isis-424242-aeon,42,1,0,1,1
isis-424242-aeon,43,1,0,1,1
isis-424242-aeon,44,1,0,1,1
isis-424242-aeon,45,1,0,1,1
isis-424242-aeon,46,1,0,1,1
isis-424242-aeon,47,1,0,1,1
isis-424242-aeon,48,1,0,1,1
isis-424242-aeon,49,1,0,1,1
isis-424242-aeon,50,1,0,1,1
isis-424242-aeon,51,1,0,1,1
isis-424242-aeon,52,1,0,1,1
isis-424242-aeon,53,1,0,1,1
isis-424242-aeon,54,1,0,1,1
isis-424242-aeon,55,1,0,1,1
isis-424242-aeon,56,0,0,0,0
isis-424242-sera,1,0,0,0,0
isis-424242-sera,2,0,0,0,0
isis-424242-sera,3,0,0,0,0
isis-424242-sera,4,0,0,0,0
isis-424242-sera,5,0,0,0,0
isis-424242-sera,6,0,0,0,0
isis-424242-sera,7,0,0,0,0
isis-424242-sera,8,0,0,0,0
isis-424242-sera,9,0,0,0,0
isis-424242-sera,10,0,0,0,0
isis-424242-sera,11,0,0,0,0
isis-424242-sera,12,0,0,0,0
isis-424242-sera,13,0,0,0,0
isis-424242-sera,14,0,0,0,0
isis-424242-sera,15,0,0,0,0
isis-424242-sera,16,0,0,0,0
isis-424242-sera,17,0,0,0,0
isis-424242-sera,18,0,0,0,0
isis-424242-sera,19,0,0,0,0
isis-424242-sera,20,0,0,0,0
isis-424242-sera,21,0,0,0,0
isis-424242-sera,22,0,0,0,0
isis-424242-sera,23,0,0,0,0
isis-424242-sera,24,0,0,0,0
isis-424242-sera,25,0,0,0,0
isis-424242-sera,26,0,0,0,0
isis-424242-sera,27,0,0,0,0
isis-424242-sera,28,0,0,0,0
isis-424242-sera,29,0,0,0,0
isis-424242-sera,30,0,0,0,0
isis-424242-sera,31,0,0,0,0
isis-424242-sera,32,0,0,0,0
isis-424242-sera,33,0,0,0,0
isis-424242-sera,34,0,0,0,0
isis-424242-sera,35,0,0,0,0
isis-424242-sera,36,0,0,0,0
isis-424242-sera,37,0,0,0,0
isis-424242-sera,38,0,0,0,0
isis-424242-sera,39,0,0,0,0
isis-424242-uef,1,0,0,0,0
isis-424242-uef,2,0,0,0,0
isis-424242-uef,3,0,0,0,0
isis-424242-uef,4,0,0,0,0
isis-424242-uef,5,0,0,0,0
isis-424242-uef,6,0,0,0,0
isis-424242-uef,7,0,0,0,0
isis-424242-uef,8,0,0,0,0
isis-424242-uef,9,0,0,0,0
isis-424242-uef,10,1,0,1,1
isis-424242-uef,11,1,0,1,1
isis-424242-uef,12,0,0,0,0
isis-424242-uef,13,0,0,0,0
isis-424242-uef,14,0,0,0,0
isis-424242-uef,15,0,0,0,0
isis-424242-uef,16,0,0,0,0
isis-424242-uef,17,0,0,0,0
isis-424242-uef,18,0,0,0,0
isis-424242-uef,19,0,0,0,0
isis-424242-uef,20,0,0,0,0
isis-424242-uef,21,0,0,0,0
isis-424242-uef,22,0,0,0,0
isis-424242-uef,23,0,0,0,0
isis-424242-uef,24,0,0,0,0
isis-424242-uef,25,0,0,0,0
isis-424242-uef,26,0,0,0,0
isis-424242-uef,27,0,0,0,0
isis-424242-uef,28,1,0,1,1
isis-424242-uef,29,0,0,0,0
isis-424242-uef,30,0,0,0,0
isis-424242-uef,31,0,0,0,0
isis-424242-uef,32,0,0,0,0
isis-424242-uef,33,0,0,0,0
isis-424242-uef,34,0,0,0,0
isis-424242-uef,35,0,0,0,0
isis-424242-uef,36,0,0,0,0
isis-424242-uef,37,0,0,0,0
isis-424242-uef,38,0,0,0,0
isis-424242-uef,39,0,0,0,0
isis-424242-uef,40,0,0,0,0
isis-424242-uef,41,0,0,0,0
isis-424242-uef,42,0,0,0,0
isis-424242-uef,43,0,0,0,0
isis-424242-uef,44,0,0,0,0
isis-424242-uef,45,0,0,0,0
isis-424242-uef,46,0,0,0,0
isis-424242-uef,47,1,0,1,1
isis-424242-uef,48,1,0,1,1
isis-424242-uef,49,1,0,1,1
isis-424242-uef,50,1,0,1,1
isis-424242-uef,51,1,0,1,1
isis-424242-uef,52,1,0,1,1
isis-424242-uef,53,1,0,1,1
isis-424242-uef,54,1,0,1,1
isis-424242-uef,55,1,0,1,1
isis-424242-uef,56,1,0,1,1
isis-424242-uef,57,0,0,0,0
isis-8675309-aeon,1,0,0,0,0
isis-8675309-aeon,2,0,0,0,0
isis-8675309-aeon,3,0,0,0,0
isis-8675309-aeon,4,0,0,0,0
isis-8675309-aeon,5,0,0,0,0
isis-8675309-aeon,6,0,0,0,0
isis-8675309-aeon,7,0,0,0,0
isis-8675309-aeon,8,0,0,0,0
isis-8675309-aeon,9,0,0,0,0
isis-8675309-aeon,10,0,0,0,0
isis-8675309-aeon,11,0,0,0,0
isis-8675309-aeon,12,1,0,1,1
isis-8675309-aeon,13,1,0,1,1
isis-8675309-aeon,14,1,0,1,1
isis-8675309-aeon,15,1,0,1,1
isis-8675309-aeon,16,0,0,0,0
isis-8675309-aeon,17,0,0,0,0
isis-8675309-aeon,18,0,0,0,0
isis-8675309-aeon,19,0,0,0,0
isis-8675309-aeon,20,0,0,0,0
isis-8675309-aeon,21,0,0,0,0
isis-8675309-aeon,22,0,0,0,0
isis-8675309-aeon,23,0,0,0,0
isis-8675309-aeon,24,0,0,0,0
isis-8675309-aeon,25,1,0,1,1
isis-8675309-aeon,26,1,0,1,1
isis-8675309-aeon,27,1,0,1,1
isis-8675309-aeon,28,1,0,1,1
isis-8675309-aeon,29,0,0,0,0
isis-8675309-aeon,30,0,0,0,0
isis-8675309-aeon,31,0,0,0,0
isis-8675309-aeon,32,0,0,0,0
isis-8675309-aeon,33,0,0,0,0
isis-8675309-aeon,34,0,0,0,0
isis-8675309-aeon,35,0,0,0,0
isis-8675309-aeon,36,0,0,0,0
isis-8675309-aeon,37,0,0,0,0
isis-8675309-aeon,38,0,0,0,0
isis-8675309-aeon,39,0,0,0,0
isis-8675309-aeon,40,0,0,0,0
isis-8675309-aeon,41,0,0,0,0
isis-8675309-aeon,42,0,0,0,0
isis-8675309-aeon,43,0,0,0,0
isis-8675309-sera,1,0,0,0,0
isis-8675309-sera,2,0,0,0,0
isis-8675309-sera,3,0,0,0,0
isis-8675309-sera,4,0,0,0,0
isis-8675309-sera,5,0,0,0,0
isis-8675309-sera,6,0,0,0,0
isis-8675309-sera,7,0,0,0,0
isis-8675309-sera,8,0,0,0,0
isis-8675309-sera,9,0,0,0,0
isis-8675309-sera,10,0,0,0,0
isis-8675309-sera,11,0,0,0,0
isis-8675309-sera,12,0,0,0,0
isis-8675309-sera,13,1,0,1,1
isis-8675309-sera,14,1,0,1,1
isis-8675309-sera,15,1,0,1,1
isis-8675309-sera,16,1,0,1,1
isis-8675309-sera,17,1,0,1,1
isis-8675309-sera,18,0,0,0,0
isis-8675309-sera,19,0,0,0,0
isis-8675309-sera,20,0,0,0,0
isis-8675309-sera,21,0,0,0,0
isis-8675309-sera,22,0,0,0,0
isis-8675309-sera,23,0,0,0,0
isis-8675309-sera,24,0,0,0,0
isis-8675309-sera,25,0,0,0,0
isis-8675309-sera,26,0,0,0,0
isis-8675309-sera,27,0,0,0,0
isis-8675309-sera,28,0,0,0,0
isis-8675309-sera,29,0,0,0,0
isis-8675309-sera,30,0,0,0,0
isis-8675309-sera,31,0,0,0,0
isis-8675309-sera,32,0,0,0,0
isis-8675309-sera,33,0,0,0,0
isis-8675309-sera,34,0,0,0,0
isis-8675309-sera,35,0,0,0,0
isis-8675309-sera,36,0,0,0,0
isis-8675309-sera,37,0,0,0,0
isis-8675309-sera,38,0,0,0,0
isis-8675309-sera,39,0,0,0,0
isis-8675309-sera,40,0,0,0,0
isis-8675309-sera,41,0,0,0,0
isis-8675309-sera,42,0,0,0,0
isis-8675309-sera,43,0,0,0,0
isis-8675309-sera,44,0,0,0,0
isis-8675309-sera,45,0,0,0,0
isis-8675309-sera,46,0,0,0,0
isis-8675309-sera,47,0,0,0,0
isis-8675309-sera,48,0,0,0,0
isis-8675309-sera,49,0,0,0,0
isis-8675309-sera,50,0,0,0,0
isis-8675309-uef,1,0,0,0,0
isis-8675309-uef,2,0,0,0,0
isis-8675309-uef,3,0,0,0,0
isis-8675309-uef,4,0,0,0,0
isis-8675309-uef,5,0,0,0,0
isis-8675309-uef,6,0,0,0,0
isis-8675309-uef,7,0,0,0,0
isis-8675309-uef,8,0,0,0,0
isis-8675309-uef,9,0,0,0,0
isis-8675309-uef,10,1,0,1,1
isis-8675309-uef,11,1,0,1,1
isis-8675309-uef,12,1,0,1,1
isis-8675309-uef,13,1,0,1,1
isis-8675309-uef,14,1,0,1,1
isis-8675309-uef,15,1,0,1,1
isis-8675309-uef,16,1,0,1,1
isis-8675309-uef,17,1,0,1,1
isis-8675309-uef,18,1,0,1,1
isis-8675309-uef,19,1,0,1,1
isis-8675309-uef,20,1,0,1,1
isis-8675309-uef,21,1,0,1,1
isis-8675309-uef,22,1,0,1,1
isis-8675309-uef,23,0,0,0,0
isis-8675309-uef,24,0,0,0,0
isis-8675309-uef,25,1,0,1,1
isis-8675309-uef,26,1,0,1,1
isis-8675309-uef,27,1,0,1,1
isis-8675309-uef,28,1,0,1,1
isis-8675309-uef,29,1,0,1,1
isis-8675309-uef,30,1,0,1,1
isis-8675309-uef,31,1,1,1,1
isis-8675309-uef,32,1,1,1,1
isis-8675309-uef,33,1,1,1,1
isis-8675309-uef,34,1,1,1,1
isis-8675309-uef,35,1,1,1,1
isis-8675309-uef,36,1,1,1,1
isis-8675309-uef,37,1,1,1,1
isis-8675309-uef,38,1,1,1,1
isis-8675309-uef,39,1,1,1,1
isis-8675309-uef,40,1,1,1,1
isis-8675309-uef,41,1,1,1,1
isis-8675309-uef,42,1,1,1,1
isis-8675309-uef,43,1,1,1,1
isis-8675309-uef,44,1,1,1,1
isis-8675309-uef,45,1,1,1,1
isis-8675309-uef,46,1,1,1,1
isis-8675309-uef,47,1,1,1,1
isis-8675309-uef,48,1,1,1,1
isis-8675309-uef,49,1,1,1,2
isis-8675309-uef,50,1,1,1,2
isis-8675309-uef,51,1,1,1,1
isis-8675309-uef,52,1,1,1,1
isis-8675309-uef,53,1,1,1,4
isis-8675309-uef,54,1,1,1,4
isis-8675309-uef,55,1,1,1,4
isis-8675309-uef,56,1,1,1,4
isis-8675309-uef,57,1,1,1,5
isis-8675309-uef,58,1,1,1,5
isis-8675309-uef,59,1,1,1,6
syrtis-2071971-aeon,1,0,0,0,0
syrtis-2071971-aeon,2,0,0,0,0
syrtis-2071971-aeon,3,0,0,0,0
syrtis-2071971-aeon,4,0,0,0,0
syrtis-2071971-aeon,5,0,0,0,0
syrtis-2071971-aeon,6,0,0,0,0
syrtis-2071971-aeon,7,0,0,0,0
syrtis-2071971-aeon,8,0,0,0,0
syrtis-2071971-aeon,9,0,0,0,0
syrtis-2071971-aeon,10,0,0,0,0
syrtis-2071971-aeon,11,0,0,0,0
syrtis-2071971-aeon,12,0,0,0,0
syrtis-2071971-aeon,13,0,0,0,0
syrtis-2071971-aeon,14,0,0,0,0
syrtis-2071971-aeon,15,0,0,0,0
syrtis-2071971-aeon,16,0,0,0,0
syrtis-2071971-aeon,17,0,0,0,0
syrtis-2071971-aeon,18,0,0,0,0
syrtis-2071971-aeon,19,0,0,0,0
syrtis-2071971-aeon,20,0,0,0,0
syrtis-2071971-aeon,21,0,0,0,0
syrtis-2071971-aeon,22,0,0,0,0
syrtis-2071971-aeon,23,0,0,0,0
syrtis-2071971-aeon,24,0,0,0,0
syrtis-2071971-aeon,25,0,0,0,0
syrtis-2071971-aeon,26,0,0,0,0
syrtis-2071971-aeon,27,0,0,0,0
syrtis-2071971-aeon,28,0,0,0,0
syrtis-2071971-aeon,29,0,0,0,0
syrtis-2071971-aeon,30,0,0,0,0
syrtis-2071971-aeon,31,0,0,0,0
syrtis-2071971-aeon,32,0,0,0,0
syrtis-2071971-aeon,33,0,0,0,0
syrtis-2071971-aeon,34,0,0,0,0
syrtis-2071971-aeon,35,0,0,0,0
syrtis-2071971-aeon,36,0,0,0,0
syrtis-2071971-aeon,37,0,0,0,0
syrtis-2071971-aeon,38,0,0,0,0
syrtis-2071971-aeon,39,0,0,0,0
syrtis-2071971-aeon,40,0,0,0,0
syrtis-2071971-aeon,41,0,0,0,0
syrtis-2071971-aeon,42,0,0,0,0
syrtis-2071971-aeon,43,0,0,0,0
syrtis-2071971-aeon,44,0,0,0,0
syrtis-2071971-aeon,45,0,0,0,0
syrtis-2071971-aeon,46,0,0,0,0
syrtis-2071971-aeon,47,0,0,0,0
syrtis-2071971-aeon,48,0,0,0,0
syrtis-2071971-aeon,49,0,0,0,0
syrtis-2071971-aeon,50,0,0,0,0
syrtis-2071971-aeon,51,0,0,0,0
syrtis-2071971-aeon,52,0,0,0,0
syrtis-2071971-aeon,53,0,0,0,0
syrtis-2071971-aeon,54,0,0,0,0
syrtis-2071971-sera,1,0,0,0,0
syrtis-2071971-sera,2,0,0,0,0
syrtis-2071971-sera,3,0,0,0,0
syrtis-2071971-sera,4,0,0,0,0
syrtis-2071971-sera,5,0,0,0,0
syrtis-2071971-sera,6,0,0,0,0
syrtis-2071971-sera,7,0,0,0,0
syrtis-2071971-sera,8,0,0,0,0
syrtis-2071971-sera,9,0,0,0,0
syrtis-2071971-sera,10,0,0,0,0
syrtis-2071971-sera,11,0,0,0,0
syrtis-2071971-sera,12,0,0,0,0
syrtis-2071971-sera,13,0,0,0,0
syrtis-2071971-sera,14,0,0,0,0
syrtis-2071971-sera,15,0,0,0,0
syrtis-2071971-sera,16,0,0,0,0
syrtis-2071971-sera,17,0,0,0,0
syrtis-2071971-sera,18,0,0,0,0
syrtis-2071971-sera,19,0,0,0,0
syrtis-2071971-sera,20,0,0,0,0
syrtis-2071971-sera,21,0,0,0,0
syrtis-2071971-sera,22,0,0,0,0
syrtis-2071971-sera,23,0,0,0,0
syrtis-2071971-sera,24,0,0,0,0
syrtis-2071971-sera,25,0,0,0,0
syrtis-2071971-sera,26,0,0,0,0
syrtis-2071971-sera,27,0,0,0,0
syrtis-2071971-sera,28,0,0,0,0
syrtis-2071971-sera,29,0,0,0,0
syrtis-2071971-sera,30,0,0,0,0
syrtis-2071971-sera,31,0,0,0,0
syrtis-2071971-sera,32,0,0,0,0
syrtis-2071971-sera,33,0,0,0,0
syrtis-2071971-sera,34,0,0,0,0
syrtis-2071971-sera,35,0,0,0,0
syrtis-2071971-sera,36,0,0,0,0
syrtis-2071971-sera,37,0,0,0,0
syrtis-2071971-sera,38,0,0,0,0
syrtis-2071971-sera,39,0,0,0,0
syrtis-2071971-sera,40,0,0,0,0
syrtis-2071971-sera,41,0,0,0,0
syrtis-2071971-sera,42,0,0,0,0
syrtis-2071971-sera,43,0,0,0,0
syrtis-2071971-sera,44,0,0,0,0
syrtis-2071971-sera,45,0,0,0,0
syrtis-2071971-sera,46,0,0,0,0
syrtis-2071971-uef,1,0,0,0,0
syrtis-2071971-uef,2,0,0,0,0
syrtis-2071971-uef,3,0,0,0,0
syrtis-2071971-uef,4,0,0,0,0
syrtis-2071971-uef,5,0,0,0,0
syrtis-2071971-uef,6,0,0,0,0
syrtis-2071971-uef,7,0,0,0,0
syrtis-2071971-uef,8,0,0,0,0
syrtis-2071971-uef,9,0,0,0,0
syrtis-2071971-uef,10,0,0,0,0
syrtis-2071971-uef,11,0,0,0,0
syrtis-2071971-uef,12,0,0,0,0
syrtis-2071971-uef,13,0,0,0,0
syrtis-2071971-uef,14,0,0,0,0
syrtis-2071971-uef,15,0,0,0,0
syrtis-2071971-uef,16,0,0,0,0
syrtis-2071971-uef,17,0,0,0,0
syrtis-2071971-uef,18,0,0,0,0
syrtis-2071971-uef,19,0,0,0,0
syrtis-2071971-uef,20,0,0,0,0
syrtis-2071971-uef,21,0,0,0,0
syrtis-2071971-uef,22,0,0,0,0
syrtis-2071971-uef,23,0,0,0,0
syrtis-2071971-uef,24,0,0,0,0
syrtis-2071971-uef,25,0,0,0,0
syrtis-2071971-uef,26,0,0,0,0
syrtis-2071971-uef,27,0,0,0,0
syrtis-2071971-uef,28,0,0,0,0
syrtis-2071971-uef,29,0,0,0,0
syrtis-2071971-uef,30,0,0,0,0
syrtis-2071971-uef,31,0,0,0,0
syrtis-2071971-uef,32,0,0,0,0
syrtis-2071971-uef,33,0,0,0,0
syrtis-2071971-uef,34,0,0,0,0
syrtis-2071971-uef,35,0,0,0,0
syrtis-2071971-uef,36,0,0,0,0
syrtis-2071971-uef,37,0,0,0,0
syrtis-2071971-uef,38,0,0,0,0
syrtis-2071971-uef,39,0,0,0,0
syrtis-2071971-uef,40,0,0,0,0
syrtis-2071971-uef,41,0,0,0,0
syrtis-2071971-uef,42,0,0,0,0
syrtis-2071971-uef,43,0,0,0,0
syrtis-2071971-uef,44,0,0,0,0
syrtis-2071971-uef,45,0,0,0,0
syrtis-2071971-uef,46,0,0,0,0
syrtis-2071971-uef,47,0,0,0,0
syrtis-2071971-uef,48,0,0,0,0
syrtis-2071971-uef,49,0,0,0,0
syrtis-2071971-uef,50,0,0,0,0
syrtis-2071971-uef,51,0,0,0,0
syrtis-2071971-uef,52,0,0,0,0
syrtis-2071971-uef,53,0,0,0,0
syrtis-2071971-uef,54,0,0,0,0
syrtis-2071971-uef,55,0,0,0,0
syrtis-2071971-uef,56,0,0,0,0
syrtis-2071971-uef,57,0,0,0,0
syrtis-2071971-uef,58,0,0,0,0
syrtis-2071971-uef,59,0,0,0,0
syrtis-2071971-uef,60,0,0,0,0
syrtis-2071971-uef,61,0,0,0,0
syrtis-2071971-uef,62,0,0,0,0
syrtis-2071971-uef,63,0,0,0,0
syrtis-2071971-uef,64,0,0,0,0
syrtis-2071971-uef,65,0,0,0,0
syrtis-2071971-uef,66,0,0,0,0
syrtis-2071971-uef,67,0,0,0,0
syrtis-2071971-uef,68,0,0,0,0
syrtis-2071971-uef,69,0,0,0,0
syrtis-2071971-uef,70,0,0,0,0
syrtis-2071971-uef,71,0,0,0,0
syrtis-424242-aeon,1,0,0,0,0
syrtis-424242-aeon,2,0,0,0,0
syrtis-424242-aeon,3,0,0,0,0
syrtis-424242-aeon,4,0,0,0,0
syrtis-424242-aeon,5,0,0,0,0
syrtis-424242-aeon,6,0,0,0,0
syrtis-424242-aeon,7,0,0,0,0
syrtis-424242-aeon,8,0,0,0,0
syrtis-424242-aeon,9,0,0,0,0
syrtis-424242-aeon,10,0,0,0,0
syrtis-424242-aeon,11,0,0,0,0
syrtis-424242-aeon,12,0,0,0,0
syrtis-424242-aeon,13,0,0,0,0
syrtis-424242-aeon,14,0,0,0,0
syrtis-424242-aeon,15,0,0,0,0
syrtis-424242-aeon,16,1,0,1,1
syrtis-424242-aeon,17,1,1,1,1
syrtis-424242-aeon,18,1,1,1,3
syrtis-424242-aeon,19,1,1,1,6
syrtis-424242-aeon,20,1,1,1,10
syrtis-424242-aeon,21,1,1,1,9
syrtis-424242-aeon,22,1,1,1,8
syrtis-424242-aeon,23,1,1,1,9
syrtis-424242-aeon,24,1,1,1,7
syrtis-424242-aeon,25,1,1,1,8
syrtis-424242-aeon,26,1,1,1,9
syrtis-424242-aeon,27,1,1,1,9
syrtis-424242-aeon,28,1,1,1,8
syrtis-424242-aeon,29,1,1,1,5
syrtis-424242-aeon,30,1,1,1,5
syrtis-424242-aeon,31,1,1,1,2
syrtis-424242-aeon,32,0,0,0,0
syrtis-424242-aeon,33,0,0,0,0
syrtis-424242-aeon,34,0,0,0,0
syrtis-424242-aeon,35,0,0,0,0
syrtis-424242-aeon,36,0,0,0,0
syrtis-424242-aeon,37,0,0,0,0
syrtis-424242-aeon,38,0,0,0,0
syrtis-424242-aeon,39,0,0,0,0
syrtis-424242-aeon,40,0,0,0,0
syrtis-424242-aeon,41,0,0,0,0
syrtis-424242-aeon,42,0,0,0,0
syrtis-424242-aeon,43,0,0,0,0
syrtis-424242-aeon,44,0,0,0,0
syrtis-424242-aeon,45,0,0,0,0
syrtis-424242-aeon,46,0,0,0,0
syrtis-424242-aeon,47,0,0,0,0
syrtis-424242-sera,1,0,0,0,0
syrtis-424242-sera,2,0,0,0,0
syrtis-424242-sera,3,0,0,0,0
syrtis-424242-sera,4,0,0,0,0
syrtis-424242-sera,5,0,0,0,0
syrtis-424242-sera,6,0,0,0,0
syrtis-424242-sera,7,0,0,0,0
syrtis-424242-sera,8,0,0,0,0
syrtis-424242-sera,9,0,0,0,0
syrtis-424242-sera,10,0,0,0,0
syrtis-424242-sera,11,0,0,0,0
syrtis-424242-sera,12,0,0,0,0
syrtis-424242-sera,13,0,0,0,0
syrtis-424242-sera,14,0,0,0,0
syrtis-424242-sera,15,0,0,0,0
syrtis-424242-sera,16,0,0,0,0
syrtis-424242-sera,17,0,0,0,0
syrtis-424242-sera,18,0,0,0,0
syrtis-424242-sera,19,0,0,0,0
syrtis-424242-sera,20,0,0,0,0
syrtis-424242-sera,21,0,0,0,0
syrtis-424242-sera,22,0,0,0,0
syrtis-424242-sera,23,0,0,0,0
syrtis-424242-sera,24,0,0,0,0
syrtis-424242-sera,25,0,0,0,0
syrtis-424242-sera,26,0,0,0,0
syrtis-424242-sera,27,0,0,0,0
syrtis-424242-sera,28,0,0,0,0
syrtis-424242-sera,29,0,0,0,0
syrtis-424242-sera,30,0,0,0,0
syrtis-424242-sera,31,0,0,0,0
syrtis-424242-sera,32,0,0,0,0
syrtis-424242-sera,33,0,0,0,0
syrtis-424242-sera,34,0,0,0,0
syrtis-424242-uef,1,0,0,0,0
syrtis-424242-uef,2,0,0,0,0
syrtis-424242-uef,3,0,0,0,0
syrtis-424242-uef,4,0,0,0,0
syrtis-424242-uef,5,0,0,0,0
syrtis-424242-uef,6,0,0,0,0
syrtis-424242-uef,7,0,0,0,0
syrtis-424242-uef,8,0,0,0,0
syrtis-424242-uef,9,0,0,0,0
syrtis-424242-uef,10,0,0,0,0
syrtis-424242-uef,11,0,0,0,0
syrtis-424242-uef,12,0,0,0,0
syrtis-424242-uef,13,0,0,0,0
syrtis-424242-uef,14,0,0,0,0
syrtis-424242-uef,15,1,0,1,1
syrtis-424242-uef,16,1,1,1,2
syrtis-424242-uef,17,1,1,1,5
syrtis-424242-uef,18,1,1,1,7
syrtis-424242-uef,19,1,1,1,10
syrtis-424242-uef,20,1,1,1,10
syrtis-424242-uef,21,1,1,1,10
syrtis-424242-uef,22,1,1,1,10
syrtis-424242-uef,23,1,1,1,10
syrtis-424242-uef,24,1,1,1,10
syrtis-424242-uef,25,1,1,1,9
syrtis-424242-uef,26,1,1,1,10
syrtis-424242-uef,27,1,1,1,10
syrtis-424242-uef,28,1,1,1,10
syrtis-424242-uef,29,1,1,1,10
syrtis-424242-uef,30,1,2,1,10
syrtis-424242-uef,31,1,2,1,6
syrtis-424242-uef,32,1,2,1,8
syrtis-424242-uef,33,1,2,1,9
syrtis-424242-uef,34,1,2,1,10
syrtis-424242-uef,35,1,2,1,10
syrtis-424242-uef,36,1,2,1,10
syrtis-424242-uef,37,1,2,1,10
syrtis-424242-uef,38,1,2,1,10
syrtis-424242-uef,39,1,2,1,10
syrtis-424242-uef,40,1,2,1,10
syrtis-424242-uef,41,1,2,1,9
syrtis-424242-uef,42,1,2,1,8
syrtis-424242-uef,43,1,2,1,8
syrtis-424242-uef,44,1,2,1,8
syrtis-424242-uef,45,1,2,1,7
syrtis-424242-uef,46,1,2,1,7
syrtis-424242-uef,47,1,2,1,7
syrtis-424242-uef,48,1,2,1,7
syrtis-424242-uef,49,1,2,1,6
syrtis-424242-uef,50,1,2,1,6
syrtis-424242-uef,51,1,2,1,7
syrtis-424242-uef,52,1,2,1,3
syrtis-424242-uef,53,1,2,1,3
syrtis-424242-uef,54,1,2,1,3
syrtis-424242-uef,55,1,2,1,4
syrtis-424242-uef,56,1,2,1,4
syrtis-424242-uef,57,1,2,1,6
syrtis-424242-uef,58,1,2,1,6
syrtis-424242-uef,59,1,2,1,4
syrtis-424242-uef,60,0,0,0,0
syrtis-424242-uef,61,0,0,0,0
syrtis-424242-uef,62,0,0,0,0
syrtis-424242-uef,63,0,0,0,0
syrtis-424242-uef,64,0,0,0,0
syrtis-424242-uef,65,0,0,0,0
syrtis-424242-uef,66,0,0,0,0
syrtis-424242-uef,67,0,0,0,0
syrtis-424242-uef,68,0,0,0,0
syrtis-424242-uef,69,0,0,0,0
syrtis-424242-uef,70,0,0,0,0
syrtis-424242-uef,71,0,0,0,0
syrtis-424242-uef,72,0,0,0,0
syrtis-424242-uef,73,0,0,0,0
syrtis-424242-uef,74,0,0,0,0
syrtis-8675309-aeon,1,0,0,0,0
syrtis-8675309-aeon,2,0,0,0,0
syrtis-8675309-aeon,3,0,0,0,0
syrtis-8675309-aeon,4,0,0,0,0
syrtis-8675309-aeon,5,0,0,0,0
syrtis-8675309-aeon,6,0,0,0,0
syrtis-8675309-aeon,7,0,0,0,0
syrtis-8675309-aeon,8,0,0,0,0
syrtis-8675309-aeon,9,0,0,0,0
syrtis-8675309-aeon,10,0,0,0,0
syrtis-8675309-aeon,11,0,0,0,0
syrtis-8675309-aeon,12,0,0,0,0
syrtis-8675309-aeon,13,0,0,0,0
syrtis-8675309-aeon,14,0,0,0,0
syrtis-8675309-aeon,15,0,0,0,0
syrtis-8675309-aeon,16,0,0,0,0
syrtis-8675309-aeon,17,0,0,0,0
syrtis-8675309-aeon,18,0,0,0,0
syrtis-8675309-aeon,19,0,0,0,0
syrtis-8675309-aeon,20,0,0,0,0
syrtis-8675309-aeon,21,0,0,0,0
syrtis-8675309-aeon,22,0,0,0,0
syrtis-8675309-aeon,23,0,0,0,0
syrtis-8675309-aeon,24,0,0,0,0
syrtis-8675309-aeon,25,0,0,0,0
syrtis-8675309-aeon,26,0,0,0,0
syrtis-8675309-aeon,27,0,0,0,0
syrtis-8675309-aeon,28,0,0,0,0
syrtis-8675309-aeon,29,0,0,0,0
syrtis-8675309-aeon,30,0,0,0,0
syrtis-8675309-aeon,31,0,0,0,0
syrtis-8675309-aeon,32,0,0,0,0
syrtis-8675309-aeon,33,0,0,0,0
syrtis-8675309-aeon,34,0,0,0,0
syrtis-8675309-aeon,35,0,0,0,0
syrtis-8675309-aeon,36,0,0,0,0
syrtis-8675309-aeon,37,0,0,0,0
syrtis-8675309-aeon,38,0,0,0,0
syrtis-8675309-aeon,39,0,0,0,0
syrtis-8675309-aeon,40,0,0,0,0
syrtis-8675309-aeon,41,0,0,0,0
syrtis-8675309-aeon,42,0,0,0,0
syrtis-8675309-aeon,43,0,0,0,0
syrtis-8675309-aeon,44,0,0,0,0
syrtis-8675309-aeon,45,0,0,0,0
syrtis-8675309-aeon,46,0,0,0,0
syrtis-8675309-aeon,47,0,0,0,0
syrtis-8675309-aeon,48,0,0,0,0
syrtis-8675309-aeon,49,0,0,0,0
syrtis-8675309-aeon,50,0,0,0,0
syrtis-8675309-sera,1,0,0,0,0
syrtis-8675309-sera,2,0,0,0,0
syrtis-8675309-sera,3,0,0,0,0
syrtis-8675309-sera,4,0,0,0,0
syrtis-8675309-sera,5,0,0,0,0
syrtis-8675309-sera,6,0,0,0,0
syrtis-8675309-sera,7,0,0,0,0
syrtis-8675309-sera,8,0,0,0,0
syrtis-8675309-sera,9,0,0,0,0
syrtis-8675309-sera,10,0,0,0,0
syrtis-8675309-sera,11,0,0,0,0
syrtis-8675309-sera,12,0,0,0,0
syrtis-8675309-sera,13,0,0,0,0
syrtis-8675309-sera,14,0,0,0,0
syrtis-8675309-sera,15,0,0,0,0
syrtis-8675309-sera,16,0,0,0,0
syrtis-8675309-sera,17,0,0,0,0
syrtis-8675309-sera,18,0,0,0,0
syrtis-8675309-sera,19,0,0,0,0
syrtis-8675309-sera,20,0,0,0,0
syrtis-8675309-sera,21,0,0,0,0
syrtis-8675309-sera,22,0,0,0,0
syrtis-8675309-sera,23,0,0,0,0
syrtis-8675309-sera,24,0,0,0,0
syrtis-8675309-sera,25,0,0,0,0
syrtis-8675309-sera,26,0,0,0,0
syrtis-8675309-sera,27,0,0,0,0
syrtis-8675309-sera,28,0,0,0,0
syrtis-8675309-uef,1,0,0,0,0
syrtis-8675309-uef,2,0,0,0,0
syrtis-8675309-uef,3,0,0,0,0
syrtis-8675309-uef,4,0,0,0,0
syrtis-8675309-uef,5,0,0,0,0
syrtis-8675309-uef,6,0,0,0,0
syrtis-8675309-uef,7,0,0,0,0
syrtis-8675309-uef,8,0,0,0,0
syrtis-8675309-uef,9,0,0,0,0
syrtis-8675309-uef,10,0,0,0,0
syrtis-8675309-uef,11,0,0,0,0
syrtis-8675309-uef,12,0,0,0,0
syrtis-8675309-uef,13,0,0,0,0
syrtis-8675309-uef,14,0,0,0,0
syrtis-8675309-uef,15,0,0,0,0
syrtis-8675309-uef,16,0,0,0,0
syrtis-8675309-uef,17,0,0,0,0
syrtis-8675309-uef,18,0,0,0,0
syrtis-8675309-uef,19,0,0,0,0
syrtis-8675309-uef,20,0,0,0,0
syrtis-8675309-uef,21,0,0,0,0
syrtis-8675309-uef,22,0,0,0,0
syrtis-8675309-uef,23,0,0,0,0
syrtis-8675309-uef,24,0,0,0,0
syrtis-8675309-uef,25,0,0,0,0
syrtis-8675309-uef,26,0,0,0,0
syrtis-8675309-uef,27,0,0,0,0
syrtis-8675309-uef,28,0,0,0,0
syrtis-8675309-uef,29,0,0,0,0
syrtis-8675309-uef,30,0,0,0,0
syrtis-8675309-uef,31,0,0,0,0
syrtis-8675309-uef,32,0,0,0,0
syrtis-8675309-uef,33,0,0,0,0
syrtis-8675309-uef,34,0,0,0,0
syrtis-8675309-uef,35,0,0,0,0
syrtis-8675309-uef,36,0,0,0,0
syrtis-8675309-uef,37,0,0,0,0
syrtis-8675309-uef,38,0,0,0,0
syrtis-8675309-uef,39,0,0,0,0
syrtis-8675309-uef,40,0,0,0,0
syrtis-8675309-uef,41,0,0,0,0
syrtis-8675309-uef,42,0,0,0,0
syrtis-8675309-uef,43,0,0,0,0
syrtis-8675309-uef,44,0,0,0,0
syrtis-8675309-uef,45,0,0,0,0
syrtis-8675309-uef,46,0,0,0,0
syrtis-8675309-uef,47,0,0,0,0
syrtis-8675309-uef,48,0,0,0,0
syrtis-8675309-uef,49,0,0,0,0
syrtis-8675309-uef,50,0,0,0,0
syrtis-8675309-uef,51,0,0,0,0
syrtis-8675309-uef,52,0,0,0,0
syrtis-8675309-uef,53,0,0,0,0
