cell,sample,idle,engineers,idle_retreating,idle_assisting,idle_buildhold,idle_unassigned,assist_active,assist_assigned,assist_released
isis-2071971-aeon,1,0,0,0,0,0,0,0,0,0
isis-2071971-aeon,2,1,3,0,1,0,0,1,5,2
isis-2071971-aeon,3,1,6,0,0,0,1,0,9,5
isis-2071971-aeon,4,2,12,0,1,0,1,1,13,8
isis-2071971-aeon,5,2,13,0,0,0,2,0,13,8
isis-2071971-aeon,6,0,13,0,0,0,0,0,13,8
isis-2071971-aeon,7,0,16,0,0,0,0,1,20,9
isis-2071971-aeon,8,2,20,0,0,0,2,0,22,10
isis-2071971-aeon,9,5,21,0,0,0,5,0,36,18
isis-2071971-aeon,10,3,25,0,1,0,2,2,54,27
isis-2071971-aeon,11,6,26,0,0,0,6,4,62,29
isis-2071971-aeon,12,8,25,0,0,0,8,0,76,38
isis-2071971-aeon,13,6,27,0,0,0,6,0,86,46
isis-2071971-aeon,14,0,28,0,0,0,0,0,89,47
isis-2071971-aeon,15,5,29,0,1,0,4,1,92,47
isis-2071971-aeon,16,7,29,2,0,0,5,0,106,55
isis-2071971-aeon,17,4,31,0,1,0,3,2,113,58
isis-2071971-aeon,18,6,34,1,1,0,4,3,126,64
isis-2071971-aeon,19,13,34,3,0,0,10,0,136,76
isis-2071971-aeon,20,15,31,2,0,0,13,0,148,85
isis-2071971-aeon,21,16,30,1,0,0,15,0,150,86
isis-2071971-aeon,22,12,31,0,1,0,11,3,173,95
isis-2071971-aeon,23,20,33,1,0,0,19,0,210,122
isis-2071971-aeon,24,10,26,0,0,0,10,5,236,138
isis-2071971-aeon,25,15,27,0,1,0,14,9,258,139
isis-2071971-aeon,26,5,30,1,0,0,4,4,307,144
isis-2071971-aeon,27,16,29,3,0,0,13,0,313,153
isis-2071971-aeon,28,18,32,3,0,0,15,0,313,153
isis-2071971-aeon,29,9,37,0,0,1,8,6,319,153
isis-2071971-aeon,30,7,37,0,0,0,7,0,330,160
isis-2071971-aeon,31,14,38,0,0,0,14,2,356,180
isis-2071971-aeon,32,14,38,0,0,0,14,0,369,191
isis-2071971-aeon,33,26,39,0,0,2,24,0,380,201
isis-2071971-aeon,34,26,40,0,0,1,25,2,382,201
isis-2071971-aeon,35,27,40,0,0,2,25,0,396,216
isis-2071971-aeon,36,27,40,1,0,2,24,0,414,224
isis-2071971-aeon,37,27,41,0,0,2,25,2,417,225
isis-2071971-aeon,38,14,40,0,1,0,13,3,428,232
isis-2071971-aeon,39,23,40,0,0,2,21,0,441,244
isis-2071971-aeon,40,19,40,0,0,1,18,0,444,245
isis-2071971-aeon,41,17,39,1,0,2,14,3,462,259
isis-2071971-aeon,42,22,43,1,0,2,19,4,495,285
isis-2071971-sera,1,0,0,0,0,0,0,0,0,0
isis-2071971-sera,2,1,3,0,1,0,0,1,5,2
isis-2071971-sera,3,0,5,0,0,0,0,0,9,5
isis-2071971-sera,4,2,11,0,0,0,2,0,13,7
isis-2071971-sera,5,0,12,0,0,0,0,0,13,7
isis-2071971-sera,6,0,14,0,0,0,0,0,13,7
isis-2071971-sera,7,2,16,0,0,0,2,0,13,7
isis-2071971-sera,8,1,20,0,0,0,1,0,13,7
isis-2071971-sera,9,0,25,0,0,0,0,0,15,8
isis-2071971-sera,10,5,28,0,0,0,5,0,18,8
isis-2071971-sera,11,0,31,0,0,0,0,0,18,8
isis-2071971-sera,12,4,32,0,0,0,4,0,19,9
isis-2071971-sera,13,12,35,2,2,0,8,2,32,11
isis-2071971-sera,14,9,28,0,0,0,9,2,41,17
isis-2071971-sera,15,4,23,1,0,0,3,1,50,17
isis-2071971-sera,16,7,23,1,0,0,6,1,53,19
isis-2071971-sera,17,5,20,3,0,0,2,2,65,23
isis-2071971-sera,18,7,22,1,0,0,6,2,78,25
isis-2071971-sera,19,10,20,2,0,0,8,1,86,29
isis-2071971-sera,20,7,27,1,0,0,6,0,92,33
isis-2071971-sera,21,18,34,3,0,0,15,5,109,41
isis-2071971-sera,22,17,28,2,3,0,12,4,120,50
isis-2071971-sera,23,14,28,2,0,0,12,4,135,60
isis-2071971-sera,24,16,29,2,0,0,14,0,136,65
isis-2071971-sera,25,19,32,1,2,0,16,7,161,79
isis-2071971-sera,26,19,33,1,3,0,15,4,191,89
isis-2071971-sera,27,20,34,0,0,0,20,0,197,98
isis-2071971-sera,28,20,35,0,0,0,20,0,220,113
isis-2071971-sera,29,8,35,0,0,0,8,0,220,113
isis-2071971-sera,30,9,36,1,0,0,8,2,226,117
isis-2071971-sera,31,14,41,0,0,0,14,0,228,117
isis-2071971-sera,32,18,45,0,0,0,18,3,234,117
isis-2071971-sera,33,29,42,1,0,0,28,0,248,125
isis-2071971-sera,34,36,45,1,0,0,35,0,252,128
isis-2071971-sera,35,29,47,0,0,0,29,0,261,136
isis-2071971-sera,36,25,45,0,0,0,25,0,264,139
isis-2071971-sera,37,17,44,0,0,0,17,0,273,141
isis-2071971-sera,38,34,48,0,0,0,34,0,282,147
isis-2071971-sera,39,32,49,0,0,0,32,0,294,158
isis-2071971-sera,40,34,49,1,0,0,33,0,304,168
isis-2071971-sera,41,34,50,1,0,0,33,0,304,168
isis-2071971-sera,42,27,44,1,0,0,26,1,310,173
isis-2071971-uef,1,0,0,0,0,0,0,0,0,0
isis-2071971-uef,2,1,3,0,1,0,0,1,5,2
isis-2071971-uef,3,1,6,0,0,0,1,0,9,5
isis-2071971-uef,4,2,12,0,0,0,2,0,13,9
isis-2071971-uef,5,0,14,0,0,0,0,0,13,9
isis-2071971-uef,6,1,14,0,0,0,1,0,13,9
isis-2071971-uef,7,3,16,0,1,0,2,1,14,9
isis-2071971-uef,8,1,19,0,0,0,1,0,20,16
isis-2071971-uef,9,1,20,0,0,0,1,0,20,16
isis-2071971-uef,10,2,25,0,0,0,2,0,31,18
isis-2071971-uef,11,5,28,0,1,0,4,1,40,20
isis-2071971-uef,12,2,28,0,0,0,2,1,53,28
isis-2071971-uef,13,5,28,1,0,0,4,0,55,29
isis-2071971-uef,14,5,28,1,1,0,3,3,76,33
isis-2071971-uef,15,10,31,7,1,0,2,2,94,39
isis-2071971-uef,16,15,34,7,0,0,8,2,114,46
isis-2071971-uef,17,13,36,7,0,0,6,5,144,73
isis-2071971-uef,18,13,37,6,2,0,5,5,169,95
isis-2071971-uef,19,24,32,4,0,0,20,0,203,129
isis-2071971-uef,20,9,32,4,0,0,5,13,251,163
isis-2071971-uef,21,8,32,4,1,0,3,7,283,188
isis-2071971-uef,22,15,33,4,0,0,11,0,318,225
isis-2071971-uef,23,14,34,7,1,0,6,2,355,244
isis-2071971-uef,24,17,35,6,0,0,11,7,397,279
isis-2071971-uef,25,26,34,6,0,0,20,0,409,279
isis-2071971-uef,26,18,31,4,0,0,14,0,415,282
isis-2071971-uef,27,21,30,3,0,0,18,0,418,282
isis-2071971-uef,28,22,29,2,0,0,20,0,424,285
isis-2071971-uef,29,20,28,2,0,0,18,0,443,303
isis-2071971-uef,30,20,28,2,0,0,18,0,443,303
isis-2071971-uef,31,17,28,2,0,0,15,0,443,303
isis-2071971-uef,32,13,28,1,0,0,12,0,446,305
isis-2071971-uef,33,16,30,2,0,0,14,0,446,305
isis-2071971-uef,34,11,29,0,0,0,11,0,448,307
isis-2071971-uef,35,8,31,0,0,0,8,0,449,308
isis-2071971-uef,36,15,33,0,0,0,15,0,452,310
isis-2071971-uef,37,19,33,0,1,0,18,2,461,313
isis-2071971-uef,38,12,35,1,1,0,10,2,470,319
isis-2071971-uef,39,13,38,1,0,0,12,0,485,332
isis-2071971-uef,40,18,40,2,0,0,16,0,489,336
isis-2071971-uef,41,29,41,2,0,0,27,0,489,336
isis-2071971-uef,42,25,44,0,0,0,25,0,493,339
isis-2071971-uef,43,21,42,0,0,0,21,0,496,341
isis-2071971-uef,44,18,43,0,0,0,18,0,513,351
isis-2071971-uef,45,18,46,0,0,0,18,0,520,358
isis-2071971-uef,46,20,46,0,2,0,18,9,541,366
isis-2071971-uef,47,26,46,0,0,0,26,0,557,379
isis-2071971-uef,48,21,39,0,0,0,21,1,563,383
isis-2071971-uef,49,25,45,0,0,0,25,0,563,383
isis-2071971-uef,50,24,43,0,0,0,24,0,564,383
isis-2071971-uef,51,8,36,0,0,0,8,0,565,384
isis-2071971-uef,52,15,46,0,0,0,15,0,568,386
isis-2071971-uef,53,10,43,0,0,0,10,0,571,386
isis-2071971-uef,54,15,43,0,0,0,15,4,582,390
isis-2071971-uef,55,25,45,1,1,0,23,1,604,399
isis-2071971-uef,56,19,28,0,0,0,19,0,624,412
isis-424242-aeon,1,0,0,0,0,0,0,0,0,0
isis-424242-aeon,2,1,3,0,1,0,0,1,5,2
isis-424242-aeon,3,1,6,0,0,0,1,0,9,5
isis-424242-aeon,4,2,12,0,1,0,1,1,13,7
isis-424242-aeon,5,1,14,0,0,0,1,0,15,9
isis-424242-aeon,6,0,14,0,0,0,0,0,15,9
isis-424242-aeon,7,1,16,0,1,0,0,2,19,11
isis-424242-aeon,8,2,18,0,0,0,2,0,22,13
isis-424242-aeon,9,1,17,1,0,0,0,0,23,14
isis-424242-aeon,10,1,16,0,0,0,1,0,25,14
isis-424242-aeon,11,2,21,0,0,0,2,0,26,14
isis-424242-aeon,12,3,28,0,0,0,3,1,36,19
isis-424242-aeon,13,16,29,2,0,1,13,0,45,25
isis-424242-aeon,14,7,29,1,0,0,6,0,48,26
isis-424242-aeon,15,12,31,0,0,0,12,0,53,27
isis-424242-aeon,16,17,34,0,0,0,17,0,63,33
isis-424242-aeon,17,5,37,0,0,1,4,7,115,55
isis-424242-aeon,18,6,37,1,0,1,4,6,162,73
isis-424242-aeon,19,4,36,1,0,1,2,9,198,82
isis-424242-aeon,20,14,36,1,0,1,12,0,232,118
isis-424242-aeon,21,24,37,2,0,1,21,0,264,142
isis-424242-aeon,22,21,36,0,0,1,20,1,303,172
isis-424242-aeon,23,18,36,0,0,0,18,1,314,175
isis-424242-aeon,24,25,41,2,0,0,23,0,320,182
isis-424242-aeon,25,23,41,0,0,0,23,4,338,190
isis-424242-aeon,26,25,41,0,0,0,25,0,364,209
isis-424242-aeon,27,13,43,0,1,0,12,1,401,242
isis-424242-aeon,28,20,36,0,0,0,20,0,404,244
isis-424242-aeon,29,19,39,0,0,0,19,0,406,246
isis-424242-aeon,30,23,36,1,0,0,22,0,411,251
isis-424242-aeon,31,23,37,1,0,0,22,0,421,259
isis-424242-aeon,32,21,37,2,0,0,19,0,421,259
isis-424242-aeon,33,18,37,3,0,1,14,5,431,260
isis-424242-aeon,34,16,39,3,0,1,12,1,439,267
isis-424242-aeon,35,23,41,3,0,2,18,1,445,273
isis-424242-aeon,36,23,40,2,1,1,19,4,469,290
isis-424242-aeon,37,24,39,1,0,1,22,1,503,321
isis-424242-aeon,38,26,39,3,0,2,21,0,515,327
isis-424242-aeon,39,14,42,4,0,1,9,0,520,329
isis-424242-aeon,40,15,45,4,4,0,7,8,550,345
isis-424242-aeon,41,24,45,4,0,1,19,0,565,368
isis-424242-aeon,42,32,45,4,0,2,26,0,581,381
isis-424242-aeon,43,23,46,4,0,2,17,2,609,404
isis-424242-aeon,44,25,46,4,0,2,19,0,620,417
isis-424242-aeon,45,26,46,4,0,1,21,0,634,431
isis-424242-aeon,46,26,41,4,0,1,21,0,635,432
isis-424242-aeon,47,18,37,4,0,1,13,5,654,444
isis-424242-sera,1,0,0,0,0,0,0,0,0,0
isis-424242-sera,2,1,3,0,1,0,0,1,5,2
isis-424242-sera,3,0,5,0,0,0,0,0,9,5
isis-424242-sera,4,2,12,0,0,0,2,0,13,8
isis-424242-sera,5,0,13,0,0,0,0,0,13,8
isis-424242-sera,6,0,13,0,0,0,0,0,13,8
isis-424242-sera,7,1,13,0,0,0,1,0,13,8
isis-424242-sera,8,2,19,0,1,0,1,1,22,13
isis-424242-sera,9,1,24,0,0,0,1,0,28,19
isis-424242-sera,10,0,25,0,0,0,0,0,29,19
isis-424242-sera,11,1,30,0,0,0,1,1,35,21
isis-424242-sera,12,3,33,0,0,0,3,0,43,23
isis-424242-sera,13,7,36,3,0,0,4,4,52,28
isis-424242-sera,14,13,36,3,0,0,10,0,60,37
isis-424242-sera,15,10,32,0,2,0,8,5,84,50
isis-424242-sera,16,19,29,0,0,0,19,0,112,69
isis-424242-sera,17,9,27,0,0,0,9,6,140,75
isis-424242-sera,18,19,31,0,0,0,19,0,143,80
isis-424242-sera,19,23,33,0,1,0,22,1,145,81
isis-424242-sera,20,16,36,0,0,0,16,7,173,94
isis-424242-sera,21,20,36,0,0,0,20,3,186,111
isis-424242-sera,22,14,38,0,0,0,14,2,206,124
isis-424242-sera,23,28,41,1,0,1,26,0,210,129
isis-424242-sera,24,22,44,2,0,1,19,4,228,139
isis-424242-sera,25,23,44,3,0,1,19,0,228,143
isis-424242-sera,26,18,34,5,0,0,13,0,228,143
isis-424242-sera,27,12,30,1,0,0,11,0,228,143
isis-424242-sera,28,18,33,1,0,0,17,0,228,143
isis-424242-uef,1,0,0,0,0,0,0,0,0,0
isis-424242-uef,2,1,3,0,1,0,0,1,5,2
isis-424242-uef,3,1,6,0,0,0,1,0,9,5
isis-424242-uef,4,3,13,0,1,0,2,1,14,8
isis-424242-uef,5,0,14,0,0,0,0,0,16,9
isis-424242-uef,6,1,14,0,0,0,1,0,16,9
isis-424242-uef,7,1,13,0,0,0,1,0,16,9
isis-424242-uef,8,3,18,0,0,0,3,0,16,9
isis-424242-uef,9,3,23,0,0,0,3,0,19,11
isis-424242-uef,10,3,24,0,2,0,1,2,22,12
isis-424242-uef,11,6,27,0,0,0,6,0,33,22
isis-424242-uef,12,12,28,1,1,0,10,5,49,33
isis-424242-uef,13,9,29,1,0,0,8,6,61,39
isis-424242-uef,14,9,31,3,0,0,6,0,85,64
isis-424242-uef,15,14,29,3,0,0,11,0,85,64
isis-424242-uef,16,3,29,3,0,0,0,1,86,64
isis-424242-uef,17,5,29,2,0,0,3,5,101,67
isis-424242-uef,18,16,29,1,0,0,15,0,109,71
isis-424242-uef,19,22,30,1,0,1,20,0,109,71
isis-424242-uef,20,15,30,2,0,0,13,0,129,84
isis-424242-uef,21,22,30,2,0,0,20,0,135,86
isis-424242-uef,22,20,30,2,0,0,18,0,147,95
isis-424242-uef,23,11,31,2,0,0,9,2,155,96
isis-424242-uef,24,15,31,2,0,0,13,7,173,98
isis-424242-uef,25,18,34,1,0,0,17,0,204,123
isis-424242-uef,26,15,41,1,0,0,14,3,222,137
isis-424242-uef,27,18,44,1,0,0,17,3,240,150
isis-424242-uef,28,21,44,0,0,0,21,0,271,183
isis-424242-uef,29,20,44,1,0,0,19,0,295,193
isis-424242-uef,30,22,44,1,0,0,21,0,299,196
isis-424242-uef,31,10,46,2,0,0,8,3,341,235
isis-424242-uef,32,12,46,1,0,1,10,8,350,239
isis-424242-uef,33,11,46,1,0,0,10,3,364,258
isis-424242-uef,34,17,44,2,0,0,15,1,380,273
isis-424242-uef,35,25,44,3,0,0,22,1,386,278
isis-424242-uef,36,22,44,3,0,0,19,0,393,286
isis-424242-uef,37,23,45,4,0,0,19,1,396,288
isis-424242-uef,38,34,45,2,0,0,32,0,409,298
isis-424242-uef,39,35,45,2,0,0,33,2,417,300
isis-424242-uef,40,18,45,0,0,0,18,0,438,317
isis-424242-uef,41,18,42,1,0,1,16,0,445,324
isis-424242-uef,42,20,43,2,1,1,16,3,460,333
isis-424242-uef,43,24,45,1,0,0,23,1,468,341
isis-424242-uef,44,31,45,1,0,0,30,0,468,342
isis-424242-uef,45,24,45,1,0,1,22,8,476,342
isis-424242-uef,46,31,39,0,0,1,30,0,476,350
isis-424242-uef,47,26,39,0,0,1,25,0,496,369
isis-424242-uef,48,32,40,0,0,1,31,0,511,379
isis-424242-uef,49,27,41,0,0,1,26,0,542,404
isis-424242-uef,50,27,43,0,0,1,26,7,559,411
isis-424242-uef,51,20,41,0,0,0,20,0,569,424
isis-424242-uef,52,23,40,0,4,0,19,4,590,432
isis-424242-uef,53,30,43,0,0,0,30,0,625,453
isis-424242-uef,54,26,45,0,0,0,26,6,653,464
isis-424242-uef,55,26,46,1,0,0,25,4,677,475
isis-424242-uef,56,20,47,1,0,0,19,2,684,482
isis-424242-uef,57,24,46,1,0,0,23,0,692,490
isis-424242-uef,58,23,46,1,0,0,22,5,707,499
isis-424242-uef,59,31,45,1,1,0,29,8,727,516
isis-424242-uef,60,30,43,1,4,0,25,4,758,545
isis-424242-uef,61,20,40,0,0,0,20,0,773,560
isis-424242-uef,62,22,40,0,0,0,22,4,779,560
isis-424242-uef,63,27,40,2,0,0,25,0,781,565
isis-424242-uef,64,23,36,0,0,0,23,1,794,577
isis-424242-uef,65,15,37,0,0,0,15,2,808,584
isis-424242-uef,66,16,37,0,0,0,16,0,816,593
isis-424242-uef,67,25,36,0,0,0,25,0,818,595
isis-424242-uef,68,26,36,0,0,0,26,0,818,595
isis-424242-uef,69,20,29,0,1,0,19,1,823,599
isis-424242-uef,70,21,29,0,1,0,20,1,836,607
isis-424242-uef,71,16,29,0,0,0,16,0,842,614
isis-424242-uef,72,15,31,0,0,0,15,0,848,618
isis-424242-uef,73,17,34,0,0,0,17,0,862,627
isis-424242-uef,74,21,35,0,1,0,20,2,878,638
isis-424242-uef,75,19,38,0,0,0,19,0,899,648
isis-424242-uef,76,20,38,1,0,0,19,0,904,653
isis-424242-uef,77,19,38,1,0,0,18,3,922,668
isis-424242-uef,78,26,36,4,0,0,22,0,942,691
isis-424242-uef,79,18,34,0,0,0,18,0,951,697
isis-424242-uef,80,17,35,1,0,0,16,0,960,706
isis-424242-uef,81,18,34,0,1,0,17,1,967,711
isis-424242-uef,82,17,26,0,0,0,17,0,971,716
isis-424242-uef,83,19,28,0,0,0,19,0,971,716
isis-424242-uef,84,17,26,0,0,0,17,1,972,716
isis-424242-uef,85,12,28,0,1,0,11,1,980,724
isis-424242-uef,86,8,28,0,0,0,8,1,988,730
isis-424242-uef,87,19,25,0,0,0,19,0,992,735
isis-424242-uef,88,22,24,0,0,0,22,0,998,739
isis-424242-uef,89,16,24,0,0,0,16,4,1005,739
isis-424242-uef,90,13,25,0,0,0,13,0,1010,748
isis-424242-uef,91,14,25,0,0,1,13,1,1014,750
isis-424242-uef,92,11,22,0,0,3,8,0,1017,752
isis-424242-uef,93,11,19,0,0,2,9,0,1017,752
isis-424242-uef,94,4,20,0,0,0,4,0,1017,752
isis-424242-uef,95,6,14,1,0,1,4,0,1017,752
isis-424242-uef,96,3,12,0,0,0,3,0,1017,752
isis-424242-uef,97,2,6,0,0,0,2,0,1017,752
isis-8675309-aeon,1,0,0,0,0,0,0,0,0,0
isis-8675309-aeon,2,1,3,0,1,0,0,1,5,2
isis-8675309-aeon,3,1,6,0,0,0,1,0,9,5
isis-8675309-aeon,4,2,12,0,1,0,1,1,14,7
isis-8675309-aeon,5,0,13,0,0,0,0,0,14,8
isis-8675309-aeon,6,0,13,0,0,0,0,0,14,8
isis-8675309-aeon,7,1,15,0,1,0,0,1,16,8
isis-8675309-aeon,8,2,20,0,0,0,2,0,18,9
isis-8675309-aeon,9,4,27,0,0,0,4,1,29,13
isis-8675309-aeon,10,2,31,0,0,0,2,0,44,21
isis-8675309-aeon,11,4,32,0,1,0,3,1,47,22
isis-8675309-aeon,12,5,32,0,0,0,5,0,57,30
isis-8675309-aeon,13,4,33,0,0,0,4,5,72,37
isis-8675309-aeon,14,13,32,0,0,1,12,0,91,55
isis-8675309-aeon,15,7,27,1,1,1,4,10,104,55
isis-8675309-aeon,16,8,27,0,1,1,6,3,129,79
isis-8675309-aeon,17,12,25,0,0,1,11,0,147,98
isis-8675309-aeon,18,12,24,0,0,1,11,0,147,98
isis-8675309-aeon,19,11,27,0,0,1,10,0,153,103
isis-8675309-aeon,20,16,31,2,0,1,13,0,172,122
isis-8675309-aeon,21,16,31,1,0,1,14,0,172,122
isis-8675309-aeon,22,19,33,1,0,1,17,0,178,128
isis-8675309-aeon,23,23,38,0,0,3,20,5,198,143
isis-8675309-aeon,24,26,39,0,0,1,25,0,203,153
isis-8675309-aeon,25,21,35,0,0,1,20,0,206,155
isis-8675309-aeon,26,16,33,0,0,1,15,0,206,155
isis-8675309-aeon,27,22,39,1,0,1,20,2,210,157
isis-8675309-aeon,28,21,43,2,1,1,17,1,227,172
isis-8675309-aeon,29,11,44,3,0,1,7,2,271,198
isis-8675309-aeon,30,8,44,2,0,0,6,2,275,200
isis-8675309-aeon,31,3,44,3,0,0,0,8,316,219
isis-8675309-aeon,32,19,45,3,0,2,14,3,334,238
isis-8675309-aeon,33,14,46,0,0,1,13,5,355,253
isis-8675309-aeon,34,13,46,0,2,0,11,13,413,302
isis-8675309-aeon,35,30,46,0,0,3,27,0,453,353
isis-8675309-aeon,36,13,46,0,2,0,11,7,478,365
isis-8675309-aeon,37,20,45,1,3,1,15,10,510,394
isis-8675309-aeon,38,29,42,4,0,3,22,1,539,430
isis-8675309-aeon,39,29,41,0,2,2,25,2,551,439
isis-8675309-aeon,40,16,45,0,1,1,14,10,585,465
isis-8675309-aeon,41,7,44,0,0,1,6,8,620,491
isis-8675309-aeon,42,14,44,0,0,1,13,0,627,506
isis-8675309-aeon,43,13,44,0,1,1,11,5,656,529
isis-8675309-aeon,44,14,45,0,1,1,12,5,688,561
isis-8675309-aeon,45,18,45,0,2,1,15,2,731,596
isis-8675309-aeon,46,20,42,1,0,2,17,1,761,625
isis-8675309-sera,1,0,0,0,0,0,0,0,0,0
isis-8675309-sera,2,1,3,0,1,0,0,1,5,2
isis-8675309-sera,3,0,5,0,0,0,0,0,9,5
isis-8675309-sera,4,1,12,0,0,0,1,1,16,9
isis-8675309-sera,5,1,14,0,0,0,1,0,17,10
isis-8675309-sera,6,1,16,0,0,0,1,0,18,11
isis-8675309-sera,7,1,17,1,0,0,0,0,18,11
isis-8675309-sera,8,4,21,0,1,0,3,1,22,14
isis-8675309-sera,9,1,22,0,0,0,1,1,27,17
isis-8675309-sera,10,3,25,0,0,0,3,1,37,24
isis-8675309-sera,11,2,29,0,0,0,2,0,40,28
isis-8675309-sera,12,3,32,0,0,1,2,0,40,28
isis-8675309-sera,13,7,40,0,1,1,5,3,53,31
isis-8675309-sera,14,7,37,0,0,1,6,0,68,36
isis-8675309-sera,15,7,35,1,1,0,5,4,84,44
isis-8675309-sera,16,9,40,1,0,0,8,6,111,56
isis-8675309-sera,17,26,41,1,0,0,25,0,167,114
isis-8675309-sera,18,18,42,3,0,0,15,0,205,149
isis-8675309-sera,19,12,44,3,0,0,9,1,216,154
isis-8675309-sera,20,14,44,2,0,0,12,2,223,158
isis-8675309-sera,21,24,48,4,0,1,19,0,235,167
isis-8675309-sera,22,31,47,6,0,1,24,0,236,168
isis-8675309-sera,23,28,46,5,0,1,22,0,244,176
isis-8675309-sera,24,30,46,7,0,0,23,0,263,184
isis-8675309-sera,25,21,43,6,0,0,15,0,264,184
isis-8675309-sera,26,24,48,7,0,0,17,0,277,191
isis-8675309-sera,27,23,43,1,0,1,21,2,285,194
isis-8675309-sera,28,18,46,0,1,0,17,4,309,204
isis-8675309-sera,29,18,44,0,0,0,18,0,315,211
isis-8675309-sera,30,23,45,0,0,1,22,7,339,220
isis-8675309-sera,31,21,45,0,0,1,20,5,351,233
isis-8675309-sera,32,31,46,0,0,1,30,0,359,240
isis-8675309-sera,33,24,46,0,0,1,23,5,384,247
isis-8675309-sera,34,28,47,0,0,1,27,0,398,266
isis-8675309-sera,35,33,47,2,0,0,31,2,408,274
isis-8675309-sera,36,29,47,2,0,0,27,1,420,283
isis-8675309-sera,37,31,47,3,0,0,28,0,423,285
isis-8675309-sera,38,28,47,3,0,0,25,0,423,285
isis-8675309-sera,39,25,47,3,0,0,22,0,428,289
isis-8675309-sera,40,19,47,2,0,0,17,0,446,301
isis-8675309-sera,41,22,48,3,0,0,19,0,460,315
isis-8675309-sera,42,31,48,4,0,0,27,0,478,333
isis-8675309-sera,43,26,45,2,0,0,24,0,478,333
isis-8675309-sera,44,11,44,3,0,0,8,1,491,339
isis-8675309-sera,45,24,40,2,1,0,21,5,507,348
isis-8675309-sera,46,16,30,1,0,0,15,0,513,352
isis-8675309-uef,1,0,0,0,0,0,0,0,0,0
isis-8675309-uef,2,1,3,0,1,0,0,1,5,2
isis-8675309-uef,3,1,6,0,0,0,1,0,9,5
isis-8675309-uef,4,1,12,0,0,0,1,0,14,9
isis-8675309-uef,5,0,14,0,0,0,0,0,14,9
isis-8675309-uef,6,0,14,0,0,0,0,0,14,9
isis-8675309-uef,7,3,16,0,2,0,1,2,17,10
isis-8675309-uef,8,1,15,0,0,0,1,0,21,14
isis-8675309-uef,9,0,17,0,0,0,0,0,22,14
isis-8675309-uef,10,1,16,0,0,0,1,0,22,14
isis-8675309-uef,11,4,18,0,0,0,4,0,26,16
isis-8675309-uef,12,10,27,0,1,0,9,4,46,22
isis-8675309-uef,13,3,29,0,0,0,3,0,56,34
isis-8675309-uef,14,4,30,2,0,0,2,0,57,34
isis-8675309-uef,15,6,31,1,0,0,5,0,61,35
isis-8675309-uef,16,7,33,0,0,0,7,3,94,41
isis-8675309-uef,17,10,30,0,1,0,9,11,135,56
isis-8675309-uef,18,8,29,0,0,0,8,6,159,77
isis-8675309-uef,19,19,31,0,0,0,19,0,160,79
isis-8675309-uef,20,20,29,0,0,0,20,0,197,95
isis-8675309-uef,21,6,28,0,0,0,6,7,238,126
isis-8675309-uef,22,15,29,0,0,0,15,0,243,128
isis-8675309-uef,23,3,28,0,0,0,3,0,246,129
isis-8675309-uef,24,18,31,2,0,0,16,2,261,138
isis-8675309-uef,25,11,32,0,0,0,11,2,286,148
isis-8675309-uef,26,16,36,1,3,0,12,8,320,157
isis-8675309-uef,27,18,42,2,0,0,16,0,341,168
isis-8675309-uef,28,11,44,2,0,0,9,5,346,168
isis-8675309-uef,29,20,43,0,0,1,19,2,370,181
isis-8675309-uef,30,19,44,1,0,0,18,0,374,187
isis-8675309-uef,31,30,44,1,0,1,28,0,376,189
isis-8675309-uef,32,30,44,1,0,1,28,0,376,189
isis-8675309-uef,33,27,43,1,0,3,23,0,376,189
isis-8675309-uef,34,22,46,3,0,2,17,0,376,189
isis-8675309-uef,35,22,44,1,0,4,17,0,376,189
isis-8675309-uef,36,26,44,1,0,2,23,0,376,189
isis-8675309-uef,37,8,45,1,0,1,6,0,376,189
isis-8675309-uef,38,15,42,1,0,1,13,0,389,194
isis-8675309-uef,39,5,39,1,1,1,2,1,396,195
isis-8675309-uef,40,6,36,0,0,1,5,0,396,196
isis-8675309-uef,41,14,31,1,0,0,13,0,396,196
isis-8675309-uef,42,18,29,1,0,0,17,0,396,196
isis-8675309-uef,43,22,31,0,0,0,22,0,399,199
isis-8675309-uef,44,15,32,0,2,0,13,7,425,214
isis-8675309-uef,45,21,31,0,0,0,21,0,432,223
isis-8675309-uef,46,18,35,0,0,0,18,6,457,236
isis-8675309-uef,47,16,41,0,1,0,15,12,513,269
isis-8675309-uef,48,29,45,0,0,0,29,0,539,295
isis-8675309-uef,49,24,48,2,1,0,21,4,571,317
syrtis-2071971-aeon,1,0,0,0,0,0,0,0,0,0
syrtis-2071971-aeon,2,1,3,0,1,0,0,1,5,2
syrtis-2071971-aeon,3,0,6,0,0,0,0,1,12,6
syrtis-2071971-aeon,4,1,12,0,0,0,1,0,14,8
syrtis-2071971-aeon,5,0,14,0,0,0,0,0,14,8
syrtis-2071971-aeon,6,0,14,0,0,0,0,0,15,9
syrtis-2071971-aeon,7,1,16,0,0,0,1,0,17,9
syrtis-2071971-aeon,8,4,18,0,1,0,3,1,19,10
syrtis-2071971-aeon,9,2,23,0,2,0,0,5,35,15
syrtis-2071971-aeon,10,1,26,0,0,0,1,3,72,28
syrtis-2071971-aeon,11,1,24,0,0,0,1,0,78,28
syrtis-2071971-aeon,12,10,24,0,0,0,10,0,90,34
syrtis-2071971-aeon,13,15,27,0,0,0,15,0,98,42
syrtis-2071971-aeon,14,11,29,0,1,0,10,1,115,50
syrtis-2071971-aeon,15,10,28,0,0,0,10,0,121,52
syrtis-2071971-aeon,16,1,28,0,0,0,1,0,122,53
syrtis-2071971-aeon,17,2,29,0,0,0,2,0,122,53
syrtis-2071971-aeon,18,3,29,0,0,0,3,0,124,54
syrtis-2071971-aeon,19,6,29,0,0,0,6,1,130,59
syrtis-2071971-aeon,20,8,28,0,0,0,8,0,134,61
syrtis-2071971-aeon,21,8,31,0,0,0,8,1,147,70
syrtis-2071971-aeon,22,4,32,0,0,0,4,0,154,75
syrtis-2071971-aeon,23,5,30,0,0,0,5,0,157,75
syrtis-2071971-aeon,24,10,30,1,0,0,9,0,165,75
syrtis-2071971-aeon,25,18,32,0,0,0,18,0,174,82
syrtis-2071971-aeon,26,26,39,0,0,0,26,0,174,82
syrtis-2071971-aeon,27,31,44,0,0,0,31,0,174,82
syrtis-2071971-aeon,28,23,47,1,0,0,22,0,177,84
syrtis-2071971-aeon,29,15,45,0,0,0,15,8,196,88
syrtis-2071971-aeon,30,23,44,0,2,0,21,8,252,128
syrtis-2071971-aeon,31,14,45,0,0,0,14,0,284,163
syrtis-2071971-aeon,32,30,45,0,0,0,30,0,284,163
syrtis-2071971-aeon,33,25,44,0,0,0,25,0,290,163
syrtis-2071971-aeon,34,12,45,0,0,0,12,10,327,186
syrtis-2071971-aeon,35,8,46,0,1,0,7,1,359,208
syrtis-2071971-aeon,36,10,46,0,1,0,9,7,383,217
syrtis-2071971-aeon,37,9,47,0,1,0,8,4,428,237
syrtis-2071971-aeon,38,9,46,0,0,0,9,7,451,252
syrtis-2071971-aeon,39,10,47,1,1,0,8,3,474,267
syrtis-2071971-aeon,40,20,47,1,0,0,19,0,478,268
syrtis-2071971-aeon,41,18,46,1,0,0,17,6,509,281
syrtis-2071971-aeon,42,13,46,1,0,0,12,5,537,292
syrtis-2071971-aeon,43,20,41,1,0,0,19,1,551,302
syrtis-2071971-aeon,44,14,45,0,0,0,14,0,558,306
syrtis-2071971-aeon,45,19,45,0,0,0,19,0,571,310
syrtis-2071971-aeon,46,16,45,0,0,0,16,0,582,314
syrtis-2071971-aeon,47,15,44,0,0,0,15,0,591,320
syrtis-2071971-aeon,48,6,43,0,0,0,6,7,602,321
syrtis-2071971-aeon,49,9,37,0,0,0,9,0,615,325
syrtis-2071971-aeon,50,9,33,0,0,0,9,3,630,331
syrtis-2071971-aeon,51,11,34,1,1,0,9,1,647,340
syrtis-2071971-aeon,52,6,28,1,0,0,5,0,649,342
syrtis-2071971-aeon,53,6,29,1,0,0,5,0,649,342
syrtis-2071971-sera,1,0,0,0,0,0,0,0,0,0
syrtis-2071971-sera,2,1,3,0,1,0,0,1,5,2
syrtis-2071971-sera,3,1,6,0,0,0,1,0,10,5
syrtis-2071971-sera,4,0,12,0,0,0,0,0,16,10
syrtis-2071971-sera,5,0,15,0,0,0,0,1,18,11
syrtis-2071971-sera,6,1,16,0,0,0,1,0,18,11
syrtis-2071971-sera,7,1,17,0,0,0,1,0,18,11
syrtis-2071971-sera,8,1,19,0,0,0,1,0,19,12
syrtis-2071971-sera,9,2,16,0,0,0,2,0,19,12
syrtis-2071971-sera,10,1,17,0,0,0,1,0,19,12
syrtis-2071971-sera,11,2,19,0,0,0,2,1,21,13
syrtis-2071971-sera,12,6,23,0,0,0,6,0,27,16
syrtis-2071971-sera,13,2,25,0,0,0,2,0,32,18
syrtis-2071971-sera,14,3,25,0,0,0,3,2,36,18
syrtis-2071971-sera,15,0,24,0,0,0,0,0,36,18
syrtis-2071971-sera,16,0,24,0,0,0,0,0,36,18
syrtis-2071971-sera,17,5,24,0,0,0,5,0,41,22
syrtis-2071971-sera,18,3,23,0,0,0,3,0,45,22
syrtis-2071971-sera,19,3,21,0,0,0,3,0,53,23
syrtis-2071971-sera,20,5,24,0,0,0,5,0,63,24
syrtis-2071971-sera,21,7,24,0,0,0,7,1,73,24
syrtis-2071971-sera,22,1,25,1,0,0,0,0,82,26
syrtis-2071971-sera,23,5,30,0,0,0,5,1,107,28
syrtis-2071971-sera,24,9,33,0,0,0,9,0,119,29
syrtis-2071971-sera,25,5,37,1,0,0,4,2,139,41
syrtis-2071971-sera,26,15,32,0,0,1,14,0,145,49
syrtis-2071971-sera,27,4,32,0,0,0,4,0,145,49
syrtis-2071971-sera,28,4,32,0,0,0,4,0,146,50
syrtis-2071971-sera,29,4,34,0,0,0,4,1,148,50
syrtis-2071971-sera,30,5,35,0,1,0,4,2,156,54
syrtis-2071971-sera,31,11,34,1,0,1,9,3,164,60
syrtis-2071971-sera,32,14,29,0,0,1,13,0,170,65
syrtis-2071971-sera,33,10,24,1,2,0,7,2,172,65
syrtis-2071971-sera,34,2,20,1,0,0,1,1,181,72
syrtis-2071971-sera,35,4,22,0,0,0,4,0,186,73
syrtis-2071971-sera,36,5,22,0,0,0,5,0,192,78
syrtis-2071971-sera,37,3,23,0,0,0,3,0,199,78
syrtis-2071971-sera,38,10,21,3,0,0,7,0,204,83
syrtis-2071971-sera,39,7,23,0,0,0,7,0,221,93
syrtis-2071971-sera,40,6,24,0,0,0,6,0,232,103
syrtis-2071971-sera,41,6,24,0,0,0,6,0,232,103
syrtis-2071971-sera,42,5,24,0,0,0,5,0,235,103
syrtis-2071971-sera,43,9,30,1,1,0,7,6,245,107
syrtis-2071971-sera,44,11,27,1,2,0,8,4,263,122
syrtis-2071971-sera,45,5,21,0,0,0,5,3,270,127
syrtis-2071971-sera,46,10,23,0,0,0,10,0,283,137
syrtis-2071971-uef,1,0,0,0,0,0,0,0,0,0
syrtis-2071971-uef,2,1,3,0,1,0,0,1,5,2
syrtis-2071971-uef,3,1,6,0,0,0,1,0,13,6
syrtis-2071971-uef,4,2,12,0,0,0,2,0,19,8
syrtis-2071971-uef,5,0,12,0,0,0,0,1,21,8
syrtis-2071971-uef,6,0,12,0,0,0,0,0,21,8
syrtis-2071971-uef,7,2,14,0,0,0,2,0,21,8
syrtis-2071971-uef,8,2,18,0,0,0,2,0,21,8
syrtis-2071971-uef,9,6,27,1,2,0,3,4,33,14
syrtis-2071971-uef,10,3,30,0,0,0,3,1,52,23
syrtis-2071971-uef,11,4,33,0,0,1,3,0,57,27
syrtis-2071971-uef,12,3,34,0,0,1,2,5,77,31
syrtis-2071971-uef,13,6,33,0,0,2,4,1,110,46
syrtis-2071971-uef,14,1,32,0,0,0,1,2,154,47
syrtis-2071971-uef,15,2,32,1,0,0,1,1,169,52
syrtis-2071971-uef,16,3,30,0,0,0,3,2,188,59
syrtis-2071971-uef,17,5,29,0,0,1,4,5,215,63
syrtis-2071971-uef,18,5,29,0,0,0,5,0,236,63
syrtis-2071971-uef,19,13,29,3,1,1,8,3,257,75
syrtis-2071971-uef,20,11,30,2,0,0,9,0,278,79
syrtis-2071971-uef,21,13,29,2,0,1,10,0,292,79
syrtis-2071971-uef,22,12,34,3,0,1,8,6,326,92
syrtis-2071971-uef,23,8,35,3,2,0,3,4,348,94
syrtis-2071971-uef,24,10,40,1,1,0,8,2,357,103
syrtis-2071971-uef,25,13,39,1,0,2,10,3,383,111
syrtis-2071971-uef,26,10,46,1,3,0,6,9,434,123
syrtis-2071971-uef,27,9,47,1,0,0,8,3,474,141
syrtis-2071971-uef,28,10,45,0,0,0,10,8,494,149
syrtis-2071971-uef,29,7,34,0,0,0,7,3,522,156
syrtis-2071971-uef,30,8,41,0,0,0,8,0,526,160
syrtis-2071971-uef,31,20,38,0,0,0,20,0,527,161
syrtis-424242-aeon,1,0,0,0,0,0,0,0,0,0
syrtis-424242-aeon,2,1,3,0,1,0,0,1,5,2
syrtis-424242-aeon,3,2,7,0,1,0,1,1,12,5
syrtis-424242-aeon,4,1,12,0,0,0,1,0,16,10
syrtis-424242-aeon,5,1,12,0,0,0,1,0,16,10
syrtis-424242-aeon,6,0,12,0,0,0,0,0,17,10
syrtis-424242-aeon,7,0,12,0,0,0,0,0,17,10
syrtis-424242-aeon,8,1,14,0,0,0,1,0,17,10
syrtis-424242-aeon,9,6,20,0,1,0,5,3,27,13
syrtis-424242-aeon,10,11,25,0,0,0,11,0,37,20
syrtis-424242-aeon,11,0,25,0,0,0,0,0,37,20
syrtis-424242-aeon,12,1,21,0,0,0,1,0,37,20
syrtis-424242-aeon,13,3,27,0,0,0,3,0,41,20
syrtis-424242-aeon,14,1,32,0,1,0,0,4,58,22
syrtis-424242-aeon,15,4,35,1,2,0,1,2,65,22
syrtis-424242-aeon,16,6,31,0,0,0,6,1,69,25
syrtis-424242-aeon,17,7,28,0,0,0,7,0,88,37
syrtis-424242-aeon,18,8,29,0,0,0,8,0,107,38
syrtis-424242-aeon,19,12,30,1,0,0,11,0,111,40
syrtis-424242-aeon,20,18,34,1,0,0,17,0,111,40
syrtis-424242-aeon,21,20,32,2,0,0,18,0,111,40
syrtis-424242-aeon,22,17,33,1,0,0,16,0,159,67
syrtis-424242-aeon,23,4,33,1,0,0,3,7,201,91
syrtis-424242-aeon,24,14,33,1,0,0,13,0,235,116
syrtis-424242-aeon,25,23,32,1,0,0,22,0,283,145
syrtis-424242-aeon,26,21,29,3,0,0,18,0,288,150
syrtis-424242-aeon,27,13,30,1,0,0,12,1,304,162
syrtis-424242-aeon,28,14,31,2,0,0,12,0,338,164
syrtis-424242-aeon,29,11,25,1,0,0,10,0,340,164
syrtis-424242-aeon,30,6,27,0,0,0,6,0,340,164
syrtis-424242-aeon,31,10,27,0,0,0,10,0,341,165
syrtis-424242-aeon,32,16,28,2,0,0,14,0,342,166
syrtis-424242-aeon,33,19,33,1,0,0,18,0,344,167
syrtis-424242-aeon,34,13,33,1,0,0,12,0,344,167
syrtis-424242-aeon,35,6,34,1,0,0,5,0,344,167
syrtis-424242-aeon,36,19,30,1,0,0,18,0,345,168
syrtis-424242-aeon,37,18,32,0,0,0,18,0,351,172
syrtis-424242-aeon,38,15,28,0,0,0,15,0,351,172
syrtis-424242-aeon,39,13,31,0,0,0,13,0,351,172
syrtis-424242-aeon,40,14,29,0,1,0,13,1,352,172
syrtis-424242-aeon,41,9,27,0,0,0,9,0,353,174
syrtis-424242-aeon,42,8,26,0,0,0,8,2,357,176
syrtis-424242-aeon,43,7,27,0,0,0,7,1,368,183
syrtis-424242-aeon,44,15,26,0,0,0,15,0,375,191
syrtis-424242-aeon,45,14,24,1,0,0,13,0,387,201
syrtis-424242-aeon,46,7,21,0,1,0,6,5,410,213
syrtis-424242-aeon,47,12,19,0,0,0,12,0,418,226
syrtis-424242-sera,1,0,0,0,0,0,0,0,0,0
syrtis-424242-sera,2,1,3,0,1,0,0,1,5,2
syrtis-424242-sera,3,0,6,0,0,0,0,0,12,6
syrtis-424242-sera,4,1,12,0,0,0,1,0,15,8
syrtis-424242-sera,5,0,12,0,0,0,0,0,15,8
syrtis-424242-sera,6,0,12,0,0,0,0,0,15,8
syrtis-424242-sera,7,0,11,0,0,0,0,0,15,8
syrtis-424242-sera,8,3,15,0,0,0,3,0,15,8
syrtis-424242-sera,9,5,17,0,1,0,4,1,23,12
syrtis-424242-sera,10,6,22,0,0,0,6,0,25,15
syrtis-424242-sera,11,2,20,0,0,0,2,0,25,15
syrtis-424242-sera,12,2,24,0,0,0,2,0,25,15
syrtis-424242-sera,13,2,23,1,0,0,1,0,25,15
syrtis-424242-sera,14,10,26,2,0,0,8,0,25,15
syrtis-424242-sera,15,5,29,1,0,0,4,0,25,15
syrtis-424242-sera,16,8,30,0,0,0,8,0,25,15
syrtis-424242-uef,1,0,0,0,0,0,0,0,0,0
syrtis-424242-uef,2,1,3,0,1,0,0,1,5,2
syrtis-424242-uef,3,1,6,0,0,0,1,0,10,6
syrtis-424242-uef,4,0,12,0,0,0,0,1,13,8
syrtis-424242-uef,5,0,14,0,0,0,0,0,13,8
syrtis-424242-uef,6,0,14,0,0,0,0,0,13,8
syrtis-424242-uef,7,2,16,0,0,0,2,0,13,8
syrtis-424242-uef,8,5,20,0,0,0,5,1,15,8
syrtis-424242-uef,9,7,23,0,1,0,6,4,25,15
syrtis-424242-uef,10,0,23,0,0,0,0,8,44,25
syrtis-424242-uef,11,1,25,0,0,0,1,0,67,25
syrtis-424242-uef,12,5,27,0,1,0,4,1,75,25
syrtis-424242-uef,13,2,27,0,1,0,1,3,95,28
syrtis-424242-uef,14,0,28,0,0,0,0,1,109,28
syrtis-424242-uef,15,1,28,0,1,0,0,2,133,36
syrtis-424242-uef,16,6,29,0,0,0,6,2,138,38
syrtis-424242-uef,17,2,29,0,0,0,2,5,153,41
syrtis-424242-uef,18,1,28,1,0,0,0,0,165,41
syrtis-424242-uef,19,2,28,1,0,0,1,1,180,41
syrtis-424242-uef,20,4,28,0,0,0,4,0,183,43
syrtis-424242-uef,21,17,28,0,0,0,17,2,188,43
syrtis-424242-uef,22,15,31,0,0,0,15,2,203,47
syrtis-424242-uef,23,13,33,0,0,0,13,1,213,52
syrtis-424242-uef,24,20,34,1,0,2,17,0,213,52
syrtis-424242-uef,25,18,34,1,0,1,16,2,227,56
syrtis-424242-uef,26,17,37,3,1,1,12,6,247,61
syrtis-424242-uef,27,4,37,2,0,1,1,2,262,67
syrtis-424242-uef,28,12,41,4,1,0,7,7,294,74
syrtis-424242-uef,29,11,42,4,1,1,5,9,329,96
syrtis-424242-uef,30,4,43,1,0,1,2,0,355,101
syrtis-424242-uef,31,17,47,1,0,4,12,2,369,103
syrtis-424242-uef,32,12,45,0,0,2,10,6,400,114
syrtis-424242-uef,33,18,45,0,0,5,13,0,400,120
syrtis-424242-uef,34,22,45,0,0,2,20,1,408,121
syrtis-424242-uef,35,14,45,0,0,1,13,0,408,121
syrtis-424242-uef,36,17,45,1,0,2,14,4,412,121
syrtis-424242-uef,37,8,46,0,2,2,4,8,420,121
syrtis-424242-uef,38,15,45,0,0,2,13,0,420,129
syrtis-424242-uef,39,17,44,0,0,0,17,0,427,136
syrtis-424242-uef,40,11,44,0,0,2,9,0,429,136
syrtis-424242-uef,41,8,46,0,0,3,5,0,437,137
syrtis-424242-uef,42,9,46,1,0,2,6,0,439,137
syrtis-8675309-aeon,1,0,0,0,0,0,0,0,0,0
syrtis-8675309-aeon,2,1,3,0,1,0,0,1,5,2
syrtis-8675309-aeon,3,0,6,0,0,0,0,1,12,6
syrtis-8675309-aeon,4,2,14,0,1,0,1,1,17,8
syrtis-8675309-aeon,5,0,16,0,0,0,0,0,18,10
syrtis-8675309-aeon,6,0,16,0,0,0,0,0,19,10
syrtis-8675309-aeon,7,0,18,0,0,0,0,0,22,10
syrtis-8675309-aeon,8,3,19,0,0,0,3,0,22,10
syrtis-8675309-aeon,9,8,28,0,0,0,8,2,45,14
syrtis-8675309-aeon,10,1,26,0,0,0,1,0,55,20
syrtis-8675309-aeon,11,2,26,0,0,0,2,2,61,24
syrtis-8675309-aeon,12,1,27,0,0,0,1,3,77,29
syrtis-8675309-aeon,13,1,26,1,0,0,0,7,102,29
syrtis-8675309-aeon,14,2,25,2,0,0,0,0,106,36
syrtis-8675309-aeon,15,3,27,2,0,0,1,2,112,39
syrtis-8675309-aeon,16,3,26,3,0,0,0,0,123,41
syrtis-8675309-aeon,17,2,24,1,0,0,1,2,139,43
syrtis-8675309-aeon,18,0,22,0,0,0,0,1,158,46
syrtis-8675309-aeon,19,1,22,1,0,0,0,7,177,50
syrtis-8675309-aeon,20,5,21,0,0,2,3,3,191,57
syrtis-8675309-aeon,21,0,21,0,0,0,0,0,205,61
syrtis-8675309-aeon,22,2,21,1,0,0,1,3,211,62
syrtis-8675309-aeon,23,5,25,2,2,1,0,6,239,71
syrtis-8675309-aeon,24,2,25,0,0,1,1,0,251,74
syrtis-8675309-aeon,25,4,27,3,0,0,1,0,251,74
syrtis-8675309-aeon,26,10,28,3,0,0,7,2,254,74
syrtis-8675309-aeon,27,2,30,2,0,0,0,6,267,78
syrtis-8675309-aeon,28,4,29,2,0,0,2,0,275,80
syrtis-8675309-aeon,29,5,30,0,2,0,3,2,298,80
syrtis-8675309-aeon,30,4,31,0,0,0,4,3,314,80
syrtis-8675309-aeon,31,4,31,0,0,0,4,6,329,80
syrtis-8675309-aeon,32,4,31,2,0,0,2,1,338,83
syrtis-8675309-aeon,33,7,32,2,0,1,4,0,339,83
syrtis-8675309-aeon,34,4,31,2,0,0,2,1,345,84
syrtis-8675309-aeon,35,0,30,0,0,0,0,1,351,86
syrtis-8675309-aeon,36,5,31,0,0,1,4,0,358,93
syrtis-8675309-aeon,37,5,31,0,1,0,4,8,381,100
syrtis-8675309-aeon,38,3,33,0,0,0,3,0,381,100
syrtis-8675309-aeon,39,4,34,0,0,1,3,0,390,106
syrtis-8675309-aeon,40,4,35,0,1,1,2,1,402,111
syrtis-8675309-aeon,41,7,35,0,1,1,5,7,420,116
syrtis-8675309-aeon,42,7,35,0,0,1,6,1,427,123
syrtis-8675309-aeon,43,12,36,3,1,1,7,6,451,133
syrtis-8675309-aeon,44,11,36,2,1,2,6,5,487,148
syrtis-8675309-aeon,45,7,37,1,0,1,5,7,508,155
syrtis-8675309-aeon,46,9,37,2,0,2,5,4,533,174
syrtis-8675309-aeon,47,6,37,2,0,1,3,10,561,184
syrtis-8675309-aeon,48,19,38,2,1,2,14,4,598,202
syrtis-8675309-aeon,49,8,38,2,1,1,4,4,644,206
syrtis-8675309-aeon,50,4,39,2,1,1,0,1,656,209
syrtis-8675309-sera,1,0,0,0,0,0,0,0,0,0
syrtis-8675309-sera,2,1,3,0,1,0,0,1,5,2
syrtis-8675309-sera,3,1,6,0,0,0,1,0,10,5
syrtis-8675309-sera,4,0,12,0,0,0,0,0,14,8
syrtis-8675309-sera,5,0,12,0,0,0,0,0,14,8
syrtis-8675309-sera,6,0,12,0,0,0,0,0,14,8
syrtis-8675309-sera,7,2,15,0,1,0,1,1,18,9
syrtis-8675309-sera,8,2,19,0,0,0,2,0,21,11
syrtis-8675309-sera,9,0,19,0,0,0,0,0,21,11
syrtis-8675309-sera,10,0,21,0,0,0,0,0,26,16
syrtis-8675309-sera,11,1,24,0,0,0,1,1,34,18
syrtis-8675309-sera,12,4,27,0,0,0,4,0,38,20
syrtis-8675309-sera,13,4,27,0,0,0,4,1,46,23
syrtis-8675309-sera,14,3,28,0,0,0,3,1,52,26
syrtis-8675309-sera,15,2,28,0,0,0,2,5,61,29
syrtis-8675309-sera,16,6,27,1,0,0,5,3,72,32
syrtis-8675309-sera,17,6,29,2,0,0,4,4,104,39
syrtis-8675309-sera,18,6,30,0,0,0,6,0,109,47
syrtis-8675309-sera,19,2,32,0,1,0,1,5,127,55
syrtis-8675309-sera,20,1,29,0,0,0,1,0,135,61
syrtis-8675309-sera,21,10,25,0,0,0,10,0,148,66
syrtis-8675309-sera,22,11,29,0,1,0,10,2,163,69
syrtis-8675309-sera,23,25,30,0,0,0,25,0,187,93
syrtis-8675309-sera,24,10,29,0,0,0,10,7,263,122
syrtis-8675309-sera,25,9,28,0,0,0,9,8,331,130
syrtis-8675309-sera,26,5,29,0,0,0,5,1,358,146
syrtis-8675309-sera,27,4,31,0,1,0,3,2,373,151
syrtis-8675309-sera,28,10,31,0,0,0,10,7,401,170
syrtis-8675309-sera,29,7,25,0,0,0,7,0,424,192
syrtis-8675309-sera,30,12,25,0,0,0,12,0,431,194
syrtis-8675309-sera,31,16,28,0,1,0,15,2,440,195
syrtis-8675309-sera,32,12,28,1,0,0,11,0,446,201
syrtis-8675309-sera,33,8,27,0,0,0,8,0,454,205
syrtis-8675309-sera,34,11,28,0,0,0,11,0,460,208
syrtis-8675309-sera,35,7,27,0,0,0,7,3,477,215
syrtis-8675309-sera,36,9,26,1,0,0,8,3,497,231
syrtis-8675309-sera,37,14,25,2,0,0,12,0,519,253
syrtis-8675309-sera,38,5,26,1,1,0,3,2,539,264
syrtis-8675309-sera,39,9,29,1,0,0,8,0,562,278
syrtis-8675309-sera,40,11,29,1,0,0,10,0,572,282
syrtis-8675309-sera,41,14,29,0,0,0,14,0,584,291
syrtis-8675309-sera,42,18,29,0,0,0,18,0,597,293
syrtis-8675309-sera,43,18,32,1,1,0,16,2,616,295
syrtis-8675309-sera,44,14,31,2,1,0,11,2,631,299
syrtis-8675309-sera,45,15,28,1,0,0,14,2,641,300
syrtis-8675309-sera,46,19,29,1,0,0,18,0,641,300
syrtis-8675309-sera,47,15,33,1,0,0,14,7,648,300
syrtis-8675309-sera,48,11,33,2,1,0,8,5,672,311
syrtis-8675309-sera,49,10,30,1,0,0,9,0,690,324
syrtis-8675309-sera,50,7,30,3,0,0,4,8,708,334
syrtis-8675309-uef,1,0,0,0,0,0,0,0,0,0
syrtis-8675309-uef,2,1,3,0,1,0,0,1,5,2
syrtis-8675309-uef,3,0,6,0,0,0,0,0,10,6
syrtis-8675309-uef,4,1,13,0,0,0,1,0,15,10
syrtis-8675309-uef,5,0,13,0,0,0,0,0,15,10
syrtis-8675309-uef,6,0,13,0,0,0,0,0,15,10
syrtis-8675309-uef,7,0,15,0,0,0,0,0,15,10
syrtis-8675309-uef,8,1,19,0,0,0,1,0,15,10
syrtis-8675309-uef,9,5,21,0,0,0,5,0,17,10
syrtis-8675309-uef,10,4,24,0,0,0,4,1,24,13
syrtis-8675309-uef,11,0,27,0,0,0,0,2,28,14
syrtis-8675309-uef,12,2,32,1,0,0,1,6,59,16
syrtis-8675309-uef,13,9,36,1,0,0,8,1,90,19
syrtis-8675309-uef,14,4,38,2,0,0,2,7,134,22
syrtis-8675309-uef,15,7,38,2,2,0,3,4,158,29
syrtis-8675309-uef,16,5,37,2,0,0,3,5,168,32
syrtis-8675309-uef,17,4,36,2,0,1,1,4,184,35
syrtis-8675309-uef,18,7,36,0,0,0,7,1,209,36
syrtis-8675309-uef,19,9,36,2,1,0,6,8,242,56
syrtis-8675309-uef,20,7,33,1,0,0,6,3,280,79
syrtis-8675309-uef,21,1,29,0,0,0,1,0,322,85
syrtis-8675309-uef,22,3,29,0,0,1,2,8,344,89
syrtis-8675309-uef,23,5,31,0,0,1,4,0,378,94
syrtis-8675309-uef,24,17,34,1,0,2,14,0,391,96
syrtis-8675309-uef,25,5,35,0,0,1,4,14,444,96
syrtis-8675309-uef,26,14,36,0,1,1,12,9,484,110
syrtis-8675309-uef,27,19,38,0,1,3,15,5,507,122
syrtis-8675309-uef,28,26,42,0,0,4,22,0,510,130
syrtis-8675309-uef,29,18,45,0,0,4,14,0,523,130
syrtis-8675309-uef,30,18,45,0,0,1,17,0,523,130
syrtis-8675309-uef,31,6,45,0,0,1,5,7,553,132
syrtis-8675309-uef,32,12,44,0,0,2,10,4,581,143
syrtis-8675309-uef,33,17,42,0,0,0,17,8,641,177
syrtis-8675309-uef,34,18,38,0,0,0,18,1,662,199
syrtis-8675309-uef,35,23,41,1,1,3,18,5,687,215
syrtis-8675309-uef,36,18,40,0,0,2,16,0,702,228
syrtis-8675309-uef,37,17,39,0,0,2,15,0,707,230
syrtis-8675309-uef,38,8,45,0,2,1,5,6,730,235
syrtis-8675309-uef,39,11,45,0,0,1,10,9,764,264
syrtis-8675309-uef,40,18,41,0,0,4,14,0,787,291
syrtis-8675309-uef,41,13,41,1,0,0,12,10,811,300
syrtis-8675309-uef,42,18,40,1,0,0,17,5,831,317
syrtis-8675309-uef,43,16,38,1,0,0,15,0,846,328
