matrix,cell,samples,mass_points,peak_claim,final_claim,def_held,def_covering,def_nearest,mex_lost,mex_lost_defended,bases,mex_inside,mex_outside,place_attempts,place_gated,place_open,ref_unsafe,ref_recent,ref_leash,sites_death,sites_withdrawn,sites_live
engsurv,isis-2071971-aeon,41,44,23,20,0,0,0,0,0,0,0,0,0,0,0,2023,3689,0,54,50,11
engsurv,isis-2071971-sera,44,44,22,15,0,0,0,0,0,0,0,0,0,0,0,6690,4397,0,122,69,3
engsurv,isis-2071971-uef,95,44,23,11,0,0,0,0,0,0,0,0,0,0,0,5504,6341,0,248,151,35
engsurv,isis-424242-aeon,56,44,22,18,0,0,0,0,0,0,0,0,0,0,0,2068,2983,0,92,86,11
engsurv,isis-424242-sera,39,44,23,17,0,0,0,0,0,0,0,0,0,0,0,7316,2905,0,84,91,53
engsurv,isis-424242-uef,57,44,21,20,0,0,0,0,0,0,0,0,0,0,0,7910,7311,0,135,133,7
engsurv,isis-8675309-aeon,43,44,22,14,0,0,0,0,0,0,0,0,0,0,0,2295,3597,0,72,69,21
engsurv,isis-8675309-sera,50,44,21,15,0,0,0,0,0,0,0,0,0,0,0,10160,5316,0,103,94,15
engsurv,isis-8675309-uef,59,44,21,15,0,0,0,0,0,0,0,0,0,0,0,6503,4029,0,132,104,27
engsurv,syrtis-2071971-aeon,54,48,27,5,0,0,0,0,0,0,0,0,0,0,0,5765,9546,0,107,56,25
engsurv,syrtis-2071971-sera,46,48,31,28,0,0,0,0,0,0,0,0,0,0,0,1801,2192,0,29,45,15
engsurv,syrtis-2071971-uef,71,48,23,5,0,0,0,0,0,0,0,0,0,0,0,5976,7483,0,195,92,23
engsurv,syrtis-424242-aeon,47,48,27,18,0,0,0,0,0,0,0,0,0,0,0,1452,3829,0,75,59,12
engsurv,syrtis-424242-sera,34,48,23,5,0,0,0,0,0,0,0,0,0,0,0,2267,1401,0,76,33,30
engsurv,syrtis-424242-uef,74,48,26,7,0,0,0,0,0,0,0,0,0,0,0,9249,13468,0,152,161,34
engsurv,syrtis-8675309-aeon,50,48,25,10,0,0,0,0,0,0,0,0,0,0,0,1890,4649,0,83,73,2
engsurv,syrtis-8675309-sera,28,48,24,18,0,0,0,0,0,0,0,0,0,0,0,2910,1796,0,45,44,22
engsurv,syrtis-8675309-uef,53,48,28,16,0,0,0,0,0,0,0,0,0,0,0,3586,6042,0,75,72,14
lever1,isis-2071971-aeon,39,44,23,21,0,0,0,0,0,0,0,0,0,0,0,5377,2166,0,59,44,7
lever1,isis-2071971-sera,45,44,22,16,0,0,0,0,0,0,0,0,0,0,0,2626,3155,0,132,93,17
lever1,isis-2071971-uef,69,44,23,12,0,0,0,0,0,0,0,0,0,0,0,20679,3681,0,155,138,29
lever1,isis-424242-aeon,38,44,22,15,0,0,0,0,0,0,0,0,0,0,0,2807,1949,0,47,53,8
lever1,isis-424242-sera,38,44,23,16,0,0,0,0,0,0,0,0,0,0,0,7728,2851,0,85,82,25
lever1,isis-424242-uef,130,44,21,18,0,0,0,0,0,0,0,0,0,0,0,16013,11522,0,397,310,15
lever1,isis-8675309-aeon,38,44,22,16,0,0,0,0,0,0,0,0,0,0,0,2462,2302,0,44,51,2
lever1,isis-8675309-sera,49,44,21,16,0,0,0,0,0,0,0,0,0,0,0,8540,4855,0,127,98,9
lever1,isis-8675309-uef,67,44,21,10,0,0,0,0,0,0,0,0,0,0,0,16504,9565,0,196,152,38
lever1,syrtis-2071971-aeon,42,48,22,12,0,0,0,0,0,0,0,0,0,0,0,7724,1893,0,55,39,6
lever1,syrtis-2071971-sera,35,48,30,30,0,0,0,0,0,0,0,0,0,0,0,1026,1396,0,26,29,5
lever1,syrtis-2071971-uef,45,48,23,11,0,0,0,0,0,0,0,0,0,0,0,7795,1913,0,70,67,4
lever1,syrtis-424242-aeon,41,48,26,10,0,0,0,0,0,0,0,0,0,0,0,1632,1175,0,105,77,18
lever1,syrtis-424242-sera,35,48,23,3,0,0,0,0,0,0,0,0,0,0,0,2786,714,0,81,35,22
lever1,syrtis-424242-uef,53,48,24,23,0,0,0,0,0,0,0,0,0,0,0,3932,2188,0,61,108,0
lever1,syrtis-8675309-aeon,38,48,25,9,0,0,0,0,0,0,0,0,0,0,0,2213,2244,0,69,54,0
lever1,syrtis-8675309-sera,43,48,24,9,0,0,0,0,0,0,0,0,0,0,0,6194,3231,0,86,83,16
lever1,syrtis-8675309-uef,28,48,28,17,0,0,0,0,0,0,0,0,0,0,0,1013,2397,0,48,40,7
guardoff,isis-2071971-aeon,42,44,22,16,0,0,0,0,0,0,0,0,0,0,0,230,79,0,164,168,19
guardoff,isis-2071971-sera,23,44,22,10,0,0,0,0,0,0,0,0,0,0,0,16,25,0,107,79,57
guardoff,isis-2071971-uef,73,44,22,16,0,0,0,0,0,0,0,0,0,0,0,818,169,0,234,333,37
guardoff,isis-424242-aeon,38,44,22,15,0,0,0,0,0,0,0,0,0,0,0,160,74,0,86,100,29
guardoff,isis-424242-sera,40,44,23,17,0,0,0,0,0,0,0,0,0,0,0,126,52,0,123,165,17
guardoff,isis-424242-uef,41,44,22,18,0,0,0,0,0,0,0,0,0,0,0,120,57,0,127,208,31
guardoff,isis-8675309-aeon,39,44,22,17,0,0,0,0,0,0,0,0,0,0,0,287,237,0,107,209,18
guardoff,isis-8675309-sera,47,44,22,16,0,0,0,0,0,0,0,0,0,0,0,32,69,0,129,140,16
guardoff,isis-8675309-uef,54,44,22,16,0,0,0,0,0,0,0,0,0,0,0,221,88,0,157,153,44
guardoff,syrtis-2071971-aeon,43,48,23,17,0,0,0,0,0,0,0,0,0,0,0,485,74,0,122,74,37
guardoff,syrtis-2071971-sera,30,48,21,10,0,0,0,0,0,0,0,0,0,0,0,40,76,0,126,98,57
guardoff,syrtis-2071971-uef,37,48,24,12,0,0,0,0,0,0,0,0,0,0,0,177,53,0,54,109,20
guardoff,syrtis-424242-aeon,42,48,28,16,0,0,0,0,0,0,0,0,0,0,0,412,154,0,156,166,15
guardoff,syrtis-424242-sera,36,48,22,2,0,0,0,0,0,0,0,0,0,0,0,63,100,0,122,68,21
guardoff,syrtis-424242-uef,38,48,33,33,0,0,0,0,0,0,0,0,0,0,0,44,76,0,41,114,5
guardoff,syrtis-8675309-aeon,49,48,21,16,0,0,0,0,0,0,0,0,0,0,0,159,101,0,126,119,22
guardoff,syrtis-8675309-sera,39,48,24,23,0,0,0,0,0,0,0,0,0,0,0,513,69,0,83,114,0
guardoff,syrtis-8675309-uef,49,48,29,12,0,0,0,0,0,0,0,0,0,0,0,167,309,0,187,179,18
mexplace,isis-2071971-aeon,41,44,23,20,0,0,0,0,0,0,0,0,5904,5904,5904,2023,3689,0,54,50,11
mexplace,isis-2071971-sera,44,44,22,15,0,0,0,0,0,0,0,0,11093,11093,11093,6690,4397,0,122,69,3
mexplace,isis-2071971-uef,95,44,23,11,0,0,0,0,0,0,0,0,11744,11744,11744,5504,6341,0,248,151,35
mexplace,isis-424242-aeon,56,44,22,18,0,0,0,0,0,0,0,0,4789,4789,4789,2068,2983,0,92,86,11
mexplace,isis-424242-sera,39,44,23,17,0,0,0,0,0,0,0,0,10147,10147,10147,7316,2905,0,84,91,53
mexplace,isis-424242-uef,57,44,21,20,0,0,0,0,0,0,0,0,15210,15210,15210,7910,7311,0,135,133,7
mexplace,isis-8675309-aeon,43,44,22,14,0,0,0,0,0,0,0,0,5734,5734,5734,2295,3597,0,72,69,21
mexplace,isis-8675309-sera,50,44,21,15,0,0,0,0,0,0,0,0,15244,15244,15244,10160,5316,0,103,94,15
mexplace,isis-8675309-uef,59,44,21,15,0,0,0,0,0,0,0,0,10232,10232,10232,6503,4029,0,132,104,27
mexplace,syrtis-2071971-aeon,54,48,27,5,0,0,0,0,0,0,0,0,14754,14754,14754,5765,9546,0,107,56,25
mexplace,syrtis-2071971-sera,46,48,31,28,0,0,0,0,0,0,0,0,4081,4081,4081,1801,2192,0,29,45,15
mexplace,syrtis-2071971-uef,71,48,23,5,0,0,0,0,0,0,0,0,12509,12509,12509,5976,7483,0,195,92,23
mexplace,syrtis-424242-aeon,47,48,27,18,0,0,0,0,0,0,0,0,5052,5052,5052,1452,3829,0,75,59,12
mexplace,syrtis-424242-sera,34,48,23,5,0,0,0,0,0,0,0,0,3677,3677,3677,2267,1401,0,76,33,30
mexplace,syrtis-424242-uef,74,48,26,7,0,0,0,0,0,0,0,0,22935,22935,22935,9249,13468,0,152,161,34
mexplace,syrtis-8675309-aeon,50,48,25,10,0,0,0,0,0,0,0,0,5820,5820,5820,1890,4649,0,83,73,2
mexplace,syrtis-8675309-sera,28,48,24,18,0,0,0,0,0,0,0,0,4783,4783,4783,2910,1796,0,45,44,22
mexplace,syrtis-8675309-uef,53,48,28,16,0,0,0,0,0,0,0,0,7994,7994,7994,3586,6042,0,75,72,14
defcover,isis-2071971-aeon,41,44,23,20,52,18,8,17,1,3,16,4,5904,5904,5904,2023,3689,0,54,50,11
defcover,isis-2071971-sera,44,44,22,15,25,16,14,28,12,2,17,0,11093,11093,11093,6690,4397,0,122,69,3
defcover,isis-2071971-uef,95,44,23,11,16,5,35,56,36,3,12,0,11744,11744,11744,5504,6341,0,248,151,35
defcover,isis-424242-aeon,56,44,22,18,43,21,4,26,3,3,16,2,4789,4789,4789,2068,2983,0,92,86,11
defcover,isis-424242-sera,39,44,23,17,30,10,20,23,2,3,16,4,10147,10147,10147,7316,2905,0,84,91,53
defcover,isis-424242-uef,57,44,21,20,45,13,5,26,7,3,16,5,15210,15210,15210,7910,7311,0,135,133,7
defcover,isis-8675309-aeon,43,44,22,14,29,9,1,23,8,3,15,0,5734,5734,5734,2295,3597,0,72,69,21
defcover,isis-8675309-sera,50,44,21,15,35,5,1,22,7,2,15,0,15244,15244,15244,10160,5316,0,103,94,15
defcover,isis-8675309-uef,59,44,21,15,57,0,0,16,4,4,15,0,10232,10232,10232,6503,4029,0,132,104,27
defcover,syrtis-2071971-aeon,54,48,27,5,9,0,88,66,16,2,5,1,14754,14754,14754,5765,9546,0,107,56,25
defcover,syrtis-2071971-sera,46,48,31,28,32,0,260,31,2,3,10,20,4081,4081,4081,1801,2192,0,29,45,15
defcover,syrtis-2071971-uef,71,48,23,5,26,12,16,49,16,1,5,0,12509,12509,12509,5976,7483,0,195,92,23
defcover,syrtis-424242-aeon,47,48,27,18,45,16,1,27,9,3,10,8,5052,5052,5052,1452,3829,0,75,59,12
defcover,syrtis-424242-sera,34,48,23,5,9,5,21,23,9,2,4,1,3677,3677,3677,2267,1401,0,76,33,30
defcover,syrtis-424242-uef,68,48,26,5,27,4,51,61,17,3,4,1,16441,16441,16441,5599,10346,0,149,151,19
defcover,syrtis-8675309-aeon,50,48,25,10,52,0,110,22,3,3,8,2,5820,5820,5820,1890,4649,0,83,73,2
defcover,syrtis-8675309-sera,28,48,24,18,17,0,256,20,3,3,9,11,4783,4783,4783,2910,1796,0,45,44,22
defcover,syrtis-8675309-uef,53,48,28,16,49,1,35,30,8,3,10,7,7994,7994,7994,3586,6042,0,75,72,14
