cell,sample,mex_claimed,def_held,def_covering,def_nearest,mex_lost,mex_lost_defended,bases,deposits_inside,deposits_outside,aa_t1,aa_t2,aa_t3
isis-2071971-aeon,1,0,0,0,0,0,0,1,9,35,0,0,0
isis-2071971-aeon,2,3,0,0,0,0,0,1,9,35,0,0,0
isis-2071971-aeon,3,5,0,0,0,0,0,1,9,35,0,0,0
isis-2071971-aeon,4,8,0,0,0,0,0,3,25,19,0,0,0
isis-2071971-aeon,5,11,1,0,0,0,0,3,25,19,0,0,0
isis-2071971-aeon,6,17,1,0,0,0,0,3,25,19,0,0,0
isis-2071971-aeon,7,19,3,0,385,0,0,3,25,19,1,0,0
isis-2071971-aeon,8,22,4,0,385,0,0,3,25,19,1,0,0
isis-2071971-aeon,9,23,4,0,0,0,0,3,25,19,1,0,0
isis-2071971-aeon,10,23,6,0,385,3,0,3,25,19,3,0,0
isis-2071971-aeon,11,22,6,0,385,4,0,3,25,19,3,0,0
isis-2071971-aeon,12,20,8,0,0,7,0,3,25,19,4,0,0
isis-2071971-aeon,13,22,11,0,0,7,0,4,25,19,4,2,0
isis-2071971-aeon,14,22,15,0,0,7,0,4,25,19,5,3,0
isis-2071971-aeon,15,20,18,0,378,9,0,4,25,19,5,5,0
isis-2071971-aeon,16,20,19,10,4,10,0,3,16,28,6,6,0
isis-2071971-aeon,17,18,19,9,10,12,0,3,16,28,6,6,0
isis-2071971-aeon,18,18,22,8,12,12,0,3,16,28,7,7,0
isis-2071971-aeon,19,19,23,9,9,12,0,3,16,28,7,7,0
isis-2071971-aeon,20,21,25,10,4,12,0,3,16,28,7,9,0
isis-2071971-aeon,21,20,26,10,4,13,0,3,16,28,7,10,0
isis-2071971-aeon,22,19,28,11,2,15,0,3,16,28,7,11,0
isis-2071971-aeon,23,19,29,0,0,15,0,3,16,28,7,12,0
isis-2071971-aeon,24,19,30,11,2,15,0,3,16,28,7,13,0
isis-2071971-aeon,25,19,33,14,2,16,0,3,16,28,7,13,0
isis-2071971-aeon,26,18,35,13,9,17,1,3,16,28,7,13,0
isis-2071971-aeon,27,18,31,11,9,17,1,3,16,28,8,12,0
isis-2071971-aeon,28,18,32,12,7,17,1,3,16,28,8,12,0
isis-2071971-aeon,29,18,35,15,3,17,1,3,16,28,8,12,3
isis-2071971-aeon,30,19,38,0,0,17,1,3,16,28,8,12,5
isis-2071971-aeon,31,19,43,18,7,17,1,3,16,28,8,12,6
isis-2071971-aeon,32,18,49,23,3,19,1,3,16,28,8,12,6
isis-2071971-aeon,33,16,54,24,6,21,1,3,16,28,8,12,6
isis-2071971-aeon,34,16,55,25,4,21,1,3,16,28,7,12,6
isis-2071971-aeon,35,16,53,25,13,21,1,3,16,28,7,12,6
isis-2071971-aeon,36,16,60,18,6,21,1,3,16,28,7,12,6
isis-2071971-aeon,37,15,57,27,3,22,1,3,16,28,6,12,7
isis-2071971-aeon,38,15,58,28,5,22,1,3,16,28,6,12,7
isis-2071971-aeon,39,14,56,18,6,23,2,3,16,28,6,12,7
isis-2071971-aeon,40,14,59,29,5,23,2,3,16,28,6,12,7
isis-2071971-aeon,41,13,62,30,5,24,3,3,16,28,6,12,8
isis-2071971-sera,1,0,0,0,0,0,0,1,9,35,0,0,0
isis-2071971-sera,2,3,0,0,0,0,0,1,9,35,0,0,0
isis-2071971-sera,3,5,0,0,0,0,0,1,9,35,0,0,0
isis-2071971-sera,4,9,0,0,0,0,0,3,25,19,0,0,0
isis-2071971-sera,5,12,1,0,0,0,0,4,25,19,0,0,0
isis-2071971-sera,6,15,1,0,0,0,0,3,25,19,0,0,0
isis-2071971-sera,7,18,2,0,0,0,0,4,26,18,0,0,0
isis-2071971-sera,8,22,2,0,0,0,0,4,26,18,0,0,0
isis-2071971-sera,9,21,4,0,0,2,0,3,24,20,1,0,0
isis-2071971-sera,10,22,4,0,0,2,0,3,16,28,2,0,0
isis-2071971-sera,11,22,5,0,46,2,0,3,16,28,2,0,0
isis-2071971-sera,12,19,8,0,0,5,0,4,22,22,2,2,0
isis-2071971-sera,13,18,9,0,0,6,0,4,22,22,3,2,0
isis-2071971-sera,14,18,12,1,37,6,0,4,22,22,3,3,0
isis-2071971-sera,15,17,17,6,5,7,1,4,22,22,3,6,0
isis-2071971-sera,16,15,15,5,13,7,1,4,22,22,3,7,0
isis-2071971-sera,17,15,17,2,32,8,2,4,22,22,3,7,0
isis-2071971-sera,18,15,18,9,1,9,3,3,22,22,3,11,0
isis-2071971-sera,19,13,17,5,25,11,4,2,16,28,2,11,0
isis-2071971-sera,20,13,17,5,23,11,4,2,16,28,2,11,0
isis-2071971-sera,21,14,19,7,11,11,4,2,16,28,2,11,0
isis-2071971-sera,22,13,22,9,10,12,5,2,16,28,2,11,2
isis-2071971-sera,23,13,24,12,22,12,5,2,16,28,2,11,4
isis-2071971-sera,24,14,26,11,5,13,6,2,16,28,2,11,6
isis-2071971-sera,25,14,24,13,15,13,6,2,16,28,1,11,6
isis-2071971-sera,26,14,24,12,11,13,6,2,16,28,1,10,6
isis-2071971-sera,27,14,24,1,29,13,6,3,16,28,1,10,6
isis-2071971-sera,28,15,26,1,29,14,7,3,16,28,1,10,6
isis-2071971-sera,29,15,28,1,29,14,7,3,16,28,1,10,6
isis-2071971-sera,30,14,28,12,2,15,7,3,16,28,1,10,6
isis-2071971-sera,31,14,29,15,3,16,7,3,16,28,1,10,6
isis-2071971-sera,32,14,30,14,3,16,7,3,16,28,1,10,6
isis-2071971-sera,33,14,32,14,2,16,7,3,16,28,1,10,6
isis-2071971-sera,34,15,31,1,29,16,7,3,16,28,1,10,6
isis-2071971-sera,35,16,34,18,4,16,7,3,16,28,1,10,6
isis-2071971-sera,36,16,35,20,7,16,7,3,16,28,1,10,6
isis-2071971-sera,37,16,38,22,2,16,7,3,16,28,1,10,7
isis-2071971-sera,38,16,39,23,3,16,7,3,16,28,1,10,7
isis-2071971-sera,39,16,39,18,8,16,7,3,16,28,1,10,8
isis-2071971-sera,40,16,40,18,8,17,7,3,16,28,1,10,8
isis-2071971-uef,1,0,0,0,0,0,0,1,9,35,0,0,0
isis-2071971-uef,2,3,0,0,0,0,0,1,9,35,0,0,0
isis-2071971-uef,3,5,0,0,0,0,0,1,9,35,0,0,0
isis-2071971-uef,4,8,0,0,0,0,0,3,25,19,0,0,0
isis-2071971-uef,5,12,0,0,0,0,0,3,25,19,0,0,0
isis-2071971-uef,6,18,2,0,390,0,0,4,31,13,0,0,0
isis-2071971-uef,7,20,2,0,401,0,0,3,22,22,1,0,0
isis-2071971-uef,8,22,3,0,0,0,0,3,22,22,1,0,0
isis-2071971-uef,9,22,3,0,401,0,0,3,22,22,1,0,0
isis-2071971-uef,10,22,5,0,0,0,0,4,22,22,2,0,0
isis-2071971-uef,11,22,7,0,0,0,0,4,22,22,4,0,0
isis-2071971-uef,12,21,7,0,0,1,0,4,22,22,5,0,0
isis-2071971-uef,13,21,7,0,0,1,0,4,22,22,5,0,0
isis-2071971-uef,14,21,7,0,0,1,0,4,22,22,5,0,0
isis-2071971-uef,15,22,9,0,393,1,0,4,22,22,5,1,0
isis-2071971-uef,16,22,13,0,381,1,0,4,22,22,5,3,0
isis-2071971-uef,17,22,13,0,0,1,0,4,22,22,5,6,0
isis-2071971-uef,18,21,14,0,381,2,0,4,22,22,5,6,0
isis-2071971-uef,19,20,14,0,0,3,0,4,22,22,4,6,0
isis-2071971-uef,20,18,18,0,0,6,0,3,22,22,5,6,0
isis-2071971-uef,21,18,19,0,381,6,0,3,22,22,5,7,0
isis-2071971-uef,22,18,20,0,381,6,0,3,22,22,5,8,0
isis-2071971-uef,23,17,24,0,0,7,0,2,16,28,5,8,1
isis-2071971-uef,24,17,26,0,0,8,0,2,16,28,5,9,2
isis-2071971-uef,25,17,27,0,0,8,0,2,16,28,5,10,3
isis-2071971-uef,26,16,30,0,61,11,0,3,16,28,5,10,5
isis-2071971-uef,27,15,32,26,1,13,1,3,16,28,5,11,6
isis-2071971-uef,28,16,36,29,1,13,1,3,16,28,5,11,6
isis-2071971-uef,29,16,37,0,61,13,1,3,16,28,6,13,6
isis-2071971-uef,30,16,38,29,1,13,1,3,16,28,6,13,6
isis-2071971-uef,31,17,39,29,1,13,1,3,16,28,6,13,7
isis-2071971-uef,32,19,40,30,1,13,1,3,16,28,6,13,8
isis-2071971-uef,33,19,42,1,59,13,1,3,16,28,6,13,9
isis-2071971-uef,34,18,43,30,1,14,1,3,16,28,6,13,10
isis-2071971-uef,35,17,45,0,0,15,1,4,16,28,6,13,11
isis-2071971-uef,36,17,48,30,1,15,1,4,16,28,6,13,12
isis-2071971-uef,37,17,50,4,46,15,1,4,16,28,6,13,12
isis-2071971-uef,38,17,51,0,0,15,1,4,16,28,6,13,12
isis-2071971-uef,39,18,53,0,0,15,1,4,16,28,6,13,13
isis-2071971-uef,40,17,53,4,46,16,1,4,16,28,6,13,13
isis-2071971-uef,41,17,52,31,7,17,1,4,16,28,6,13,13
isis-2071971-uef,42,16,54,30,8,18,2,4,16,28,6,13,13
isis-2071971-uef,43,17,56,6,27,18,2,4,16,28,6,13,13
isis-2071971-uef,44,17,57,16,7,19,2,4,16,28,6,13,13
isis-2071971-uef,45,17,60,7,27,20,2,4,16,28,6,13,13
isis-2071971-uef,46,19,60,31,7,20,2,4,16,28,6,13,13
isis-2071971-uef,47,19,63,32,9,20,2,4,16,28,6,13,13
isis-2071971-uef,48,19,65,33,5,21,2,4,16,28,6,13,15
isis-2071971-uef,49,19,65,33,11,21,2,4,16,28,6,13,16
isis-2071971-uef,50,20,66,32,4,21,2,4,16,28,6,13,16
isis-2071971-uef,51,21,66,33,2,22,2,4,16,28,6,13,16
isis-2071971-uef,52,20,64,7,27,23,3,4,16,28,6,11,16
isis-2071971-uef,53,17,65,30,6,26,3,4,16,28,6,11,15
isis-2071971-uef,54,17,65,8,24,26,3,4,16,28,6,11,15
isis-2071971-uef,55,18,65,8,24,26,3,4,16,28,6,11,15
isis-2071971-uef,56,16,67,32,9,28,3,3,16,28,6,11,15
isis-2071971-uef,57,15,68,34,6,29,4,3,16,28,6,11,16
isis-2071971-uef,58,15,68,34,6,29,4,3,16,28,6,11,16
isis-2071971-uef,59,16,69,0,0,29,4,4,16,28,6,11,16
isis-2071971-uef,60,16,71,0,0,29,4,4,16,28,6,11,17
isis-2071971-uef,61,18,70,0,0,29,4,4,16,28,6,11,17
isis-2071971-uef,62,19,70,0,0,30,4,4,16,28,6,11,17
isis-2071971-uef,63,19,70,32,6,32,4,3,16,28,6,11,17
isis-2071971-uef,64,17,70,32,5,33,5,3,16,28,6,11,17
isis-2071971-uef,65,17,71,9,24,33,5,3,16,28,6,11,17
isis-2071971-uef,66,17,71,32,4,33,5,3,16,28,6,11,17
isis-2071971-uef,67,19,71,9,24,33,5,3,16,28,6,11,17
isis-2071971-uef,68,16,73,9,24,36,5,4,16,28,6,11,17
isis-2071971-uef,69,16,76,9,24,36,5,4,16,28,6,11,17
isis-2071971-uef,70,16,75,9,24,36,5,4,16,28,6,11,17
isis-2071971-uef,71,16,75,31,4,36,5,3,16,28,6,11,17
isis-2071971-uef,72,16,75,9,24,36,5,3,16,28,6,11,17
isis-2071971-uef,73,16,75,32,4,36,5,3,16,28,6,11,17
isis-2071971-uef,74,16,75,32,4,36,5,3,16,28,6,11,17
isis-2071971-uef,75,16,75,32,4,36,5,3,16,28,6,11,17
isis-2071971-uef,76,16,75,32,4,36,5,3,16,28,6,11,17
isis-2071971-uef,77,16,77,32,4,36,5,3,16,28,6,11,17
isis-2071971-uef,78,16,79,32,4,36,5,3,16,28,6,12,17
isis-2071971-uef,79,16,80,32,4,36,5,3,16,28,6,12,17
isis-424242-aeon,1,0,0,0,0,0,0,1,9,35,0,0,0
isis-424242-aeon,2,3,0,0,0,0,0,1,9,35,0,0,0
isis-424242-aeon,3,5,0,0,0,0,0,1,9,35,0,0,0
isis-424242-aeon,4,9,0,0,0,0,0,3,25,19,0,0,0
isis-424242-aeon,5,11,0,0,0,0,0,3,25,19,0,0,0
isis-424242-aeon,6,16,1,0,425,0,0,3,25,19,0,0,0
isis-424242-aeon,7,19,3,0,387,0,0,3,24,20,0,0,0
isis-424242-aeon,8,22,4,0,0,0,0,2,16,28,1,0,0
isis-424242-aeon,9,20,4,0,285,2,0,3,18,26,1,0,0
isis-424242-aeon,10,19,6,0,0,3,0,3,18,26,3,0,0
isis-424242-aeon,11,21,7,0,0,3,0,3,18,26,3,0,0
isis-424242-aeon,12,22,8,0,274,3,0,3,18,26,4,0,0
isis-424242-aeon,13,22,12,0,274,3,0,3,18,26,6,1,0
isis-424242-aeon,14,22,14,0,0,3,0,3,18,26,6,2,0
isis-424242-aeon,15,18,15,0,274,7,0,3,18,26,6,3,0
isis-424242-aeon,16,17,19,0,274,8,0,3,18,26,6,5,0
isis-424242-aeon,17,17,20,0,0,8,0,2,16,28,6,6,0
isis-424242-aeon,18,16,21,12,12,9,0,3,18,26,6,7,0
isis-424242-aeon,19,15,22,11,6,10,0,2,16,28,6,8,0
isis-424242-aeon,20,15,27,13,2,10,0,2,16,28,6,10,0
isis-424242-aeon,21,14,30,0,0,11,0,2,16,28,6,11,0
isis-424242-aeon,22,16,31,0,54,11,0,3,16,28,6,12,0
isis-424242-aeon,23,17,32,0,0,11,0,3,16,28,6,12,0
isis-424242-aeon,24,16,32,16,11,12,0,3,16,28,6,12,0
isis-424242-aeon,25,18,35,0,0,12,0,3,16,28,6,12,0
isis-424242-aeon,26,19,37,19,1,12,0,4,16,28,7,12,2
isis-424242-aeon,27,19,41,14,6,12,0,4,16,28,7,12,3
isis-424242-aeon,28,20,46,20,3,12,0,4,16,28,8,13,3
isis-424242-aeon,29,21,55,23,3,14,0,4,16,28,9,13,5
isis-424242-aeon,30,21,60,26,4,14,0,4,16,28,9,13,7
isis-424242-aeon,31,21,65,18,1,14,0,4,16,28,9,13,7
isis-424242-aeon,32,21,68,21,1,14,0,4,16,28,9,13,10
isis-424242-aeon,33,21,69,22,1,14,0,4,16,28,9,13,12
isis-424242-aeon,34,20,69,21,3,15,0,4,16,28,9,13,13
isis-424242-aeon,35,19,70,26,10,16,0,4,16,28,9,13,13
isis-424242-aeon,36,19,70,22,1,16,0,4,16,28,9,13,13
isis-424242-aeon,37,19,73,22,1,16,0,4,16,28,9,13,13
isis-424242-aeon,38,19,73,33,2,16,0,4,16,28,9,13,13
isis-424242-aeon,39,19,74,23,1,16,0,4,16,28,9,13,13
isis-424242-aeon,40,21,76,33,2,16,0,4,16,28,9,13,13
isis-424242-aeon,41,21,74,23,1,16,0,4,16,28,9,13,13
isis-424242-aeon,42,19,75,23,1,18,0,4,16,28,9,13,13
isis-424242-aeon,43,20,76,34,2,18,0,4,16,28,9,13,13
isis-424242-aeon,44,20,78,24,1,18,0,4,16,28,9,13,14
isis-424242-aeon,45,20,78,24,1,18,0,4,16,28,9,13,14
isis-424242-aeon,46,20,80,0,0,18,0,4,16,28,9,13,14
isis-424242-aeon,47,23,80,34,9,18,0,4,16,28,9,13,14
isis-424242-aeon,48,22,80,0,0,19,0,4,16,28,9,13,14
isis-424242-aeon,49,22,80,33,8,19,0,4,16,28,9,13,14
isis-424242-aeon,50,21,79,33,8,20,0,4,16,28,9,13,14
isis-424242-aeon,51,18,74,28,9,23,1,4,16,28,9,13,14
isis-424242-sera,1,0,0,0,0,0,0,1,9,35,0,0,0
isis-424242-sera,2,3,0,0,0,0,0,1,9,35,0,0,0
isis-424242-sera,3,5,0,0,0,0,0,1,9,35,0,0,0
isis-424242-sera,4,8,0,0,0,0,0,3,25,19,0,0,0
isis-424242-sera,5,11,0,0,0,0,0,3,25,19,0,0,0
isis-424242-sera,6,15,1,0,0,0,0,3,25,19,0,0,0
isis-424242-sera,7,19,1,0,400,0,0,3,24,20,0,0,0
isis-424242-sera,8,20,2,0,143,0,0,2,16,28,0,0,0
isis-424242-sera,9,23,3,0,0,0,0,4,18,26,0,0,0
isis-424242-sera,10,22,6,0,0,1,0,3,16,28,1,0,0
isis-424242-sera,11,22,12,2,42,1,0,4,16,28,3,0,0
isis-424242-sera,12,22,14,0,57,1,0,4,16,28,5,3,0
isis-424242-sera,13,22,16,0,0,1,0,4,16,28,5,5,0
isis-424242-sera,14,22,16,2,1,1,0,4,16,28,5,6,0
isis-424242-sera,15,20,18,0,0,3,0,4,16,28,6,6,0
isis-424242-sera,16,18,18,9,2,5,0,4,16,28,6,6,0
isis-424242-sera,17,16,18,2,1,7,0,4,16,28,6,6,0
isis-424242-sera,18,16,21,2,1,7,0,4,16,28,6,6,0
isis-424242-sera,19,16,22,10,19,7,0,4,16,28,6,7,0
isis-424242-sera,20,16,23,10,5,7,0,4,16,28,5,8,0
isis-424242-sera,21,16,24,2,21,7,0,4,16,28,5,9,0
isis-424242-sera,22,16,27,11,7,7,0,4,16,28,5,11,0
isis-424242-sera,23,16,27,4,13,7,0,4,16,28,5,12,0
isis-424242-sera,24,16,27,4,16,7,0,4,16,28,5,12,0
isis-424242-sera,25,16,25,4,22,7,0,4,16,28,4,12,0
isis-424242-sera,26,16,25,3,10,7,0,4,16,28,4,12,0
isis-424242-sera,27,16,24,10,3,7,0,4,16,28,4,12,0
isis-424242-sera,28,16,25,12,5,7,0,4,16,28,4,12,0
isis-424242-sera,29,15,27,14,5,8,1,4,16,28,4,12,2
isis-424242-sera,30,14,32,15,4,9,2,4,16,28,5,12,3
isis-424242-sera,31,14,37,18,4,9,2,4,16,28,5,12,5
isis-424242-sera,32,15,39,17,8,9,2,4,16,28,5,12,6
isis-424242-sera,33,15,36,0,56,9,2,4,16,28,3,12,6
isis-424242-sera,34,15,35,17,3,9,2,4,16,28,3,12,6
isis-424242-sera,35,14,31,16,8,10,3,4,16,28,3,12,6
isis-424242-sera,36,14,29,0,60,10,3,4,16,28,3,11,6
isis-424242-sera,37,14,34,2,30,10,3,4,16,28,3,11,6
isis-424242-sera,38,15,34,2,30,10,3,4,16,28,3,11,6
isis-424242-sera,39,14,36,3,27,11,4,4,16,28,3,11,7
isis-424242-uef,1,0,0,0,0,0,0,1,9,35,0,0,0
isis-424242-uef,2,3,0,0,0,0,0,1,9,35,0,0,0
isis-424242-uef,3,5,0,0,0,0,0,1,9,35,0,0,0
isis-424242-uef,4,9,0,0,0,0,0,3,25,19,0,0,0
isis-424242-uef,5,12,0,0,0,0,0,3,25,19,0,0,0
isis-424242-uef,6,17,1,0,0,0,0,3,25,19,0,0,0
isis-424242-uef,7,17,1,0,0,0,0,3,24,20,0,0,0
isis-424242-uef,8,20,3,1,26,0,0,3,16,28,1,0,0
isis-424242-uef,9,21,4,1,36,1,0,4,16,28,1,0,0
isis-424242-uef,10,18,6,0,101,2,0,4,16,28,2,0,0
isis-424242-uef,11,16,7,0,0,4,0,4,16,28,4,0,0
isis-424242-uef,12,16,7,0,81,4,0,3,16,28,4,0,0
isis-424242-uef,13,16,8,0,80,4,0,3,16,28,4,0,0
isis-424242-uef,14,16,12,5,12,4,0,4,16,28,5,2,0
isis-424242-uef,15,16,13,6,22,4,0,4,16,28,5,3,0
isis-424242-uef,16,16,17,3,1,4,0,4,16,28,5,5,0
isis-424242-uef,17,15,20,3,1,5,1,4,16,28,7,6,0
isis-424242-uef,18,16,17,8,1,5,1,4,16,28,6,6,0
isis-424242-uef,19,16,17,8,1,5,1,4,16,28,6,6,0
isis-424242-uef,20,16,21,8,1,5,1,4,16,28,8,6,0
isis-424242-uef,21,16,21,8,1,5,1,4,16,28,8,6,0
isis-424242-uef,22,16,21,2,1,5,1,4,16,28,8,6,0
isis-424242-uef,23,16,24,4,1,5,1,4,16,28,8,6,0
isis-424242-uef,24,16,25,0,0,5,1,4,16,28,9,6,0
isis-424242-uef,25,17,25,0,0,5,1,4,16,28,9,6,0
isis-424242-uef,26,17,28,13,9,5,1,4,16,28,9,6,0
isis-424242-uef,27,19,30,0,0,5,1,4,16,28,9,7,1
isis-424242-uef,28,19,31,0,0,5,1,4,16,28,9,8,1
isis-424242-uef,29,19,33,13,3,5,1,4,16,28,9,9,1
isis-424242-uef,30,21,39,0,0,5,1,4,16,28,9,11,1
isis-424242-uef,31,21,41,6,1,5,1,4,16,28,9,12,1
isis-424242-uef,32,24,41,6,1,5,1,4,16,28,9,12,1
isis-424242-uef,33,25,42,7,1,5,1,4,16,28,9,12,1
isis-424242-uef,34,26,45,8,1,6,1,4,16,28,9,12,1
isis-424242-uef,35,22,45,13,6,10,1,4,16,28,9,12,1
isis-424242-uef,36,18,46,14,6,14,1,4,16,28,9,12,1
isis-424242-uef,37,18,49,8,1,14,1,4,16,28,9,12,3
isis-424242-uef,38,18,52,9,1,15,1,3,16,28,9,12,4
isis-424242-uef,39,17,53,10,1,16,1,3,16,28,9,12,5
isis-424242-uef,40,17,56,21,3,16,1,3,16,28,9,12,6
isis-424242-uef,41,15,54,23,1,18,2,3,16,28,9,11,7
isis-424242-uef,42,17,56,24,9,18,2,3,16,28,9,10,9
isis-424242-uef,43,18,58,11,1,18,2,3,16,28,10,10,9
isis-424242-uef,44,18,57,11,1,18,2,3,16,28,9,10,9
isis-424242-uef,45,16,57,11,1,20,2,3,16,28,9,10,9
isis-424242-uef,46,16,55,24,6,21,3,3,16,28,9,10,9
isis-424242-uef,47,15,53,20,6,21,3,3,16,28,9,6,9
isis-424242-uef,48,16,53,11,1,21,3,3,16,28,9,6,9
isis-424242-uef,49,16,54,20,6,21,3,3,16,28,9,6,9
isis-424242-uef,50,16,54,11,1,21,3,3,16,28,9,6,9
isis-424242-uef,51,16,57,15,1,22,4,3,16,28,9,6,10
isis-424242-uef,52,16,59,16,1,23,5,3,16,28,9,6,10
isis-424242-uef,53,16,59,16,1,23,5,3,16,28,9,6,10
isis-424242-uef,54,16,61,16,1,23,5,3,16,28,9,6,10
isis-424242-uef,55,15,61,16,1,24,6,3,16,28,9,6,10
isis-424242-uef,56,16,61,16,1,24,6,3,16,28,9,6,10
isis-424242-uef,57,16,61,16,1,24,6,3,16,28,9,6,10
isis-424242-uef,58,16,60,16,1,24,6,3,16,28,9,6,10
isis-424242-uef,59,16,60,16,1,24,6,3,16,28,9,6,10
isis-424242-uef,60,15,60,16,1,25,7,3,16,28,9,6,10
isis-424242-uef,61,15,60,24,9,26,8,3,16,28,9,6,10
isis-424242-uef,62,16,60,22,12,26,8,3,16,28,9,6,10
isis-424242-uef,63,16,60,16,1,26,8,3,16,28,9,6,10
isis-424242-uef,64,15,59,22,4,27,9,3,16,28,9,6,10
isis-424242-uef,65,15,59,14,1,27,9,3,16,28,9,6,10
isis-424242-uef,66,16,60,14,1,27,9,3,16,28,9,6,10
isis-424242-uef,67,16,60,23,10,27,9,3,16,28,9,6,11
isis-424242-uef,68,16,60,21,3,27,9,3,16,28,9,6,11
isis-424242-uef,69,15,58,22,14,28,10,3,16,28,9,6,11
isis-424242-uef,70,15,57,11,1,28,10,3,16,28,9,6,11
isis-424242-uef,71,15,57,11,1,28,10,3,16,28,9,6,11
isis-424242-uef,72,15,57,11,1,28,10,3,16,28,9,6,11
isis-424242-uef,73,16,57,21,12,28,10,3,16,28,9,6,11
isis-424242-uef,74,16,57,21,12,28,10,3,16,28,9,6,11
isis-424242-uef,75,15,57,21,12,29,11,4,16,28,9,6,11
isis-424242-uef,76,16,58,21,12,29,11,4,16,28,9,6,11
isis-424242-uef,77,16,59,11,1,29,11,4,16,28,9,6,11
isis-424242-uef,78,16,59,21,12,29,11,4,16,28,9,6,11
isis-424242-uef,79,15,58,23,14,30,12,4,16,28,9,6,11
isis-424242-uef,80,16,60,10,1,30,12,4,16,28,9,6,11
isis-424242-uef,81,14,60,10,1,32,14,4,16,28,9,6,11
isis-424242-uef,82,13,57,7,42,33,15,4,16,28,7,7,11
isis-424242-uef,83,13,58,21,2,33,15,4,16,28,7,7,11
isis-424242-uef,84,12,58,7,42,34,16,4,16,28,7,7,11
isis-424242-uef,85,12,58,21,6,34,16,4,16,28,7,7,11
isis-424242-uef,86,13,58,23,11,34,16,4,16,28,7,7,11
isis-424242-uef,87,14,58,23,11,35,17,4,16,28,7,7,11
isis-424242-uef,88,13,60,24,11,36,18,4,16,28,7,7,11
isis-424242-uef,89,13,62,24,17,36,18,4,16,28,7,9,11
isis-424242-uef,90,13,63,25,17,36,18,4,16,28,7,10,11
isis-424242-uef,91,14,55,25,17,37,19,4,16,28,7,5,11
isis-424242-uef,92,13,45,28,8,39,21,4,16,28,3,5,11
isis-424242-uef,93,13,49,12,26,40,22,4,16,28,3,8,11
isis-424242-uef,94,13,50,14,25,41,23,3,16,28,2,10,11
isis-424242-uef,95,12,43,28,8,42,24,3,16,28,2,5,11
isis-424242-uef,96,13,43,7,42,42,24,3,16,28,2,5,11
isis-424242-uef,97,10,40,27,10,45,27,3,16,28,2,5,11
isis-8675309-aeon,1,0,0,0,0,0,0,1,9,35,0,0,0
isis-8675309-aeon,2,3,0,0,0,0,0,1,9,35,0,0,0
isis-8675309-aeon,3,5,0,0,0,0,0,1,9,35,0,0,0
isis-8675309-aeon,4,8,0,0,0,0,0,3,25,19,0,0,0
isis-8675309-aeon,5,10,1,0,0,0,0,3,25,19,0,0,0
isis-8675309-aeon,6,17,1,0,0,0,0,3,25,19,0,0,0
isis-8675309-aeon,7,19,1,0,152,0,0,2,16,28,0,0,0
isis-8675309-aeon,8,20,2,0,0,0,0,4,27,17,0,0,0
isis-8675309-aeon,9,22,5,0,336,0,0,4,27,17,1,0,0
isis-8675309-aeon,10,22,7,0,0,0,0,4,27,17,4,0,0
isis-8675309-aeon,11,22,8,0,0,0,0,3,18,26,4,0,0
isis-8675309-aeon,12,22,9,0,0,0,0,4,18,26,5,0,0
isis-8675309-aeon,13,22,13,0,261,0,0,4,18,26,5,0,0
isis-8675309-aeon,14,22,14,6,3,0,0,4,18,26,6,0,0
isis-8675309-aeon,15,21,12,0,200,1,0,4,18,26,2,0,0
isis-8675309-aeon,16,18,15,0,202,4,0,4,18,26,2,0,0
isis-8675309-aeon,17,16,15,3,11,6,0,4,18,26,2,0,0
isis-8675309-aeon,18,15,16,3,13,7,0,4,18,26,3,0,0
isis-8675309-aeon,19,12,16,0,28,10,2,4,18,26,3,0,0
isis-8675309-aeon,20,13,17,1,7,10,2,4,18,26,4,0,0
isis-8675309-aeon,21,14,18,4,5,10,2,4,18,26,4,1,0
isis-8675309-aeon,22,14,19,6,5,10,2,4,18,26,4,3,0
isis-8675309-aeon,23,13,21,7,5,11,3,4,18,26,4,6,0
isis-8675309-aeon,24,14,21,7,5,11,3,4,18,26,4,6,0
isis-8675309-aeon,25,13,24,6,1,12,4,4,18,26,4,6,0
isis-8675309-aeon,26,14,27,6,1,12,4,4,18,26,4,6,0
isis-8675309-aeon,27,14,27,9,5,12,4,4,18,26,5,6,0
isis-8675309-aeon,28,15,32,0,247,12,4,4,18,26,5,6,0
isis-8675309-aeon,29,15,33,0,247,12,4,4,18,26,5,6,0
isis-8675309-aeon,30,16,33,0,0,12,4,4,18,26,5,6,0
isis-8675309-aeon,31,16,34,0,247,12,4,4,18,26,5,6,0
isis-8675309-aeon,32,16,35,0,240,12,4,4,18,26,5,6,0
isis-8675309-aeon,33,15,37,0,0,13,4,4,18,26,5,6,1
isis-8675309-aeon,34,15,40,0,240,13,4,4,18,26,5,6,2
isis-8675309-aeon,35,15,41,0,240,13,4,4,18,26,5,6,3
isis-8675309-aeon,36,15,42,0,240,13,4,4,18,26,5,6,3
isis-8675309-aeon,37,15,44,0,240,15,4,4,18,26,5,6,3
isis-8675309-aeon,38,15,45,16,5,15,4,4,18,26,5,6,4
isis-8675309-aeon,39,16,49,17,5,16,4,4,18,26,5,7,5
isis-8675309-aeon,40,16,52,0,240,16,4,4,18,26,5,8,7
isis-8675309-aeon,41,15,55,0,240,17,4,4,18,26,5,8,10
isis-8675309-aeon,42,15,56,0,0,17,4,4,18,26,5,8,11
isis-8675309-aeon,43,19,56,0,240,17,4,4,18,26,5,8,11
isis-8675309-aeon,44,20,55,0,240,18,4,4,18,26,5,8,11
isis-8675309-aeon,45,20,59,0,240,19,4,4,18,26,5,8,13
isis-8675309-aeon,46,19,62,0,240,19,4,4,18,26,5,8,14
isis-8675309-sera,1,0,0,0,0,0,0,1,9,35,0,0,0
isis-8675309-sera,2,3,0,0,0,0,0,1,9,35,0,0,0
isis-8675309-sera,3,5,0,0,0,0,0,1,9,35,0,0,0
isis-8675309-sera,4,9,0,0,0,0,0,3,25,19,0,0,0
isis-8675309-sera,5,10,0,0,0,0,0,3,25,19,0,0,0
isis-8675309-sera,6,17,1,0,0,0,0,3,25,19,0,0,0
isis-8675309-sera,7,20,1,0,425,0,0,3,25,19,0,0,0
isis-8675309-sera,8,21,3,0,400,1,0,3,24,20,1,0,0
isis-8675309-sera,9,22,4,2,30,1,0,4,16,28,1,0,0
isis-8675309-sera,10,25,6,1,1,1,0,4,16,28,3,0,0
isis-8675309-sera,11,25,10,0,0,1,0,4,16,28,4,0,0
isis-8675309-sera,12,25,16,0,0,2,0,4,16,28,4,2,0
isis-8675309-sera,13,22,21,2,1,4,0,4,16,28,5,6,0
isis-8675309-sera,14,22,27,8,4,4,0,4,16,28,6,7,0
isis-8675309-sera,15,20,29,8,4,6,0,4,16,28,6,8,0
isis-8675309-sera,16,20,30,5,1,6,0,4,16,28,7,9,0
isis-8675309-sera,17,20,32,8,25,6,0,4,16,28,7,10,0
isis-8675309-sera,18,18,33,8,14,8,0,4,16,28,8,12,0
isis-8675309-sera,19,18,34,5,32,8,0,4,16,28,8,12,0
isis-8675309-sera,20,17,36,5,1,9,0,4,16,28,8,12,0
isis-8675309-sera,21,16,38,5,1,10,0,4,16,28,8,12,0
isis-8675309-sera,22,15,41,10,2,11,1,4,16,28,8,12,0
isis-8675309-sera,23,15,43,5,1,11,1,4,16,28,8,12,0
isis-8675309-sera,24,16,47,5,1,11,1,4,16,28,8,12,2
isis-8675309-sera,25,16,48,15,12,11,1,4,16,28,7,12,3
isis-8675309-sera,26,16,46,5,1,11,1,4,16,28,6,12,4
isis-8675309-sera,27,14,47,16,4,13,3,4,16,28,6,12,4
isis-8675309-sera,28,15,48,16,11,14,4,4,16,28,6,12,4
isis-8675309-sera,29,14,48,5,3,15,5,4,16,28,6,12,5
isis-8675309-sera,30,15,48,3,25,15,5,4,16,28,6,12,6
isis-8675309-sera,31,15,49,10,26,15,5,4,16,28,6,12,6
isis-8675309-sera,32,15,50,20,2,15,5,4,16,28,6,12,6
isis-8675309-sera,33,15,56,5,1,15,5,4,16,28,6,12,6
isis-8675309-sera,34,15,56,5,4,15,5,4,16,28,6,12,6
isis-8675309-sera,35,15,56,19,10,15,5,4,16,28,6,12,6
isis-8675309-sera,36,15,61,7,22,16,6,4,16,28,6,12,6
isis-8675309-sera,37,16,61,0,0,17,6,4,16,28,6,12,6
isis-8675309-sera,38,16,61,21,13,17,6,4,16,28,6,12,6
isis-8675309-sera,39,16,60,23,3,17,6,4,16,28,6,12,6
isis-8675309-sera,40,16,58,22,3,17,6,4,16,28,6,12,6
isis-8675309-sera,41,15,56,23,7,18,7,4,16,28,6,12,6
isis-8675309-uef,1,0,0,0,0,0,0,1,9,35,0,0,0
isis-8675309-uef,2,3,0,0,0,0,0,1,9,35,0,0,0
isis-8675309-uef,3,5,0,0,0,0,0,1,9,35,0,0,0
isis-8675309-uef,4,9,0,0,0,0,0,3,25,19,0,0,0
isis-8675309-uef,5,11,1,0,0,0,0,3,25,19,0,0,0
isis-8675309-uef,6,16,1,0,425,0,0,3,25,19,0,0,0
isis-8675309-uef,7,18,2,0,400,0,0,3,24,20,0,0,0
isis-8675309-uef,8,19,2,0,132,0,0,3,16,28,0,0,0
isis-8675309-uef,9,21,4,1,27,0,0,3,16,28,0,0,0
isis-8675309-uef,10,21,5,0,0,1,0,4,16,28,2,0,0
isis-8675309-uef,11,21,6,0,0,2,0,4,16,28,3,0,0
isis-8675309-uef,12,20,7,2,1,3,0,4,16,28,4,0,0
isis-8675309-uef,13,21,13,3,33,3,0,4,16,28,5,0,0
isis-8675309-uef,14,20,14,0,0,4,0,4,16,28,7,0,0
isis-8675309-uef,15,17,14,4,1,7,0,4,16,28,7,0,0
isis-8675309-uef,16,18,14,0,0,8,0,4,16,28,7,0,0
isis-8675309-uef,17,17,14,4,14,10,0,3,16,28,7,0,0
isis-8675309-uef,18,16,19,0,0,11,0,4,16,28,7,0,0
isis-8675309-uef,19,16,20,9,3,11,0,4,16,28,7,0,0
isis-8675309-uef,20,16,21,4,1,11,0,4,16,28,7,0,0
isis-8675309-uef,21,15,15,2,1,12,1,4,16,28,5,0,0
isis-8675309-uef,22,15,11,2,27,12,1,4,16,28,1,0,0
isis-8675309-uef,23,15,11,1,6,12,1,4,16,28,2,0,0
isis-8675309-uef,24,15,11,2,11,12,1,4,16,28,2,0,0
isis-8675309-uef,25,15,12,0,0,12,1,4,16,28,2,0,0
isis-8675309-uef,26,15,14,1,6,12,1,4,16,28,2,1,0
isis-8675309-uef,27,14,18,0,27,13,1,4,16,28,2,2,0
isis-8675309-uef,28,12,18,0,117,15,1,4,16,28,2,7,0
isis-8675309-uef,29,11,20,6,10,16,1,4,16,28,2,7,0
isis-8675309-uef,30,12,24,16,7,16,1,4,16,28,2,7,0
isis-8675309-uef,31,12,24,16,10,16,1,4,16,28,2,7,0
isis-8675309-uef,32,12,27,0,0,16,1,4,16,28,2,7,0
isis-8675309-uef,33,13,27,0,0,16,1,4,16,28,2,7,0
isis-8675309-uef,34,16,30,0,56,16,1,4,16,28,2,7,0
isis-8675309-uef,35,16,33,0,56,16,1,4,16,28,2,7,1
isis-8675309-uef,36,15,35,0,56,17,1,4,16,28,2,7,4
isis-8675309-uef,37,14,37,0,60,18,2,4,16,28,2,7,4
isis-8675309-uef,38,11,36,0,109,21,3,4,16,28,2,5,6
isis-8675309-uef,39,11,36,0,69,21,3,4,16,28,2,5,7
isis-8675309-uef,40,11,43,24,6,21,3,4,16,28,2,5,9
isis-8675309-uef,41,10,43,2,28,22,4,4,16,28,2,5,8
isis-8675309-uef,42,9,44,2,28,23,4,4,16,28,2,5,8
isis-8675309-uef,43,8,48,34,4,24,4,3,16,28,2,5,8
isis-8675309-uef,44,8,48,2,28,25,5,3,16,28,2,5,9
isis-8675309-uef,45,8,49,3,28,25,5,3,16,28,2,5,9
isis-8675309-uef,46,9,46,7,12,25,5,3,16,28,2,5,11
isis-8675309-uef,47,10,49,5,28,25,5,3,16,28,2,5,11
isis-8675309-uef,48,11,49,0,0,25,5,3,16,28,2,5,11
isis-8675309-uef,49,11,50,32,3,25,5,3,16,28,2,5,11
syrtis-2071971-aeon,1,0,0,0,0,0,0,1,8,40,0,0,0
syrtis-2071971-aeon,2,1,0,0,0,0,0,1,8,40,0,0,0
syrtis-2071971-aeon,3,4,0,0,0,0,0,2,10,38,0,0,0
syrtis-2071971-aeon,4,8,0,0,0,0,0,3,13,35,0,0,0
syrtis-2071971-aeon,5,9,1,0,155,0,0,3,13,35,0,0,0
syrtis-2071971-aeon,6,11,1,0,155,0,0,3,13,35,0,0,0
syrtis-2071971-aeon,7,17,3,0,0,0,0,3,13,35,0,0,0
syrtis-2071971-aeon,8,19,3,1,1,0,0,4,17,31,0,0,0
syrtis-2071971-aeon,9,21,5,2,1,0,0,4,17,31,0,0,0
syrtis-2071971-aeon,10,21,5,2,1,0,0,4,17,31,1,0,0
syrtis-2071971-aeon,11,23,7,2,1,1,1,4,17,31,1,0,0
syrtis-2071971-aeon,12,22,6,1,38,3,1,3,14,34,3,0,0
syrtis-2071971-aeon,13,26,7,0,0,3,1,3,14,34,3,0,0
syrtis-2071971-aeon,14,26,9,2,27,3,1,3,14,34,3,0,0
syrtis-2071971-aeon,15,26,13,5,15,3,1,3,14,34,5,1,0
syrtis-2071971-aeon,16,24,16,6,1,5,1,3,14,34,5,2,0
syrtis-2071971-aeon,17,19,20,8,1,8,1,3,14,34,7,4,0
syrtis-2071971-aeon,18,18,25,9,1,9,1,3,14,34,8,6,0
syrtis-2071971-aeon,19,17,28,0,0,9,1,3,13,35,8,6,0
syrtis-2071971-aeon,20,18,29,0,0,9,1,3,16,32,8,7,0
syrtis-2071971-aeon,21,20,29,0,0,9,1,4,21,27,8,7,0
syrtis-2071971-aeon,22,19,32,12,1,10,1,3,16,32,8,8,0
syrtis-2071971-aeon,23,19,34,12,1,11,1,3,16,32,9,8,0
syrtis-2071971-aeon,24,18,36,13,1,13,2,3,16,32,9,9,0
syrtis-2071971-aeon,25,15,38,10,2,14,3,3,16,32,9,9,0
syrtis-2071971-aeon,26,15,38,10,4,14,3,4,16,32,9,9,0
syrtis-2071971-aeon,27,15,46,18,1,14,3,4,16,32,9,11,1
syrtis-2071971-aeon,28,15,53,20,1,14,3,4,16,32,9,11,3
syrtis-2071971-aeon,29,15,56,19,1,14,3,4,16,32,10,11,6
syrtis-2071971-aeon,30,16,61,19,1,14,3,4,16,32,10,11,6
syrtis-2071971-aeon,31,16,64,19,1,14,3,4,16,32,10,14,6
syrtis-2071971-aeon,32,16,64,19,1,14,3,4,16,32,10,16,6
syrtis-2071971-aeon,33,17,64,19,1,14,3,4,16,32,10,16,6
syrtis-2071971-aeon,34,17,66,20,2,14,3,4,16,32,10,16,6
syrtis-2071971-aeon,35,17,66,20,2,14,3,4,16,32,10,16,6
syrtis-2071971-aeon,36,17,66,20,2,14,3,4,16,32,10,16,6
syrtis-2071971-aeon,37,17,69,19,1,14,3,4,16,32,10,16,6
syrtis-2071971-aeon,38,17,70,20,1,14,3,4,16,32,10,17,6
syrtis-2071971-aeon,39,17,72,21,1,14,3,4,16,32,10,17,6
syrtis-2071971-aeon,40,19,73,22,1,14,3,4,16,32,10,19,6
syrtis-2071971-aeon,41,19,75,22,8,14,3,4,16,32,10,19,7
syrtis-2071971-aeon,42,19,78,9,1,14,3,3,16,32,10,19,7
syrtis-2071971-aeon,43,19,78,23,5,14,3,3,16,32,10,18,7
syrtis-2071971-aeon,44,17,78,9,1,16,3,3,16,32,10,18,7
syrtis-2071971-aeon,45,17,82,11,1,16,3,3,16,32,10,18,7
syrtis-2071971-aeon,46,17,83,16,18,16,3,3,16,32,10,18,7
syrtis-2071971-aeon,47,17,84,23,2,16,3,3,16,32,10,18,8
syrtis-2071971-aeon,48,17,83,12,1,16,3,3,16,32,10,18,8
syrtis-2071971-aeon,49,16,83,15,1,17,4,3,16,32,10,18,8
syrtis-2071971-aeon,50,15,83,22,1,19,5,3,16,32,10,18,8
syrtis-2071971-aeon,51,15,85,22,1,20,6,3,16,32,10,18,8
syrtis-2071971-aeon,52,15,85,0,0,20,6,3,16,32,10,18,8
syrtis-2071971-aeon,53,15,86,0,0,20,6,3,16,32,10,18,8
syrtis-2071971-aeon,54,16,85,22,1,20,6,3,16,32,10,18,8
syrtis-2071971-aeon,55,16,84,21,1,20,6,3,16,32,10,17,8
syrtis-2071971-aeon,56,16,87,21,1,20,6,3,16,32,10,17,8
syrtis-2071971-aeon,57,16,87,22,4,20,6,3,16,32,10,17,8
syrtis-2071971-sera,1,0,0,0,0,0,0,1,8,40,0,0,0
syrtis-2071971-sera,2,1,0,0,0,0,0,1,8,40,0,0,0
syrtis-2071971-sera,3,4,0,0,0,0,0,1,8,40,0,0,0
syrtis-2071971-sera,4,6,0,0,0,0,0,3,13,35,0,0,0
syrtis-2071971-sera,5,8,1,0,0,0,0,3,13,35,0,0,0
syrtis-2071971-sera,6,10,1,0,0,0,0,3,13,35,0,0,0
syrtis-2071971-sera,7,16,3,1,1,0,0,3,13,35,0,0,0
syrtis-2071971-sera,8,19,3,0,0,0,0,3,13,35,0,0,0
syrtis-2071971-sera,9,20,4,0,0,1,1,3,13,35,0,0,0
syrtis-2071971-sera,10,21,7,0,0,1,1,4,16,32,2,0,0
syrtis-2071971-sera,11,23,8,2,1,2,2,3,13,35,4,0,0
syrtis-2071971-sera,12,22,9,0,0,3,2,3,13,35,4,0,0
syrtis-2071971-sera,13,21,11,0,164,4,2,3,13,35,6,0,0
syrtis-2071971-sera,14,22,12,0,164,4,2,4,13,35,6,2,0
syrtis-2071971-sera,15,23,15,0,164,4,2,4,13,35,6,3,0
syrtis-2071971-sera,16,24,17,13,1,4,2,4,13,35,6,5,0
syrtis-2071971-sera,17,24,20,15,1,5,2,4,13,35,6,7,0
syrtis-2071971-sera,18,22,20,0,178,7,3,4,13,35,6,8,0
syrtis-2071971-sera,19,20,21,0,178,9,3,3,13,35,6,9,0
syrtis-2071971-sera,20,21,24,17,1,9,3,3,13,35,6,10,0
syrtis-2071971-sera,21,18,25,8,2,12,3,3,13,35,6,11,0
syrtis-2071971-sera,22,17,25,8,4,13,3,3,13,35,6,11,0
syrtis-2071971-sera,23,13,25,0,178,17,3,3,13,35,6,11,0
syrtis-2071971-sera,24,13,26,17,1,17,3,2,10,38,6,11,0
syrtis-2071971-sera,25,13,27,0,0,17,3,2,10,38,6,11,0
syrtis-2071971-sera,26,13,29,0,120,17,3,3,13,35,6,11,0
syrtis-2071971-sera,27,13,32,0,120,17,3,3,13,35,6,11,0
syrtis-2071971-sera,28,14,35,0,120,17,3,3,13,35,6,11,3
syrtis-2071971-sera,29,13,42,0,63,18,3,3,13,35,6,12,4
syrtis-2071971-sera,30,13,43,0,63,18,3,3,13,35,6,12,6
syrtis-2071971-sera,31,13,40,0,120,18,3,3,13,35,6,12,2
syrtis-2071971-sera,32,13,44,0,120,19,3,3,13,35,6,12,4
syrtis-2071971-sera,33,13,45,15,2,20,3,3,13,35,6,12,8
syrtis-2071971-sera,34,11,47,18,2,21,4,2,10,38,6,12,8
syrtis-2071971-sera,35,10,50,21,2,22,4,2,10,38,6,12,10
syrtis-2071971-sera,36,10,51,21,2,22,4,3,14,34,6,12,10
syrtis-2071971-sera,37,10,52,0,0,22,4,3,14,34,5,12,10
syrtis-2071971-sera,38,10,50,18,4,22,4,3,14,34,3,12,10
syrtis-2071971-uef,1,0,0,0,0,0,0,1,8,40,0,0,0
syrtis-2071971-uef,2,1,0,0,0,0,0,1,8,40,0,0,0
syrtis-2071971-uef,3,4,0,0,0,0,0,1,8,40,0,0,0
syrtis-2071971-uef,4,6,0,0,0,0,0,3,13,35,0,0,0
syrtis-2071971-uef,5,10,1,0,0,0,0,3,13,35,0,0,0
syrtis-2071971-uef,6,12,1,0,0,0,0,3,13,35,0,0,0
syrtis-2071971-uef,7,17,3,0,0,0,0,4,18,30,0,0,0
syrtis-2071971-uef,8,20,4,0,0,0,0,4,18,30,0,0,0
syrtis-2071971-uef,9,21,7,0,0,0,0,4,18,30,1,0,0
syrtis-2071971-uef,10,21,8,0,0,0,0,4,18,30,2,0,0
syrtis-2071971-uef,11,23,9,0,0,0,0,4,18,30,2,0,0
syrtis-2071971-uef,12,22,10,0,0,1,0,4,18,30,3,0,0
syrtis-2071971-uef,13,22,10,3,1,1,0,4,18,30,4,0,0
syrtis-2071971-uef,14,24,15,3,1,2,0,4,18,30,4,0,0
syrtis-2071971-uef,15,24,18,0,262,2,0,4,18,30,7,0,0
syrtis-2071971-uef,16,24,18,3,1,2,0,4,18,30,7,0,0
syrtis-2071971-uef,17,24,18,5,1,2,0,4,18,30,7,0,0
syrtis-2071971-uef,18,23,18,3,1,3,1,4,18,30,7,0,0
syrtis-2071971-uef,19,22,18,0,0,4,2,4,18,30,7,0,0
syrtis-2071971-uef,20,17,19,3,1,9,2,4,18,30,7,0,0
syrtis-2071971-uef,21,15,20,3,1,11,3,4,18,30,7,1,0
syrtis-2071971-uef,22,15,20,3,1,13,3,5,19,29,6,2,0
syrtis-2071971-uef,23,14,24,3,1,15,3,5,19,29,6,6,0
syrtis-2071971-uef,24,14,26,3,1,15,3,5,19,29,6,6,0
syrtis-2071971-uef,25,13,31,0,0,16,4,5,19,29,7,8,0
syrtis-2071971-uef,26,14,36,4,1,16,4,5,19,29,7,12,0
syrtis-2071971-uef,27,14,37,0,0,16,4,5,19,29,8,12,4
syrtis-2071971-uef,28,15,40,0,262,16,4,5,19,29,8,12,6
syrtis-2071971-uef,29,14,38,0,262,18,6,5,19,29,8,12,2
syrtis-2071971-uef,30,12,39,0,0,22,8,5,19,29,8,12,2
syrtis-2071971-uef,31,13,45,0,262,22,8,5,19,29,8,12,3
syrtis-424242-aeon,1,0,0,0,0,0,0,1,8,40,0,0,0
syrtis-424242-aeon,2,1,0,0,0,0,0,1,8,40,0,0,0
syrtis-424242-aeon,3,4,0,0,0,0,0,1,8,40,0,0,0
syrtis-424242-aeon,4,7,0,0,0,0,0,3,13,35,0,0,0
syrtis-424242-aeon,5,9,1,0,0,0,0,3,13,35,0,0,0
syrtis-424242-aeon,6,11,1,0,155,0,0,3,13,35,0,0,0
syrtis-424242-aeon,7,16,2,0,0,0,0,3,13,35,0,0,0
syrtis-424242-aeon,8,18,3,0,103,0,0,3,10,38,0,0,0
syrtis-424242-aeon,9,19,4,0,0,0,0,3,10,38,0,0,0
syrtis-424242-aeon,10,19,8,2,12,1,1,3,10,38,1,0,0
syrtis-424242-aeon,11,19,11,0,0,1,1,3,10,38,2,2,0
syrtis-424242-aeon,12,20,14,0,0,2,2,3,10,38,2,3,0
syrtis-424242-aeon,13,22,16,0,0,2,2,3,10,38,3,5,0
syrtis-424242-aeon,14,22,16,3,1,2,2,3,10,38,4,6,0
syrtis-424242-aeon,15,23,16,3,1,2,2,3,10,38,4,6,0
syrtis-424242-aeon,16,20,19,4,1,6,3,3,10,38,4,6,0
syrtis-424242-aeon,17,19,20,4,1,7,3,3,10,38,4,6,0
syrtis-424242-aeon,18,15,22,4,1,11,4,3,10,38,4,6,0
syrtis-424242-aeon,19,13,23,11,23,13,4,3,10,38,4,6,0
syrtis-424242-aeon,20,10,24,13,5,16,4,3,10,38,4,6,0
syrtis-424242-aeon,21,10,23,0,0,16,4,3,10,38,4,6,0
syrtis-424242-aeon,22,9,23,0,0,17,5,3,10,38,3,6,0
syrtis-424242-aeon,23,8,23,0,0,18,6,3,10,38,3,6,0
syrtis-424242-aeon,24,9,28,2,27,18,6,3,10,38,3,6,0
syrtis-424242-aeon,25,10,27,13,26,19,6,3,10,38,3,6,0
syrtis-424242-aeon,26,10,25,2,27,19,6,3,10,38,3,6,0
syrtis-424242-aeon,27,11,26,2,27,20,6,3,10,38,3,6,0
syrtis-424242-aeon,28,10,26,15,5,22,6,3,10,38,3,6,0
syrtis-424242-aeon,29,10,28,0,0,22,6,3,10,38,3,6,0
syrtis-424242-aeon,30,13,31,18,5,22,6,3,10,38,3,7,0
syrtis-424242-aeon,31,15,34,21,5,22,6,3,10,38,3,8,0
syrtis-424242-aeon,32,16,37,26,2,24,6,3,10,38,3,9,0
syrtis-424242-aeon,33,16,39,24,6,24,6,3,10,38,3,11,0
syrtis-424242-aeon,34,16,40,25,5,24,6,3,10,38,4,12,0
syrtis-424242-aeon,35,15,43,27,5,25,7,3,10,38,4,12,1
syrtis-424242-aeon,36,14,46,27,13,26,8,3,10,38,4,12,4
syrtis-424242-aeon,37,12,47,29,5,28,9,3,10,38,4,11,4
syrtis-424242-aeon,38,9,50,30,5,32,9,3,10,38,4,11,5
syrtis-424242-aeon,39,7,53,30,5,34,9,3,10,38,3,11,6
syrtis-424242-aeon,40,7,51,4,27,34,9,3,10,38,3,11,6
syrtis-424242-aeon,41,7,51,4,27,34,9,3,10,38,3,11,6
syrtis-424242-aeon,42,8,51,9,21,34,9,3,10,38,3,11,6
syrtis-424242-aeon,43,7,50,4,27,35,10,3,10,38,3,11,6
syrtis-424242-aeon,44,7,42,7,21,35,10,2,8,40,3,11,6
syrtis-424242-aeon,45,7,46,7,21,35,10,2,8,40,3,11,6
syrtis-424242-aeon,46,7,46,7,21,35,10,2,8,40,3,11,6
syrtis-424242-sera,1,0,0,0,0,0,0,1,8,40,0,0,0
syrtis-424242-sera,2,1,0,0,0,0,0,1,8,40,0,0,0
syrtis-424242-sera,3,4,0,0,0,0,0,1,8,40,0,0,0
syrtis-424242-sera,4,6,0,0,0,0,0,3,13,35,0,0,0
syrtis-424242-sera,5,9,1,0,0,0,0,3,13,35,0,0,0
syrtis-424242-sera,6,11,1,0,0,0,0,3,13,35,0,0,0
syrtis-424242-sera,7,18,2,0,0,0,0,2,10,38,0,0,0
syrtis-424242-sera,8,19,3,0,0,0,0,3,13,35,0,0,0
syrtis-424242-sera,9,19,2,0,0,0,0,2,10,38,0,0,0
syrtis-424242-sera,10,21,4,1,31,0,0,2,10,38,0,0,0
syrtis-424242-sera,11,22,7,0,0,0,0,3,16,32,1,1,0
syrtis-424242-sera,12,21,10,0,0,2,0,3,13,35,1,4,0
syrtis-424242-sera,13,21,12,8,15,2,0,3,16,32,1,7,0
syrtis-424242-sera,14,19,12,0,0,3,1,2,10,38,1,8,0
syrtis-424242-sera,15,18,12,0,0,4,2,2,10,38,1,8,0
syrtis-424242-sera,16,19,12,3,1,4,2,2,10,38,1,8,0
syrtis-424242-sera,17,19,14,0,0,4,2,2,10,38,1,8,0
syrtis-424242-sera,18,19,14,0,0,4,2,2,10,38,1,8,0
syrtis-424242-sera,19,14,12,3,1,9,3,2,10,38,1,8,0
syrtis-424242-sera,20,12,12,3,1,11,3,2,10,38,1,8,0
syrtis-424242-sera,21,10,13,4,2,13,3,2,10,38,1,8,0
syrtis-424242-sera,22,11,13,4,1,13,3,2,10,38,1,8,0
syrtis-424242-sera,23,10,14,4,1,14,4,2,10,38,1,8,0
syrtis-424242-sera,24,10,13,0,56,14,4,3,13,35,1,8,0
syrtis-424242-sera,25,10,13,4,1,14,4,3,13,35,1,8,0
syrtis-424242-sera,26,10,15,4,1,15,5,3,13,35,1,8,0
syrtis-424242-sera,27,9,14,3,1,16,5,3,13,35,1,8,0
syrtis-424242-sera,28,10,15,0,0,17,6,4,18,30,1,8,0
syrtis-424242-sera,29,9,17,0,65,18,6,4,18,30,1,8,0
syrtis-424242-sera,30,9,19,0,65,19,6,4,18,30,1,8,0
syrtis-424242-sera,31,9,19,0,115,19,6,4,18,30,1,8,1
syrtis-424242-sera,32,10,24,0,263,19,6,3,15,33,1,8,3
syrtis-424242-sera,33,10,25,3,1,20,6,3,15,33,1,8,3
syrtis-424242-sera,34,12,25,3,1,20,6,3,15,33,1,8,3
syrtis-424242-sera,35,13,25,3,1,20,6,3,15,33,1,8,3
syrtis-424242-sera,36,13,25,0,263,20,6,3,15,33,1,8,3
syrtis-424242-sera,37,15,25,2,1,20,6,3,15,33,0,8,3
syrtis-424242-sera,38,15,27,2,1,22,6,3,15,33,0,8,4
syrtis-424242-sera,39,13,21,2,1,24,6,3,15,33,0,6,6
syrtis-424242-sera,40,13,19,2,1,24,6,3,15,33,0,5,5
syrtis-424242-sera,41,13,19,2,1,25,6,3,15,33,0,5,5
syrtis-424242-sera,42,12,20,3,1,27,6,3,15,33,0,5,5
syrtis-424242-sera,43,12,21,3,1,27,6,3,15,33,0,5,6
syrtis-424242-sera,44,9,16,0,69,30,6,3,15,33,0,5,6
syrtis-424242-sera,45,8,15,0,69,31,7,3,15,33,0,4,6
syrtis-424242-sera,46,8,14,0,83,31,7,3,15,33,0,4,5
syrtis-424242-sera,47,9,14,0,83,31,7,3,15,33,0,3,5
syrtis-424242-sera,48,7,14,0,83,33,9,3,15,33,0,3,6
syrtis-424242-sera,49,8,14,9,16,33,9,3,15,33,0,3,6
syrtis-424242-sera,50,9,14,10,4,33,9,3,15,33,0,3,6
syrtis-424242-sera,51,7,9,5,6,35,11,3,15,33,0,0,4
syrtis-424242-sera,52,4,3,1,33,39,14,2,10,38,0,0,0
syrtis-424242-uef,1,0,0,0,0,0,0,1,8,40,0,0,0
syrtis-424242-uef,2,1,0,0,0,0,0,1,8,40,0,0,0
syrtis-424242-uef,3,4,0,0,0,0,0,1,8,40,0,0,0
syrtis-424242-uef,4,7,0,0,0,0,0,3,13,35,0,0,0
syrtis-424242-uef,5,9,1,0,0,0,0,3,13,35,0,0,0
syrtis-424242-uef,6,11,1,0,0,0,0,3,13,35,0,0,0
syrtis-424242-uef,7,16,3,0,0,0,0,3,13,35,0,0,0
syrtis-424242-uef,8,21,4,1,11,0,0,3,15,33,0,0,0
syrtis-424242-uef,9,22,5,0,0,0,0,3,15,33,1,0,0
syrtis-424242-uef,10,22,7,3,1,0,0,2,10,38,2,1,0
syrtis-424242-uef,11,22,12,0,0,0,0,3,13,35,2,2,0
syrtis-424242-uef,12,26,13,1,1,0,0,3,13,35,2,3,0
syrtis-424242-uef,13,27,15,1,1,0,0,3,13,35,2,5,0
syrtis-424242-uef,14,25,16,1,1,0,0,3,13,35,2,6,0
syrtis-424242-uef,15,21,15,0,120,4,0,3,13,35,2,6,0
syrtis-424242-uef,16,20,15,0,0,5,0,3,13,35,2,6,0
syrtis-424242-uef,17,18,17,0,120,7,1,4,17,31,2,6,0
syrtis-424242-uef,18,18,18,0,120,7,1,4,17,31,2,6,0
syrtis-424242-uef,19,18,19,0,120,7,1,4,17,31,3,6,0
syrtis-424242-uef,20,18,19,7,1,7,1,4,17,31,2,6,0
syrtis-424242-uef,21,21,19,7,1,7,1,4,17,31,3,6,0
syrtis-424242-uef,22,20,20,0,0,8,2,4,17,31,3,6,0
syrtis-424242-uef,23,20,20,7,1,10,2,4,17,31,3,6,0
syrtis-424242-uef,24,21,20,7,1,10,2,4,17,31,3,6,0
syrtis-424242-uef,25,21,21,0,120,10,2,4,17,31,3,6,0
syrtis-424242-uef,26,21,22,0,120,10,2,4,17,31,3,6,0
syrtis-424242-uef,27,21,22,0,120,10,2,4,17,31,3,6,0
syrtis-424242-uef,28,20,24,0,120,12,2,4,17,31,3,6,0
syrtis-424242-uef,29,20,27,0,120,12,2,4,17,31,3,7,0
syrtis-424242-uef,30,20,29,0,120,14,2,4,17,31,3,9,0
syrtis-424242-uef,31,22,33,0,120,14,2,4,17,31,3,11,2
syrtis-424242-uef,32,23,35,0,120,14,2,4,17,31,3,11,5
syrtis-424242-uef,33,23,38,0,114,14,2,4,17,31,3,11,6
syrtis-424242-uef,34,23,38,0,114,14,2,4,17,31,3,11,6
syrtis-424242-uef,35,22,38,0,114,15,2,4,17,31,3,11,6
syrtis-424242-uef,36,24,42,14,1,15,2,4,17,31,3,11,6
syrtis-424242-uef,37,26,42,0,114,16,2,4,17,31,3,11,6
syrtis-424242-uef,38,26,42,0,0,18,2,3,14,34,3,11,6
syrtis-424242-uef,39,25,43,0,0,20,2,3,14,34,3,11,7
syrtis-424242-uef,40,21,44,16,1,24,2,3,14,34,3,11,7
syrtis-424242-uef,41,21,50,17,1,24,2,3,14,34,3,11,7
syrtis-424242-uef,42,21,51,17,1,24,2,3,14,34,3,11,7
syrtis-424242-uef,43,21,52,18,1,24,2,3,14,34,3,11,7
syrtis-424242-uef,44,22,53,14,2,24,2,3,14,34,3,11,8
syrtis-424242-uef,45,21,55,20,1,25,2,3,14,34,3,11,8
syrtis-424242-uef,46,21,57,21,1,25,2,3,14,34,3,11,8
syrtis-424242-uef,47,19,56,22,1,27,2,3,14,34,3,11,9
syrtis-424242-uef,48,17,60,24,1,29,2,3,14,34,3,11,10
syrtis-424242-uef,49,17,61,0,0,29,2,3,14,34,3,11,10
syrtis-424242-uef,50,17,61,19,1,29,2,3,14,34,3,11,12
syrtis-424242-uef,51,16,60,25,1,30,2,3,14,34,3,11,12
syrtis-424242-uef,52,16,60,25,1,30,2,3,14,34,3,11,12
syrtis-424242-uef,53,16,62,26,1,30,2,3,14,34,3,11,12
syrtis-424242-uef,54,16,64,28,1,30,2,3,14,34,3,11,12
syrtis-424242-uef,55,16,65,29,1,30,2,3,14,34,3,11,13
syrtis-8675309-aeon,1,0,0,0,0,0,0,1,8,40,0,0,0
syrtis-8675309-aeon,2,1,0,0,0,0,0,1,8,40,0,0,0
syrtis-8675309-aeon,3,4,0,0,0,0,0,2,10,38,0,0,0
syrtis-8675309-aeon,4,7,0,0,0,0,0,3,13,35,0,0,0
syrtis-8675309-aeon,5,8,1,0,155,0,0,3,13,35,0,0,0
syrtis-8675309-aeon,6,10,1,0,155,0,0,3,13,35,0,0,0
syrtis-8675309-aeon,7,15,3,1,1,0,0,3,13,35,0,0,0
syrtis-8675309-aeon,8,24,3,0,0,0,0,4,17,31,0,0,0
syrtis-8675309-aeon,9,25,6,0,0,0,0,4,17,31,1,0,0
syrtis-8675309-aeon,10,24,7,4,1,1,0,4,17,31,1,0,0
syrtis-8675309-aeon,11,25,8,4,1,2,1,4,17,31,3,0,0
syrtis-8675309-aeon,12,27,9,4,1,2,1,4,17,31,3,0,0
syrtis-8675309-aeon,13,28,12,4,1,2,1,4,17,31,4,0,0
syrtis-8675309-aeon,14,29,12,4,1,2,1,4,17,31,5,0,0
syrtis-8675309-aeon,15,29,12,4,1,2,1,4,17,31,5,0,0
syrtis-8675309-aeon,16,28,10,2,10,3,2,4,17,31,5,0,0
syrtis-8675309-aeon,17,27,10,2,10,3,2,4,17,31,5,0,0
syrtis-8675309-aeon,18,25,8,0,127,5,2,4,17,31,4,0,0
syrtis-8675309-aeon,19,23,8,0,127,7,2,4,17,31,4,0,0
syrtis-8675309-aeon,20,22,8,0,127,8,2,4,16,32,4,0,0
syrtis-8675309-aeon,21,21,8,0,127,9,2,4,16,32,4,0,0
syrtis-8675309-aeon,22,18,9,0,125,14,2,4,16,32,4,0,0
syrtis-8675309-aeon,23,19,11,0,125,16,2,3,13,35,5,0,0
syrtis-8675309-aeon,24,19,15,5,1,18,2,2,10,38,5,2,0
syrtis-8675309-aeon,25,19,18,5,1,19,2,3,13,35,5,5,0
syrtis-8675309-aeon,26,21,19,5,1,20,2,3,13,35,5,6,0
syrtis-8675309-aeon,27,22,20,6,1,21,2,3,13,35,5,6,0
syrtis-8675309-aeon,28,21,22,8,1,22,2,3,13,35,5,6,0
syrtis-8675309-aeon,29,21,23,9,1,22,2,3,13,35,5,6,0
syrtis-8675309-aeon,30,21,25,0,125,22,2,3,13,35,5,6,0
syrtis-8675309-aeon,31,21,26,0,125,22,2,3,13,35,5,7,0
syrtis-8675309-aeon,32,21,27,0,125,22,2,3,13,35,5,9,0
syrtis-8675309-aeon,33,21,27,0,125,22,2,3,13,35,5,9,0
syrtis-8675309-aeon,34,25,33,0,228,22,2,4,16,32,5,9,0
syrtis-8675309-aeon,35,27,34,0,125,22,2,3,13,35,5,9,1
syrtis-8675309-aeon,36,26,37,0,113,24,2,4,17,31,5,9,1
syrtis-8675309-aeon,37,25,37,11,13,25,2,3,14,34,5,9,1
syrtis-8675309-aeon,38,27,43,0,153,25,2,4,17,31,6,10,3
syrtis-8675309-aeon,39,25,46,0,153,27,2,3,13,35,6,11,4
syrtis-8675309-aeon,40,26,47,0,153,27,2,2,10,38,6,11,6
syrtis-8675309-aeon,41,27,47,13,1,27,2,2,10,38,6,11,6
syrtis-8675309-aeon,42,31,56,0,247,27,2,3,15,33,6,11,7
syrtis-8675309-aeon,43,33,59,0,247,27,2,3,15,33,7,11,7
syrtis-8675309-aeon,44,34,61,0,0,27,2,2,10,38,7,11,7
syrtis-8675309-aeon,45,31,59,14,1,31,2,3,13,35,7,11,7
syrtis-8675309-aeon,46,30,62,1,1,31,2,3,13,35,7,11,8
syrtis-8675309-aeon,47,30,66,15,1,31,2,3,13,35,7,11,9
syrtis-8675309-aeon,48,30,73,3,1,31,2,3,13,35,8,11,9
syrtis-8675309-aeon,49,29,78,4,1,32,3,3,13,35,8,11,10
syrtis-8675309-aeon,50,29,79,5,1,32,3,3,13,35,9,11,10
syrtis-8675309-aeon,51,29,80,5,1,32,3,3,13,35,9,11,10
syrtis-8675309-aeon,52,30,83,5,1,32,3,3,13,35,9,11,10
syrtis-8675309-aeon,53,29,83,5,1,34,3,3,13,35,9,11,11
syrtis-8675309-aeon,54,29,83,5,1,34,3,3,13,35,9,11,11
syrtis-8675309-aeon,55,26,83,0,0,37,6,3,13,35,9,11,11
syrtis-8675309-aeon,56,24,82,5,1,40,6,3,13,35,9,11,11
syrtis-8675309-aeon,57,23,83,5,1,41,6,3,13,35,9,11,11
syrtis-8675309-aeon,58,23,83,5,1,41,6,3,13,35,9,11,11
syrtis-8675309-sera,1,0,0,0,0,0,0,1,8,40,0,0,0
syrtis-8675309-sera,2,1,0,0,0,0,0,1,8,40,0,0,0
syrtis-8675309-sera,3,4,0,0,0,0,0,1,8,40,0,0,0
syrtis-8675309-sera,4,6,0,0,0,0,0,3,13,35,0,0,0
syrtis-8675309-sera,5,7,1,0,0,0,0,3,13,35,0,0,0
syrtis-8675309-sera,6,10,1,0,0,0,0,3,13,35,0,0,0
syrtis-8675309-sera,7,16,3,1,1,0,0,3,13,35,0,0,0
syrtis-8675309-sera,8,19,4,0,0,0,0,4,18,30,1,0,0
syrtis-8675309-sera,9,21,5,1,1,0,0,4,18,30,1,0,0
syrtis-8675309-sera,10,22,6,0,0,0,0,5,21,27,3,0,0
syrtis-8675309-sera,11,21,9,1,1,2,2,5,21,27,5,0,0
syrtis-8675309-sera,12,23,10,0,0,2,2,5,21,27,5,0,0
syrtis-8675309-sera,13,26,10,0,0,3,2,5,21,27,5,0,0
syrtis-8675309-sera,14,24,13,0,0,4,2,5,21,27,5,2,0
syrtis-8675309-sera,15,21,16,5,1,7,2,5,21,27,5,3,0
syrtis-8675309-sera,16,20,15,0,0,9,2,5,21,27,5,4,0
syrtis-8675309-sera,17,19,17,0,124,10,2,6,24,24,5,6,0
syrtis-8675309-sera,18,19,18,0,124,10,2,6,24,24,5,6,0
syrtis-8675309-sera,19,17,19,0,234,12,2,6,24,24,5,6,0
syrtis-8675309-sera,20,18,19,0,261,12,2,6,24,24,5,6,0
syrtis-8675309-sera,21,15,19,0,124,16,2,6,24,24,5,6,0
syrtis-8675309-sera,22,15,20,4,1,16,2,5,21,27,5,6,0
syrtis-8675309-sera,23,14,20,4,1,17,2,5,21,27,5,6,0
syrtis-8675309-sera,24,14,21,0,261,17,2,5,21,27,5,6,0
syrtis-8675309-sera,25,12,23,4,1,19,2,4,18,30,5,6,0
syrtis-8675309-sera,26,11,24,0,227,20,2,3,13,35,5,6,0
syrtis-8675309-sera,27,11,31,4,1,20,2,3,13,35,5,6,2
syrtis-8675309-sera,28,11,32,4,1,21,2,3,13,35,5,6,4
syrtis-8675309-sera,29,11,36,0,227,21,2,3,13,35,5,6,5
syrtis-8675309-sera,30,11,38,6,1,21,2,3,13,35,5,6,7
syrtis-8675309-sera,31,10,38,0,0,22,2,3,13,35,5,6,7
syrtis-8675309-sera,32,10,38,0,221,22,2,3,13,35,5,6,7
syrtis-8675309-sera,33,10,38,6,1,22,2,3,13,35,5,6,7
syrtis-8675309-sera,34,10,39,0,0,22,2,3,13,35,5,6,7
syrtis-8675309-sera,35,12,40,6,1,22,2,3,13,35,5,6,7
syrtis-8675309-sera,36,16,41,0,176,23,2,3,13,35,5,6,7
syrtis-8675309-sera,37,19,43,0,176,24,2,3,13,35,5,6,7
syrtis-8675309-sera,38,19,44,0,176,24,2,3,13,35,5,6,7
syrtis-8675309-sera,39,19,44,0,176,24,2,3,13,35,5,6,7
syrtis-8675309-sera,40,14,46,8,1,29,2,3,13,35,5,6,7
syrtis-8675309-sera,41,12,47,28,2,31,2,3,13,35,5,6,7
syrtis-8675309-sera,42,11,47,8,1,33,2,3,13,35,5,6,7
syrtis-8675309-sera,43,10,49,8,1,34,2,3,13,35,5,6,7
syrtis-8675309-sera,44,10,49,8,1,34,2,3,13,35,5,6,7
syrtis-8675309-sera,45,14,50,0,220,34,2,3,13,35,5,6,7
syrtis-8675309-sera,46,14,50,0,220,34,2,3,13,35,5,6,8
syrtis-8675309-sera,47,14,50,8,1,34,2,3,13,35,5,6,8
syrtis-8675309-sera,48,14,49,8,1,34,2,3,13,35,5,6,8
syrtis-8675309-uef,1,0,0,0,0,0,0,1,8,40,0,0,0
syrtis-8675309-uef,2,1,0,0,0,0,0,1,8,40,0,0,0
syrtis-8675309-uef,3,4,0,0,0,0,0,1,8,40,0,0,0
syrtis-8675309-uef,4,6,0,0,0,0,0,3,13,35,0,0,0
syrtis-8675309-uef,5,10,0,0,0,0,0,3,13,35,0,0,0
syrtis-8675309-uef,6,12,1,0,155,0,0,3,13,35,0,0,0
syrtis-8675309-uef,7,17,2,0,0,0,0,3,13,35,0,0,0
syrtis-8675309-uef,8,20,4,0,0,0,0,3,13,35,0,0,0
syrtis-8675309-uef,9,21,5,0,0,0,0,4,18,30,1,0,0
syrtis-8675309-uef,10,20,7,0,0,1,1,4,18,30,3,0,0
syrtis-8675309-uef,11,21,9,3,1,1,1,4,18,30,4,0,0
syrtis-8675309-uef,12,23,9,3,1,1,1,4,18,30,5,0,0
syrtis-8675309-uef,13,25,10,3,1,1,1,4,18,30,5,0,0
syrtis-8675309-uef,14,24,14,3,1,1,1,4,18,30,6,0,0
syrtis-8675309-uef,15,26,16,3,1,1,1,4,18,30,7,0,0
syrtis-8675309-uef,16,26,17,3,1,2,2,5,22,26,7,0,0
syrtis-8675309-uef,17,24,16,0,134,4,4,5,22,26,7,0,0
syrtis-8675309-uef,18,24,15,0,0,4,4,5,22,26,6,0,0
syrtis-8675309-uef,19,24,14,0,0,4,4,5,22,26,6,0,0
syrtis-8675309-uef,20,23,15,0,134,5,4,5,22,26,6,0,0
syrtis-8675309-uef,21,23,16,0,57,5,4,4,17,31,6,1,0
syrtis-8675309-uef,22,22,15,0,60,6,4,4,17,31,6,2,0
syrtis-8675309-uef,23,21,18,6,5,7,4,4,17,31,6,2,0
syrtis-8675309-uef,24,19,23,0,112,8,4,4,17,31,7,4,0
syrtis-8675309-uef,25,20,25,0,112,10,4,4,17,31,7,6,0
syrtis-8675309-uef,26,19,27,0,112,12,4,4,17,31,7,8,0
syrtis-8675309-uef,27,18,30,0,0,13,4,4,17,31,7,9,0
syrtis-8675309-uef,28,16,31,0,0,16,4,4,17,31,7,9,0
syrtis-8675309-uef,29,15,35,0,112,18,5,4,17,31,7,10,0
syrtis-8675309-uef,30,12,36,0,55,21,6,4,17,31,7,11,2
syrtis-8675309-uef,31,14,40,0,112,22,6,5,19,29,7,11,5
syrtis-8675309-uef,32,14,48,9,1,25,6,4,17,31,8,12,6
syrtis-8675309-uef,33,14,50,0,112,26,6,4,17,31,8,12,6
syrtis-8675309-uef,34,13,47,0,112,28,8,4,17,31,7,11,6
syrtis-8675309-uef,35,13,50,0,112,28,8,4,17,31,7,11,6
syrtis-8675309-uef,36,14,51,0,112,28,8,4,17,31,7,11,6
syrtis-8675309-uef,37,12,47,0,112,30,8,3,13,35,7,11,6
syrtis-8675309-uef,38,12,47,0,112,30,8,3,13,35,7,11,6
syrtis-8675309-uef,39,16,48,8,1,30,8,3,13,35,7,11,6
syrtis-8675309-uef,40,17,47,0,112,30,8,3,13,35,7,11,7
syrtis-8675309-uef,41,17,50,0,106,30,8,3,13,35,7,11,7
syrtis-8675309-uef,42,17,48,0,112,30,8,3,13,35,6,11,7
syrtis-8675309-uef,43,17,50,0,112,31,8,3,13,35,6,11,7
