cell,sample,mex_claimed,sh_t1,sh_t2,sh_t3,aa_t1,aa_t2,aa_t3
isis-2071971-aeon,1,0,0,0,0,0,0,0
isis-2071971-aeon,2,3,0,0,0,0,0,0
isis-2071971-aeon,3,5,0,0,0,0,0,0
isis-2071971-aeon,4,8,0,0,0,0,0,0
isis-2071971-aeon,5,11,0,0,0,0,0,0
isis-2071971-aeon,6,17,0,0,0,0,0,0
isis-2071971-aeon,7,19,0,0,0,1,0,0
isis-2071971-aeon,8,22,0,0,0,1,0,0
isis-2071971-aeon,9,23,0,0,0,1,0,0
isis-2071971-aeon,10,23,0,0,0,3,0,0
isis-2071971-aeon,11,22,0,0,0,3,0,0
isis-2071971-aeon,12,20,0,0,0,4,0,0
isis-2071971-aeon,13,22,0,0,0,4,2,0
isis-2071971-aeon,14,22,0,0,0,5,3,0
isis-2071971-aeon,15,20,0,0,0,5,5,0
isis-2071971-aeon,16,20,0,0,0,6,6,0
isis-2071971-aeon,17,18,0,1,0,6,6,0
isis-2071971-aeon,18,19,0,2,0,7,6,0
isis-2071971-aeon,19,20,0,3,0,7,6,0
isis-2071971-aeon,20,22,0,3,0,7,8,0
isis-2071971-aeon,21,20,0,3,0,7,11,0
isis-2071971-aeon,22,20,0,7,0,7,12,0
isis-2071971-aeon,23,20,0,9,0,7,15,0
isis-2071971-aeon,24,19,0,9,0,7,15,0
isis-2071971-aeon,25,19,0,9,0,7,15,0
isis-2071971-aeon,26,19,0,9,0,7,15,0
isis-2071971-aeon,27,17,0,9,0,7,15,1
isis-2071971-aeon,28,17,0,9,0,7,15,2
isis-2071971-aeon,29,17,0,9,0,7,15,3
isis-2071971-aeon,30,16,0,9,0,7,15,3
isis-2071971-aeon,31,16,0,9,1,7,15,3
isis-2071971-aeon,32,18,0,9,1,7,15,3
isis-2071971-aeon,33,18,0,5,6,7,15,3
isis-2071971-aeon,34,18,0,5,6,7,15,4
isis-2071971-aeon,35,18,0,5,7,7,15,6
isis-2071971-aeon,36,17,0,5,7,7,15,6
isis-2071971-aeon,37,16,0,5,7,7,15,6
isis-2071971-aeon,38,16,0,5,7,7,15,6
isis-2071971-aeon,39,14,0,5,7,7,15,6
isis-2071971-aeon,40,13,0,5,7,7,15,7
isis-2071971-sera,1,0,0,0,0,0,0,0
isis-2071971-sera,2,3,0,0,0,0,0,0
isis-2071971-sera,3,5,0,0,0,0,0,0
isis-2071971-sera,4,9,0,0,0,0,0,0
isis-2071971-sera,5,12,0,0,0,0,0,0
isis-2071971-sera,6,15,0,0,0,0,0,0
isis-2071971-sera,7,18,0,0,0,0,0,0
isis-2071971-sera,8,22,0,0,0,0,0,0
isis-2071971-sera,9,21,0,0,0,1,0,0
isis-2071971-sera,10,22,0,0,0,2,0,0
isis-2071971-sera,11,22,0,0,0,2,0,0
isis-2071971-sera,12,19,0,0,0,2,2,0
isis-2071971-sera,13,17,0,1,0,2,3,0
isis-2071971-sera,14,18,0,2,0,2,3,0
isis-2071971-sera,15,15,0,2,0,2,5,0
isis-2071971-sera,16,15,0,3,0,2,6,0
isis-2071971-sera,17,15,0,3,0,2,9,0
isis-2071971-sera,18,15,0,3,0,2,11,0
isis-2071971-sera,19,15,0,3,0,2,12,0
isis-2071971-sera,20,14,0,5,0,2,12,0
isis-2071971-sera,21,14,0,5,0,2,12,0
isis-2071971-sera,22,12,0,5,0,2,7,1
isis-2071971-sera,23,14,0,5,0,2,7,2
isis-2071971-sera,24,14,0,7,0,2,7,3
isis-2071971-sera,25,16,0,7,0,2,7,3
isis-2071971-sera,26,14,0,7,2,2,7,3
isis-2071971-sera,27,14,0,7,2,2,7,4
isis-2071971-sera,28,15,0,7,2,2,7,6
isis-2071971-sera,29,17,0,7,3,2,7,7
isis-2071971-sera,30,17,0,7,3,2,7,7
isis-2071971-sera,31,17,0,7,3,2,7,7
isis-2071971-sera,32,18,0,7,3,2,7,7
isis-2071971-sera,33,17,0,7,3,2,7,7
isis-2071971-sera,34,16,0,7,4,2,7,7
isis-2071971-sera,35,16,0,7,4,2,7,7
isis-2071971-sera,36,16,0,7,4,2,7,7
isis-2071971-sera,37,16,0,6,5,2,7,7
isis-2071971-sera,38,16,0,6,5,2,7,8
isis-2071971-sera,39,18,0,6,5,2,7,9
isis-2071971-sera,40,18,0,6,5,2,7,11
isis-2071971-sera,41,18,0,6,5,2,7,12
isis-2071971-sera,42,18,0,6,7,2,7,12
isis-2071971-sera,43,18,0,6,8,2,7,12
isis-2071971-sera,44,16,0,6,5,2,7,12
isis-2071971-uef,1,0,0,0,0,0,0,0
isis-2071971-uef,2,3,0,0,0,0,0,0
isis-2071971-uef,3,5,0,0,0,0,0,0
isis-2071971-uef,4,8,0,0,0,0,0,0
isis-2071971-uef,5,12,0,0,0,0,0,0
isis-2071971-uef,6,18,0,0,0,0,0,0
isis-2071971-uef,7,20,0,0,0,1,0,0
isis-2071971-uef,8,22,0,0,0,1,0,0
isis-2071971-uef,9,22,0,0,0,1,0,0
isis-2071971-uef,10,22,0,0,0,2,0,0
isis-2071971-uef,11,22,0,0,0,4,0,0
isis-2071971-uef,12,21,0,0,0,5,0,0
isis-2071971-uef,13,21,0,0,0,5,0,0
isis-2071971-uef,14,21,0,0,0,5,0,0
isis-2071971-uef,15,22,0,0,0,5,1,0
isis-2071971-uef,16,22,0,0,0,5,3,0
isis-2071971-uef,17,20,0,0,0,5,4,0
isis-2071971-uef,18,18,0,2,0,4,6,0
isis-2071971-uef,19,16,0,2,0,4,7,0
isis-2071971-uef,20,15,0,3,0,4,7,0
isis-2071971-uef,21,15,0,3,0,4,8,0
isis-2071971-uef,22,16,0,3,0,4,8,0
isis-2071971-uef,23,17,0,4,0,4,8,0
isis-2071971-uef,24,18,0,4,0,4,8,0
isis-2071971-uef,25,20,0,4,0,4,8,1
isis-2071971-uef,26,20,0,4,0,4,8,3
isis-2071971-uef,27,19,0,4,0,4,9,4
isis-2071971-uef,28,19,0,4,0,4,10,5
isis-2071971-uef,29,19,0,5,0,4,12,5
isis-2071971-uef,30,18,0,5,0,4,12,5
isis-2071971-uef,31,17,0,5,0,4,13,5
isis-2071971-uef,32,17,0,3,2,4,13,6
isis-2071971-uef,33,17,0,4,2,4,13,6
isis-2071971-uef,34,17,0,4,2,4,13,6
isis-2071971-uef,35,16,0,6,3,4,13,6
isis-2071971-uef,36,16,0,5,5,4,14,6
isis-2071971-uef,37,16,0,5,5,4,14,6
isis-2071971-uef,38,16,0,5,5,4,14,6
isis-2071971-uef,39,17,0,3,7,4,14,6
isis-2071971-uef,40,17,0,3,7,4,14,6
isis-2071971-uef,41,15,0,1,9,4,14,6
isis-2071971-uef,42,17,0,1,9,4,14,7
isis-2071971-uef,43,17,0,0,10,4,14,8
isis-2071971-uef,44,18,0,0,10,4,14,8
isis-2071971-uef,45,19,0,0,12,4,14,8
isis-2071971-uef,46,18,0,0,13,4,14,8
isis-2071971-uef,47,18,0,0,13,4,14,9
isis-2071971-uef,48,18,0,0,14,4,14,9
isis-2071971-uef,49,18,0,0,14,4,14,12
isis-2071971-uef,50,18,0,0,14,4,14,12
isis-2071971-uef,51,17,0,0,14,4,14,12
isis-2071971-uef,52,17,0,0,15,4,14,13
isis-2071971-uef,53,16,0,0,15,4,14,13
isis-2071971-uef,54,16,0,0,15,4,15,13
isis-2071971-uef,55,17,0,1,15,4,16,13
isis-2071971-uef,56,16,0,2,15,4,16,13
isis-2071971-uef,57,16,0,2,15,4,16,13
isis-2071971-uef,58,16,0,2,15,4,16,13
isis-2071971-uef,59,16,0,2,15,4,16,14
isis-2071971-uef,60,16,0,2,15,4,16,15
isis-2071971-uef,61,16,0,2,15,4,16,17
isis-2071971-uef,62,16,0,2,15,4,16,17
isis-2071971-uef,63,15,0,2,16,4,16,17
isis-2071971-uef,64,14,0,2,15,4,16,17
isis-2071971-uef,65,15,0,2,15,4,16,17
isis-2071971-uef,66,15,0,2,16,4,16,17
isis-2071971-uef,67,16,0,2,15,4,16,17
isis-2071971-uef,68,16,0,2,15,4,16,17
isis-2071971-uef,69,15,0,0,17,4,16,17
isis-2071971-uef,70,15,0,0,17,4,16,17
isis-2071971-uef,71,15,0,0,17,4,16,17
isis-2071971-uef,72,15,0,0,17,4,16,17
isis-2071971-uef,73,14,0,0,18,4,16,17
isis-424242-aeon,1,0,0,0,0,0,0,0
isis-424242-aeon,2,3,0,0,0,0,0,0
isis-424242-aeon,3,5,0,0,0,0,0,0
isis-424242-aeon,4,9,0,0,0,0,0,0
isis-424242-aeon,5,11,0,0,0,0,0,0
isis-424242-aeon,6,16,0,0,0,0,0,0
isis-424242-aeon,7,19,0,0,0,0,0,0
isis-424242-aeon,8,22,0,0,0,1,0,0
isis-424242-aeon,9,20,0,0,0,1,0,0
isis-424242-aeon,10,19,0,0,0,3,0,0
isis-424242-aeon,11,21,0,0,0,3,0,0
isis-424242-aeon,12,22,0,0,0,4,0,0
isis-424242-aeon,13,22,0,0,0,6,1,0
isis-424242-aeon,14,22,0,0,0,6,2,0
isis-424242-aeon,15,18,0,0,0,6,3,0
isis-424242-aeon,16,17,0,0,0,6,5,0
isis-424242-aeon,17,17,0,1,0,6,6,0
isis-424242-aeon,18,16,0,3,0,6,7,0
isis-424242-aeon,19,16,0,3,0,6,8,0
isis-424242-aeon,20,16,0,3,0,6,9,0
isis-424242-aeon,21,18,0,3,0,6,11,0
isis-424242-aeon,22,17,0,3,0,6,12,0
isis-424242-aeon,23,17,0,3,0,6,12,0
isis-424242-aeon,24,16,0,4,0,6,12,0
isis-424242-aeon,25,16,0,5,0,6,12,0
isis-424242-aeon,26,16,0,5,0,6,12,0
isis-424242-aeon,27,16,0,5,0,6,12,2
isis-424242-aeon,28,16,0,5,1,6,12,5
isis-424242-aeon,29,15,0,4,1,6,12,7
isis-424242-aeon,30,15,0,4,1,6,12,7
isis-424242-aeon,31,15,0,4,2,6,12,9
isis-424242-aeon,32,14,0,4,5,6,12,10
isis-424242-aeon,33,15,0,4,5,6,12,10
isis-424242-aeon,34,13,0,4,5,6,12,12
isis-424242-aeon,35,13,0,4,5,6,12,13
isis-424242-aeon,36,12,0,4,6,6,12,14
isis-424242-sera,1,0,0,0,0,0,0,0
isis-424242-sera,2,3,0,0,0,0,0,0
isis-424242-sera,3,5,0,0,0,0,0,0
isis-424242-sera,4,8,0,0,0,0,0,0
isis-424242-sera,5,11,0,0,0,0,0,0
isis-424242-sera,6,15,0,0,0,0,0,0
isis-424242-sera,7,19,0,0,0,0,0,0
isis-424242-sera,8,20,0,0,0,0,0,0
isis-424242-sera,9,23,0,0,0,0,0,0
isis-424242-sera,10,22,0,0,0,1,0,0
isis-424242-sera,11,22,0,0,0,3,0,0
isis-424242-sera,12,22,0,0,0,5,3,0
isis-424242-sera,13,22,0,0,0,5,5,0
isis-424242-sera,14,22,0,2,0,5,6,0
isis-424242-sera,15,21,0,2,0,5,6,0
isis-424242-sera,16,20,0,3,0,5,6,0
isis-424242-sera,17,18,0,3,0,5,6,0
isis-424242-sera,18,16,0,3,0,5,6,0
isis-424242-sera,19,15,0,3,0,5,6,0
isis-424242-sera,20,15,0,4,0,3,8,0
isis-424242-sera,21,13,0,4,0,3,9,0
isis-424242-sera,22,12,0,4,0,2,10,1
isis-424242-sera,23,12,0,4,0,2,10,2
isis-424242-sera,24,12,0,4,0,2,10,3
isis-424242-sera,25,11,0,4,0,2,10,4
isis-424242-sera,26,11,0,5,0,2,10,5
isis-424242-sera,27,10,0,5,0,2,8,5
isis-424242-sera,28,10,0,5,0,2,7,5
isis-424242-sera,29,11,0,5,0,2,6,5
isis-424242-sera,30,10,0,5,0,2,6,5
isis-424242-sera,31,9,0,5,1,2,6,6
isis-424242-sera,32,8,0,5,1,2,6,6
isis-424242-sera,33,8,0,5,1,2,6,6
isis-424242-sera,34,8,0,5,3,2,6,6
isis-424242-sera,35,8,0,4,4,2,6,6
isis-424242-sera,36,8,0,4,4,2,6,6
isis-424242-sera,37,8,0,4,5,2,6,6
isis-424242-uef,1,0,0,0,0,0,0,0
isis-424242-uef,2,3,0,0,0,0,0,0
isis-424242-uef,3,5,0,0,0,0,0,0
isis-424242-uef,4,9,0,0,0,0,0,0
isis-424242-uef,5,12,0,0,0,0,0,0
isis-424242-uef,6,17,0,0,0,0,0,0
isis-424242-uef,7,17,0,0,0,0,0,0
isis-424242-uef,8,20,0,0,0,1,0,0
isis-424242-uef,9,21,0,0,0,1,0,0
isis-424242-uef,10,18,0,0,0,2,0,0
isis-424242-uef,11,16,0,0,0,4,0,0
isis-424242-uef,12,16,0,0,0,4,0,0
isis-424242-uef,13,16,0,0,0,4,0,0
isis-424242-uef,14,16,0,0,0,5,2,0
isis-424242-uef,15,16,0,0,0,5,3,0
isis-424242-uef,16,16,0,0,0,5,5,0
isis-424242-uef,17,15,0,0,0,7,6,0
isis-424242-uef,18,16,0,1,0,6,6,0
isis-424242-uef,19,16,0,2,0,6,6,0
isis-424242-uef,20,16,0,2,0,6,6,0
isis-424242-uef,21,16,0,3,0,6,6,0
isis-424242-uef,22,16,0,3,0,6,6,0
isis-424242-uef,23,16,0,3,0,6,6,0
isis-424242-uef,24,19,0,4,0,6,6,0
isis-424242-uef,25,19,0,4,0,6,6,0
isis-424242-uef,26,19,0,4,0,6,6,0
isis-424242-uef,27,19,0,5,0,8,6,0
isis-424242-uef,28,21,0,5,0,8,6,0
isis-424242-uef,29,19,0,5,0,8,7,0
isis-424242-uef,30,20,0,5,0,9,7,0
isis-424242-uef,31,21,0,6,0,10,8,0
isis-424242-uef,32,22,0,7,0,10,8,0
isis-424242-uef,33,21,0,8,0,10,9,0
isis-424242-uef,34,21,0,8,0,11,10,0
isis-424242-uef,35,21,0,8,0,11,11,0
isis-424242-uef,36,21,0,6,2,11,12,1
isis-424242-uef,37,20,0,6,3,11,12,2
isis-424242-uef,38,18,0,5,5,11,12,2
isis-424242-uef,39,18,0,5,5,8,12,2
isis-424242-uef,40,18,0,5,5,7,12,2
isis-424242-uef,41,16,0,5,6,7,12,2
isis-424242-uef,42,16,0,5,6,7,12,3
isis-424242-uef,43,15,0,4,7,7,12,4
isis-424242-uef,44,14,0,2,8,7,12,5
isis-424242-uef,45,15,0,0,7,7,12,6
isis-424242-uef,46,15,0,0,7,7,11,6
isis-424242-uef,47,16,0,0,7,7,11,6
isis-424242-uef,48,16,0,0,7,7,11,6
isis-424242-uef,49,16,0,0,7,7,11,6
isis-424242-uef,50,15,0,0,7,7,11,6
isis-424242-uef,51,15,0,0,8,7,6,6
isis-424242-uef,52,15,0,0,8,7,6,7
isis-424242-uef,53,15,0,0,8,7,6,8
isis-424242-uef,54,13,0,0,9,7,6,9
isis-424242-uef,55,13,0,0,9,6,5,9
isis-424242-uef,56,14,0,0,8,6,5,9
isis-424242-uef,57,15,0,0,8,7,5,9
isis-424242-uef,58,15,0,0,10,7,6,9
isis-424242-uef,59,14,0,0,10,6,6,9
isis-424242-uef,60,13,0,0,11,6,7,8
isis-424242-uef,61,14,0,0,11,6,7,8
isis-424242-uef,62,14,0,0,11,6,7,8
isis-424242-uef,63,14,0,0,11,6,7,8
isis-424242-uef,64,14,0,0,11,6,7,8
isis-424242-uef,65,16,0,0,11,6,7,8
isis-424242-uef,66,14,0,0,11,6,7,8
isis-424242-uef,67,14,0,0,11,6,8,8
isis-8675309-aeon,1,0,0,0,0,0,0,0
isis-8675309-aeon,2,3,0,0,0,0,0,0
isis-8675309-aeon,3,5,0,0,0,0,0,0
isis-8675309-aeon,4,8,0,0,0,0,0,0
isis-8675309-aeon,5,10,0,0,0,0,0,0
isis-8675309-aeon,6,17,0,0,0,0,0,0
isis-8675309-aeon,7,19,0,0,0,0,0,0
isis-8675309-aeon,8,20,0,0,0,0,0,0
isis-8675309-aeon,9,22,0,0,0,1,0,0
isis-8675309-aeon,10,22,0,0,0,4,0,0
isis-8675309-aeon,11,22,0,0,0,4,0,0
isis-8675309-aeon,12,22,0,0,0,5,0,0
isis-8675309-aeon,13,22,0,0,0,5,0,0
isis-8675309-aeon,14,22,0,0,0,6,0,0
isis-8675309-aeon,15,21,0,0,0,2,0,0
isis-8675309-aeon,16,18,0,0,0,2,0,0
isis-8675309-aeon,17,16,0,0,0,2,0,0
isis-8675309-aeon,18,15,0,0,0,3,0,0
isis-8675309-aeon,19,12,0,0,0,3,0,0
isis-8675309-aeon,20,13,0,0,0,4,0,0
isis-8675309-aeon,21,14,0,0,0,4,1,0
isis-8675309-aeon,22,14,0,0,0,4,3,0
isis-8675309-aeon,23,14,0,1,0,4,6,0
isis-8675309-aeon,24,14,0,3,0,4,6,0
isis-8675309-aeon,25,12,0,2,0,4,6,0
isis-8675309-aeon,26,13,0,4,0,4,6,0
isis-8675309-aeon,27,14,0,5,0,4,6,0
isis-8675309-aeon,28,14,0,5,0,4,6,0
isis-8675309-aeon,29,16,0,7,0,4,6,0
isis-8675309-aeon,30,16,0,7,0,4,6,1
isis-8675309-aeon,31,16,0,7,0,4,6,3
isis-8675309-aeon,32,16,0,7,0,4,6,5
isis-8675309-aeon,33,17,0,7,0,4,6,6
isis-8675309-aeon,34,17,0,6,2,4,6,6
isis-8675309-aeon,35,16,0,6,2,4,6,8
isis-8675309-aeon,36,16,0,6,2,4,6,9
isis-8675309-aeon,37,15,0,4,5,4,6,10
isis-8675309-aeon,38,16,0,4,7,4,6,10
isis-8675309-aeon,39,16,0,4,7,4,6,11
isis-8675309-aeon,40,15,0,4,7,4,6,12
isis-8675309-aeon,41,14,0,2,8,4,6,13
isis-8675309-sera,1,0,0,0,0,0,0,0
isis-8675309-sera,2,3,0,0,0,0,0,0
isis-8675309-sera,3,5,0,0,0,0,0,0
isis-8675309-sera,4,9,0,0,0,0,0,0
isis-8675309-sera,5,10,0,0,0,0,0,0
isis-8675309-sera,6,17,0,0,0,0,0,0
isis-8675309-sera,7,20,0,0,0,0,0,0
isis-8675309-sera,8,21,0,0,0,1,0,0
isis-8675309-sera,9,22,0,0,0,1,0,0
isis-8675309-sera,10,25,0,0,0,3,0,0
isis-8675309-sera,11,25,0,0,0,4,0,0
isis-8675309-sera,12,25,0,0,0,4,2,0
isis-8675309-sera,13,22,0,0,0,5,4,0
isis-8675309-sera,14,20,0,1,0,5,5,0
isis-8675309-sera,15,18,0,3,0,5,7,0
isis-8675309-sera,16,18,0,3,0,6,11,0
isis-8675309-sera,17,15,0,3,0,6,11,0
isis-8675309-sera,18,16,0,5,0,7,11,0
isis-8675309-sera,19,16,0,5,0,7,12,0
isis-8675309-sera,20,16,0,6,0,7,12,0
isis-8675309-sera,21,16,0,6,0,7,12,0
isis-8675309-sera,22,16,0,6,0,7,12,0
isis-8675309-sera,23,16,0,6,0,6,12,0
isis-8675309-sera,24,15,0,6,0,6,12,0
isis-8675309-sera,25,16,0,6,0,6,12,1
isis-8675309-sera,26,16,0,6,0,6,12,2
isis-8675309-sera,27,15,0,6,0,6,12,3
isis-8675309-sera,28,15,0,6,0,6,12,4
isis-8675309-sera,29,15,0,6,1,6,12,5
isis-8675309-sera,30,15,0,6,1,6,12,6
isis-8675309-sera,31,16,0,4,4,6,12,6
isis-8675309-sera,32,16,0,4,5,6,12,6
isis-8675309-sera,33,16,0,4,5,6,12,6
isis-8675309-sera,34,16,0,4,5,6,12,6
isis-8675309-sera,35,16,0,3,6,6,12,6
isis-8675309-sera,36,15,0,3,7,6,12,6
isis-8675309-sera,37,15,0,3,7,6,12,6
isis-8675309-sera,38,15,0,3,7,6,12,6
isis-8675309-sera,39,15,0,2,8,6,12,6
isis-8675309-sera,40,15,0,2,9,6,12,6
isis-8675309-sera,41,15,0,2,9,6,12,6
isis-8675309-sera,42,15,0,2,9,6,12,6
isis-8675309-sera,43,14,0,2,8,6,12,6
isis-8675309-sera,44,14,0,2,8,6,12,8
isis-8675309-sera,45,13,0,1,9,5,12,10
isis-8675309-sera,46,13,0,1,8,5,12,10
isis-8675309-sera,47,13,0,1,8,5,12,10
isis-8675309-uef,1,0,0,0,0,0,0,0
isis-8675309-uef,2,3,0,0,0,0,0,0
isis-8675309-uef,3,5,0,0,0,0,0,0
isis-8675309-uef,4,9,0,0,0,0,0,0
isis-8675309-uef,5,11,0,0,0,0,0,0
isis-8675309-uef,6,16,0,0,0,0,0,0
isis-8675309-uef,7,18,0,0,0,0,0,0
isis-8675309-uef,8,19,0,0,0,0,0,0
isis-8675309-uef,9,21,0,0,0,0,0,0
isis-8675309-uef,10,21,0,0,0,2,0,0
isis-8675309-uef,11,21,0,0,0,3,0,0
isis-8675309-uef,12,20,0,0,0,4,0,0
isis-8675309-uef,13,21,0,0,0,5,0,0
isis-8675309-uef,14,20,0,0,0,7,0,0
isis-8675309-uef,15,17,0,0,0,7,0,0
isis-8675309-uef,16,18,0,0,0,7,0,0
isis-8675309-uef,17,17,0,0,0,7,0,0
isis-8675309-uef,18,16,0,0,0,7,0,0
isis-8675309-uef,19,16,0,0,0,7,0,0
isis-8675309-uef,20,16,0,0,0,7,0,0
isis-8675309-uef,21,15,0,0,0,5,0,0
isis-8675309-uef,22,15,0,0,0,1,0,0
isis-8675309-uef,23,15,0,0,0,2,0,0
isis-8675309-uef,24,15,0,0,0,2,0,0
isis-8675309-uef,25,15,0,0,0,2,0,0
isis-8675309-uef,26,15,0,0,0,2,1,0
isis-8675309-uef,27,13,0,0,0,2,3,0
isis-8675309-uef,28,13,0,1,0,2,6,0
isis-8675309-uef,29,13,0,3,0,2,6,0
isis-8675309-uef,30,13,0,4,0,2,6,0
isis-8675309-uef,31,13,0,6,0,2,6,0
isis-8675309-uef,32,14,0,6,0,2,6,0
isis-8675309-uef,33,15,0,6,0,2,6,0
isis-8675309-uef,34,15,0,6,0,2,6,0
isis-8675309-uef,35,15,0,6,0,2,6,0
isis-8675309-uef,36,15,0,6,0,2,6,0
isis-8675309-uef,37,15,0,6,0,2,6,0
isis-8675309-uef,38,15,0,7,0,2,6,0
isis-8675309-uef,39,16,0,7,1,2,8,0
isis-8675309-uef,40,15,0,4,1,2,7,1
isis-8675309-uef,41,14,0,4,1,2,7,3
isis-8675309-uef,42,13,0,3,1,2,5,5
isis-8675309-uef,43,11,0,3,1,2,5,5
isis-8675309-uef,44,11,0,3,1,2,5,6
isis-8675309-uef,45,11,0,3,1,2,5,6
isis-8675309-uef,46,11,0,4,3,2,5,6
isis-8675309-uef,47,12,0,4,3,2,5,6
isis-8675309-uef,48,11,0,5,3,2,5,6
isis-8675309-uef,49,12,0,5,3,2,5,6
syrtis-2071971-aeon,1,0,0,0,0,0,0,0
syrtis-2071971-aeon,2,1,0,0,0,0,0,0
syrtis-2071971-aeon,3,4,0,0,0,0,0,0
syrtis-2071971-aeon,4,8,0,0,0,0,0,0
syrtis-2071971-aeon,5,9,0,0,0,0,0,0
syrtis-2071971-aeon,6,11,0,0,0,0,0,0
syrtis-2071971-aeon,7,17,0,0,0,0,0,0
syrtis-2071971-aeon,8,19,0,0,0,0,0,0
syrtis-2071971-aeon,9,21,0,0,0,0,0,0
syrtis-2071971-aeon,10,21,0,0,0,1,0,0
syrtis-2071971-aeon,11,23,0,0,0,1,0,0
syrtis-2071971-aeon,12,22,0,0,0,3,0,0
syrtis-2071971-aeon,13,26,0,0,0,3,0,0
syrtis-2071971-aeon,14,26,0,0,0,3,0,0
syrtis-2071971-aeon,15,26,0,0,0,5,1,0
syrtis-2071971-aeon,16,24,0,1,0,5,2,0
syrtis-2071971-aeon,17,19,0,2,0,7,4,0
syrtis-2071971-aeon,18,18,0,2,0,8,6,0
syrtis-2071971-aeon,19,17,0,3,0,8,6,0
syrtis-2071971-aeon,20,18,0,3,0,8,7,0
syrtis-2071971-aeon,21,19,0,3,0,8,7,0
syrtis-2071971-aeon,22,19,0,3,0,8,7,0
syrtis-2071971-aeon,23,18,0,4,0,8,7,0
syrtis-2071971-aeon,24,17,0,5,0,8,8,0
syrtis-2071971-aeon,25,13,0,5,0,8,9,0
syrtis-2071971-aeon,26,13,0,5,0,8,8,0
syrtis-2071971-aeon,27,13,0,5,0,8,9,0
syrtis-2071971-aeon,28,13,0,6,0,8,10,2
syrtis-2071971-aeon,29,13,0,6,0,8,10,3
syrtis-2071971-aeon,30,11,0,7,2,8,10,4
syrtis-2071971-aeon,31,11,0,7,2,8,11,5
syrtis-2071971-aeon,32,12,0,7,3,8,11,5
syrtis-2071971-aeon,33,12,0,7,4,8,12,5
syrtis-2071971-aeon,34,11,0,7,4,8,12,4
syrtis-2071971-aeon,35,11,0,4,5,8,13,2
syrtis-2071971-aeon,36,12,0,4,5,8,14,4
syrtis-2071971-aeon,37,11,0,4,5,8,15,6
syrtis-2071971-aeon,38,11,0,5,5,8,15,7
syrtis-2071971-aeon,39,12,0,5,5,8,15,9
syrtis-2071971-aeon,40,10,0,6,5,8,16,9
syrtis-2071971-aeon,41,10,0,7,5,8,16,9
syrtis-2071971-aeon,42,10,0,7,6,8,16,10
syrtis-2071971-aeon,43,6,0,6,2,5,15,6
syrtis-2071971-sera,1,0,0,0,0,0,0,0
syrtis-2071971-sera,2,1,0,0,0,0,0,0
syrtis-2071971-sera,3,4,0,0,0,0,0,0
syrtis-2071971-sera,4,6,0,0,0,0,0,0
syrtis-2071971-sera,5,8,0,0,0,0,0,0
syrtis-2071971-sera,6,10,0,0,0,0,0,0
syrtis-2071971-sera,7,16,0,0,0,0,0,0
syrtis-2071971-sera,8,19,0,0,0,0,0,0
syrtis-2071971-sera,9,20,0,0,0,0,0,0
syrtis-2071971-sera,10,21,0,0,0,2,0,0
syrtis-2071971-sera,11,23,0,0,0,4,0,0
syrtis-2071971-sera,12,22,0,0,0,4,0,0
syrtis-2071971-sera,13,21,0,0,0,6,0,0
syrtis-2071971-sera,14,22,0,0,0,6,2,0
syrtis-2071971-sera,15,23,0,0,0,6,3,0
syrtis-2071971-sera,16,24,0,0,0,6,5,0
syrtis-2071971-sera,17,24,0,0,0,6,7,0
syrtis-2071971-sera,18,22,0,0,0,6,8,0
syrtis-2071971-sera,19,20,0,0,0,6,9,0
syrtis-2071971-sera,20,21,0,1,0,6,10,0
syrtis-2071971-sera,21,19,0,1,0,6,11,0
syrtis-2071971-sera,22,17,0,1,0,6,11,0
syrtis-2071971-sera,23,15,0,3,0,6,11,0
syrtis-2071971-sera,24,15,0,3,0,6,11,0
syrtis-2071971-sera,25,14,0,3,0,6,11,0
syrtis-2071971-sera,26,14,0,3,0,6,11,0
syrtis-2071971-sera,27,14,0,3,0,6,11,1
syrtis-2071971-sera,28,14,0,5,0,6,11,3
syrtis-2071971-sera,29,13,0,6,0,7,12,4
syrtis-2071971-sera,30,13,0,6,0,7,12,4
syrtis-2071971-sera,31,13,0,7,0,7,11,4
syrtis-2071971-sera,32,13,0,8,0,7,11,4
syrtis-2071971-sera,33,14,0,8,0,7,11,4
syrtis-2071971-sera,34,16,0,8,0,8,11,4
syrtis-2071971-sera,35,16,0,8,0,8,11,4
syrtis-2071971-sera,36,16,0,8,2,8,11,4
syrtis-2071971-sera,37,15,0,7,3,8,11,6
syrtis-2071971-sera,38,15,0,7,3,8,11,6
syrtis-2071971-sera,39,13,0,7,3,8,10,6
syrtis-2071971-sera,40,11,0,7,3,8,9,6
syrtis-2071971-sera,41,11,0,7,4,8,8,6
syrtis-2071971-sera,42,9,0,7,4,8,8,6
syrtis-2071971-sera,43,9,0,7,4,8,7,6
syrtis-2071971-sera,44,7,0,6,0,8,7,6
syrtis-2071971-uef,1,0,0,0,0,0,0,0
syrtis-2071971-uef,2,1,0,0,0,0,0,0
syrtis-2071971-uef,3,4,0,0,0,0,0,0
syrtis-2071971-uef,4,6,0,0,0,0,0,0
syrtis-2071971-uef,5,10,0,0,0,0,0,0
syrtis-2071971-uef,6,12,0,0,0,0,0,0
syrtis-2071971-uef,7,17,0,0,0,0,0,0
syrtis-2071971-uef,8,20,0,0,0,0,0,0
syrtis-2071971-uef,9,21,0,0,0,1,0,0
syrtis-2071971-uef,10,21,0,0,0,2,0,0
syrtis-2071971-uef,11,23,0,0,0,2,0,0
syrtis-2071971-uef,12,22,0,0,0,3,0,0
syrtis-2071971-uef,13,22,0,0,0,4,0,0
syrtis-2071971-uef,14,24,0,0,0,4,0,0
syrtis-2071971-uef,15,24,0,0,0,7,0,0
syrtis-2071971-uef,16,24,0,0,0,7,0,0
syrtis-2071971-uef,17,24,0,0,0,7,0,0
syrtis-2071971-uef,18,23,0,0,0,7,0,0
syrtis-2071971-uef,19,22,0,0,0,7,0,0
syrtis-2071971-uef,20,17,0,0,0,7,0,0
syrtis-2071971-uef,21,15,0,0,0,7,1,0
syrtis-2071971-uef,22,15,0,0,0,6,2,0
syrtis-2071971-uef,23,14,0,0,0,6,6,0
syrtis-2071971-uef,24,15,0,0,0,6,6,0
syrtis-2071971-uef,25,15,0,1,0,7,6,0
syrtis-2071971-uef,26,17,0,2,0,7,6,0
syrtis-2071971-uef,27,16,0,2,0,8,6,2
syrtis-2071971-uef,28,17,0,3,0,8,6,5
syrtis-2071971-uef,29,16,0,3,1,8,6,6
syrtis-2071971-uef,30,16,0,3,2,8,6,6
syrtis-2071971-uef,31,19,0,3,2,8,6,6
syrtis-2071971-uef,32,18,0,3,3,8,6,6
syrtis-2071971-uef,33,19,0,3,4,8,6,7
syrtis-2071971-uef,34,20,0,2,5,8,6,8
syrtis-2071971-uef,35,23,0,3,5,8,6,9
syrtis-2071971-uef,36,23,0,3,5,7,6,9
syrtis-2071971-uef,37,24,0,3,5,7,6,9
syrtis-2071971-uef,38,24,0,3,5,8,6,9
syrtis-2071971-uef,39,22,0,3,5,8,7,9
syrtis-2071971-uef,40,20,0,3,5,8,7,9
syrtis-2071971-uef,41,17,0,1,7,7,7,9
syrtis-2071971-uef,42,17,0,1,7,7,7,9
syrtis-2071971-uef,43,16,0,1,7,7,7,9
syrtis-2071971-uef,44,13,0,1,7,7,7,9
syrtis-2071971-uef,45,11,0,1,7,7,7,9
syrtis-2071971-uef,46,10,0,1,5,5,7,9
syrtis-2071971-uef,47,8,0,1,2,4,7,9
syrtis-2071971-uef,48,7,0,1,2,4,7,10
syrtis-424242-aeon,1,0,0,0,0,0,0,0
syrtis-424242-aeon,2,1,0,0,0,0,0,0
syrtis-424242-aeon,3,4,0,0,0,0,0,0
syrtis-424242-aeon,4,7,0,0,0,0,0,0
syrtis-424242-aeon,5,9,0,0,0,0,0,0
syrtis-424242-aeon,6,11,0,0,0,0,0,0
syrtis-424242-aeon,7,16,0,0,0,0,0,0
syrtis-424242-aeon,8,18,0,0,0,0,0,0
syrtis-424242-aeon,9,19,0,0,0,0,0,0
syrtis-424242-aeon,10,19,0,0,0,1,0,0
syrtis-424242-aeon,11,19,0,0,0,2,2,0
syrtis-424242-aeon,12,20,0,2,0,2,3,0
syrtis-424242-aeon,13,22,0,2,0,3,4,0
syrtis-424242-aeon,14,20,0,3,0,4,6,0
syrtis-424242-aeon,15,20,0,3,0,3,6,0
syrtis-424242-aeon,16,18,0,3,0,4,6,0
syrtis-424242-aeon,17,16,0,3,0,4,6,0
syrtis-424242-aeon,18,15,0,3,0,4,6,0
syrtis-424242-aeon,19,13,0,3,0,4,7,0
syrtis-424242-aeon,20,14,0,3,0,4,7,0
syrtis-424242-aeon,21,13,0,3,0,4,9,0
syrtis-424242-aeon,22,12,0,3,0,4,11,0
syrtis-424242-aeon,23,14,0,3,0,3,11,0
syrtis-424242-aeon,24,14,0,4,0,3,11,0
syrtis-424242-aeon,25,12,0,4,0,3,11,0
syrtis-424242-aeon,26,12,0,7,0,3,11,0
syrtis-424242-aeon,27,12,0,7,0,3,11,0
syrtis-424242-aeon,28,12,0,7,0,3,11,0
syrtis-424242-aeon,29,13,0,7,0,3,11,0
syrtis-424242-aeon,30,13,0,6,0,3,11,0
syrtis-424242-aeon,31,12,0,6,0,3,11,0
syrtis-424242-aeon,32,12,0,6,0,3,11,0
syrtis-424242-aeon,33,11,0,6,0,3,11,0
syrtis-424242-aeon,34,9,0,6,0,3,11,0
syrtis-424242-aeon,35,8,0,6,0,3,11,0
syrtis-424242-aeon,36,8,0,6,0,3,11,0
syrtis-424242-aeon,37,10,0,6,0,3,11,2
syrtis-424242-aeon,38,10,0,6,0,3,11,3
syrtis-424242-aeon,39,8,0,5,0,3,11,5
syrtis-424242-aeon,40,8,0,5,0,3,11,5
syrtis-424242-aeon,41,9,0,5,0,3,11,6
syrtis-424242-aeon,42,9,0,5,0,3,11,6
syrtis-424242-sera,1,0,0,0,0,0,0,0
syrtis-424242-sera,2,1,0,0,0,0,0,0
syrtis-424242-sera,3,4,0,0,0,0,0,0
syrtis-424242-sera,4,6,0,0,0,0,0,0
syrtis-424242-sera,5,9,0,0,0,0,0,0
syrtis-424242-sera,6,11,0,0,0,0,0,0
syrtis-424242-sera,7,18,0,0,0,0,0,0
syrtis-424242-sera,8,19,0,0,0,0,0,0
syrtis-424242-sera,9,19,0,0,0,0,0,0
syrtis-424242-sera,10,21,0,0,0,0,0,0
syrtis-424242-sera,11,22,0,0,0,1,1,0
syrtis-424242-sera,12,21,0,0,0,1,3,0
syrtis-424242-sera,13,21,0,1,0,1,5,0
syrtis-424242-sera,14,21,0,2,0,1,8,0
syrtis-424242-sera,15,20,0,3,0,1,8,0
syrtis-424242-sera,16,21,0,3,0,1,8,0
syrtis-424242-sera,17,21,0,3,0,0,8,0
syrtis-424242-sera,18,19,0,3,0,0,8,0
syrtis-424242-sera,19,15,0,3,0,0,8,0
syrtis-424242-sera,20,16,0,3,0,0,8,0
syrtis-424242-sera,21,14,0,3,0,0,8,0
syrtis-424242-sera,22,13,0,3,0,0,8,0
syrtis-424242-sera,23,14,0,3,0,0,8,0
syrtis-424242-sera,24,14,0,3,0,0,8,0
syrtis-424242-sera,25,15,0,3,0,0,8,0
syrtis-424242-sera,26,17,0,3,0,0,8,0
syrtis-424242-sera,27,16,0,3,0,0,8,0
syrtis-424242-sera,28,16,0,3,0,0,8,0
syrtis-424242-sera,29,16,0,3,0,0,8,0
syrtis-424242-sera,30,14,0,3,0,0,8,0
syrtis-424242-sera,31,15,0,3,0,0,8,0
syrtis-424242-sera,32,14,0,3,0,0,8,0
syrtis-424242-sera,33,12,0,3,0,0,8,2
syrtis-424242-sera,34,12,0,3,0,0,9,4
syrtis-424242-sera,35,12,0,3,0,0,9,4
syrtis-424242-sera,36,10,0,3,1,0,10,6
syrtis-424242-sera,37,11,0,3,1,0,10,6
syrtis-424242-sera,38,13,0,3,2,0,11,6
syrtis-424242-sera,39,13,0,3,3,0,11,6
syrtis-424242-sera,40,13,0,3,3,0,11,6
syrtis-424242-sera,41,13,0,3,3,0,11,6
syrtis-424242-sera,42,11,0,3,3,0,11,6
syrtis-424242-sera,43,11,0,3,3,0,11,6
syrtis-424242-sera,44,11,0,3,3,0,11,6
syrtis-424242-sera,45,11,0,2,4,0,11,6
syrtis-424242-sera,46,12,0,2,4,0,11,6
syrtis-424242-uef,1,0,0,0,0,0,0,0
syrtis-424242-uef,2,1,0,0,0,0,0,0
syrtis-424242-uef,3,4,0,0,0,0,0,0
syrtis-424242-uef,4,7,0,0,0,0,0,0
syrtis-424242-uef,5,9,0,0,0,0,0,0
syrtis-424242-uef,6,11,0,0,0,0,0,0
syrtis-424242-uef,7,16,0,0,0,0,0,0
syrtis-424242-uef,8,21,0,0,0,0,0,0
syrtis-424242-uef,9,22,0,0,0,1,0,0
syrtis-424242-uef,10,22,0,0,0,2,1,0
syrtis-424242-uef,11,22,0,0,0,2,2,0
syrtis-424242-uef,12,26,0,0,0,2,3,0
syrtis-424242-uef,13,27,0,0,0,2,5,0
syrtis-424242-uef,14,25,0,0,0,2,6,0
syrtis-424242-uef,15,22,0,0,0,2,6,0
syrtis-424242-uef,16,21,0,2,0,2,6,0
syrtis-424242-uef,17,21,0,3,0,2,6,0
syrtis-424242-uef,18,20,0,3,0,3,6,0
syrtis-424242-uef,19,21,0,3,0,3,6,0
syrtis-424242-uef,20,20,0,3,0,3,6,0
syrtis-424242-uef,21,20,0,3,0,3,6,0
syrtis-424242-uef,22,19,0,3,0,1,6,0
syrtis-424242-uef,23,18,0,3,0,1,6,0
syrtis-424242-uef,24,19,0,3,0,1,6,0
syrtis-424242-uef,25,19,0,3,0,1,6,0
syrtis-424242-uef,26,21,0,3,0,1,6,0
syrtis-424242-uef,27,21,0,4,0,1,6,0
syrtis-424242-uef,28,20,0,5,0,1,6,0
syrtis-424242-uef,29,21,0,5,0,1,6,0
syrtis-424242-uef,30,22,0,5,0,1,6,1
syrtis-424242-uef,31,23,0,5,0,1,6,1
syrtis-424242-uef,32,24,0,6,0,1,6,1
syrtis-424242-uef,33,24,0,6,0,1,6,3
syrtis-424242-uef,34,25,0,7,0,1,6,3
syrtis-424242-uef,35,26,0,7,1,1,6,3
syrtis-424242-uef,36,27,0,7,1,1,6,4
syrtis-424242-uef,37,29,0,7,1,1,7,5
syrtis-424242-uef,38,29,0,7,2,1,6,6
syrtis-424242-uef,39,29,0,7,2,1,6,6
syrtis-424242-uef,40,29,0,7,3,1,6,6
syrtis-424242-uef,41,29,0,7,3,1,6,8
syrtis-424242-uef,42,30,0,7,3,1,6,8
syrtis-424242-uef,43,30,0,7,3,1,6,9
syrtis-424242-uef,44,29,0,7,3,1,6,9
syrtis-424242-uef,45,28,0,6,5,1,7,9
syrtis-424242-uef,46,29,0,6,5,1,7,9
syrtis-424242-uef,47,26,0,4,7,1,7,11
syrtis-8675309-aeon,1,0,0,0,0,0,0,0
syrtis-8675309-aeon,2,1,0,0,0,0,0,0
syrtis-8675309-aeon,3,4,0,0,0,0,0,0
syrtis-8675309-aeon,4,7,0,0,0,0,0,0
syrtis-8675309-aeon,5,8,0,0,0,0,0,0
syrtis-8675309-aeon,6,10,0,0,0,0,0,0
syrtis-8675309-aeon,7,15,0,0,0,0,0,0
syrtis-8675309-aeon,8,24,0,0,0,0,0,0
syrtis-8675309-aeon,9,25,0,0,0,1,0,0
syrtis-8675309-aeon,10,24,0,0,0,1,0,0
syrtis-8675309-aeon,11,25,0,0,0,3,0,0
syrtis-8675309-aeon,12,27,0,0,0,3,0,0
syrtis-8675309-aeon,13,28,0,0,0,4,0,0
syrtis-8675309-aeon,14,29,0,0,0,5,0,0
syrtis-8675309-aeon,15,29,0,0,0,5,0,0
syrtis-8675309-aeon,16,28,0,0,0,5,0,0
syrtis-8675309-aeon,17,27,0,0,0,5,0,0
syrtis-8675309-aeon,18,25,0,0,0,4,0,0
syrtis-8675309-aeon,19,23,0,0,0,4,0,0
syrtis-8675309-aeon,20,22,0,0,0,4,0,0
syrtis-8675309-aeon,21,21,0,0,0,4,0,0
syrtis-8675309-aeon,22,18,0,0,0,4,0,0
syrtis-8675309-aeon,23,19,0,0,0,5,0,0
syrtis-8675309-aeon,24,19,0,0,0,5,2,0
syrtis-8675309-aeon,25,20,0,1,0,5,5,0
syrtis-8675309-aeon,26,19,0,3,0,5,6,0
syrtis-8675309-aeon,27,20,0,4,0,5,7,0
syrtis-8675309-aeon,28,22,0,5,0,5,8,0
syrtis-8675309-aeon,29,23,0,5,0,5,8,0
syrtis-8675309-aeon,30,24,0,5,0,5,8,0
syrtis-8675309-aeon,31,26,0,5,0,5,8,0
syrtis-8675309-aeon,32,26,0,5,0,5,10,1
syrtis-8675309-aeon,33,29,0,5,0,5,10,1
syrtis-8675309-aeon,34,30,0,5,1,6,12,2
syrtis-8675309-aeon,35,30,0,5,1,6,12,3
syrtis-8675309-aeon,36,30,0,6,1,7,12,3
syrtis-8675309-aeon,37,32,0,6,1,8,13,3
syrtis-8675309-aeon,38,33,0,6,3,8,14,3
syrtis-8675309-aeon,39,34,0,8,4,8,15,3
syrtis-8675309-aeon,40,34,0,8,4,8,17,3
syrtis-8675309-aeon,41,31,0,8,4,8,19,3
syrtis-8675309-aeon,42,31,0,8,4,8,21,5
syrtis-8675309-aeon,43,28,0,8,5,8,23,6
syrtis-8675309-aeon,44,27,0,8,6,8,24,6
syrtis-8675309-aeon,45,27,0,9,6,8,25,6
syrtis-8675309-aeon,46,27,0,7,8,8,26,6
syrtis-8675309-aeon,47,25,0,7,8,8,26,7
syrtis-8675309-aeon,48,27,0,7,9,8,26,7
syrtis-8675309-aeon,49,27,0,7,9,8,26,9
syrtis-8675309-aeon,50,28,0,6,10,8,27,9
syrtis-8675309-aeon,51,29,0,6,10,8,27,10
syrtis-8675309-sera,1,0,0,0,0,0,0,0
syrtis-8675309-sera,2,1,0,0,0,0,0,0
syrtis-8675309-sera,3,4,0,0,0,0,0,0
syrtis-8675309-sera,4,6,0,0,0,0,0,0
syrtis-8675309-sera,5,7,0,0,0,0,0,0
syrtis-8675309-sera,6,10,0,0,0,0,0,0
syrtis-8675309-sera,7,16,0,0,0,0,0,0
syrtis-8675309-sera,8,19,0,0,0,1,0,0
syrtis-8675309-sera,9,21,0,0,0,1,0,0
syrtis-8675309-sera,10,22,0,0,0,3,0,0
syrtis-8675309-sera,11,21,0,0,0,5,0,0
syrtis-8675309-sera,12,23,0,0,0,5,0,0
syrtis-8675309-sera,13,26,0,0,0,5,0,0
syrtis-8675309-sera,14,24,0,0,0,5,2,0
syrtis-8675309-sera,15,21,0,1,0,5,3,0
syrtis-8675309-sera,16,20,0,2,0,5,3,0
syrtis-8675309-sera,17,19,0,3,0,5,5,0
syrtis-8675309-sera,18,19,0,3,0,5,6,0
syrtis-8675309-sera,19,19,0,3,0,5,6,0
syrtis-8675309-sera,20,19,0,4,0,5,6,0
syrtis-8675309-sera,21,22,0,4,0,5,6,0
syrtis-8675309-sera,22,20,0,4,0,6,6,0
syrtis-8675309-sera,23,19,0,4,0,6,6,0
syrtis-8675309-sera,24,16,0,4,0,6,6,0
syrtis-8675309-sera,25,16,0,4,0,7,6,2
syrtis-8675309-sera,26,15,0,4,0,6,6,3
syrtis-8675309-sera,27,16,0,4,0,6,6,4
syrtis-8675309-sera,28,15,0,4,0,6,6,5
syrtis-8675309-sera,29,18,0,4,2,6,6,6
syrtis-8675309-sera,30,17,0,4,2,6,6,6
syrtis-8675309-sera,31,16,0,4,2,6,6,6
syrtis-8675309-sera,32,17,0,5,2,6,6,6
syrtis-8675309-sera,33,17,0,5,3,6,6,6
syrtis-8675309-sera,34,17,0,3,6,6,6,6
syrtis-8675309-sera,35,17,0,2,7,6,6,6
syrtis-8675309-sera,36,17,0,2,7,6,6,6
syrtis-8675309-sera,37,15,0,2,7,6,6,6
syrtis-8675309-sera,38,15,0,2,7,6,6,6
syrtis-8675309-sera,39,14,0,1,7,6,6,6
syrtis-8675309-sera,40,14,0,1,7,6,6,6
syrtis-8675309-sera,41,14,0,1,7,6,6,6
syrtis-8675309-sera,42,14,0,1,7,6,6,6
syrtis-8675309-sera,43,14,0,1,7,6,6,6
syrtis-8675309-sera,44,13,0,0,8,6,6,6
syrtis-8675309-sera,45,12,0,0,8,6,6,7
syrtis-8675309-sera,46,12,0,0,8,6,6,7
syrtis-8675309-sera,47,14,0,0,8,6,7,7
syrtis-8675309-sera,48,14,0,0,8,6,7,7
syrtis-8675309-sera,49,13,0,0,8,6,7,7
syrtis-8675309-sera,50,12,0,0,8,6,7,7
syrtis-8675309-sera,51,12,0,0,8,6,7,7
syrtis-8675309-sera,52,13,0,0,8,6,9,8
syrtis-8675309-sera,53,14,0,0,8,6,9,8
syrtis-8675309-sera,54,14,0,0,8,4,9,9
syrtis-8675309-uef,1,0,0,0,0,0,0,0
syrtis-8675309-uef,2,1,0,0,0,0,0,0
syrtis-8675309-uef,3,4,0,0,0,0,0,0
syrtis-8675309-uef,4,6,0,0,0,0,0,0
syrtis-8675309-uef,5,10,0,0,0,0,0,0
syrtis-8675309-uef,6,12,0,0,0,0,0,0
syrtis-8675309-uef,7,17,0,0,0,0,0,0
syrtis-8675309-uef,8,20,0,0,0,0,0,0
syrtis-8675309-uef,9,21,0,0,0,1,0,0
syrtis-8675309-uef,10,20,0,0,0,3,0,0
syrtis-8675309-uef,11,21,0,0,0,4,0,0
syrtis-8675309-uef,12,23,0,0,0,5,0,0
syrtis-8675309-uef,13,25,0,0,0,5,0,0
syrtis-8675309-uef,14,24,0,0,0,6,0,0
syrtis-8675309-uef,15,26,0,0,0,7,0,0
syrtis-8675309-uef,16,26,0,0,0,7,0,0
syrtis-8675309-uef,17,24,0,0,0,7,0,0
syrtis-8675309-uef,18,24,0,0,0,6,0,0
syrtis-8675309-uef,19,24,0,0,0,6,0,0
syrtis-8675309-uef,20,23,0,0,0,6,0,0
syrtis-8675309-uef,21,23,0,0,0,6,1,0
syrtis-8675309-uef,22,22,0,0,0,6,2,0
syrtis-8675309-uef,23,21,0,0,0,6,2,0
syrtis-8675309-uef,24,19,0,1,0,7,4,0
syrtis-8675309-uef,25,19,0,3,0,7,6,0
syrtis-8675309-uef,26,17,0,3,0,7,8,0
syrtis-8675309-uef,27,15,0,4,0,5,10,0
syrtis-8675309-uef,28,15,0,4,0,5,10,0
syrtis-8675309-uef,29,12,0,4,0,5,12,1
syrtis-8675309-uef,30,12,0,5,0,5,12,3
syrtis-8675309-uef,31,11,0,6,0,5,12,5
syrtis-8675309-uef,32,13,0,6,0,5,12,6
syrtis-8675309-uef,33,13,0,6,1,5,12,6
syrtis-8675309-uef,34,10,0,6,2,5,12,6
syrtis-8675309-uef,35,10,0,6,2,5,12,6
syrtis-8675309-uef,36,10,0,6,3,5,12,6
syrtis-8675309-uef,37,10,0,6,3,5,12,6
syrtis-8675309-uef,38,10,0,6,2,5,12,6
syrtis-8675309-uef,39,10,0,6,2,6,12,6
syrtis-8675309-uef,40,10,0,3,5,6,12,6
syrtis-8675309-uef,41,11,0,3,7,7,12,6
syrtis-8675309-uef,42,11,0,3,7,7,12,6
syrtis-8675309-uef,43,11,0,3,7,7,12,7
syrtis-8675309-uef,44,11,0,3,7,7,12,7
syrtis-8675309-uef,45,13,0,3,7,7,12,7
syrtis-8675309-uef,46,15,0,3,7,7,12,8
syrtis-8675309-uef,47,15,0,3,7,7,12,8
syrtis-8675309-uef,48,15,0,3,7,7,12,9
syrtis-8675309-uef,49,15,0,3,8,7,12,9
syrtis-8675309-uef,50,11,0,3,8,7,12,9
syrtis-8675309-uef,51,10,0,3,8,7,12,9
syrtis-8675309-uef,52,10,0,3,8,7,12,9
syrtis-8675309-uef,53,10,0,3,8,7,12,9
syrtis-8675309-uef,54,10,0,3,8,7,12,9
syrtis-8675309-uef,55,10,0,3,8,7,12,9
